<?xml version="1.0"?>
<COLLADA xmlns="http://www.collada.org/2005/11/COLLADASchema" version="1.4.1">
	<asset>
		<contributor>
			<author>Assimp</author>
			<authoring_tool>Assimp Exporter</authoring_tool>
		</contributor>
		<created>2022-11-20T21:06:23</created>
		<modified>2022-11-20T21:06:23</modified>
		<unit name="meter" meter="1.000000" />
		<up_axis>Y_UP</up_axis>
	</asset>
	<library_effects>
		<effect id="T_smoke_alarm_1001-fx" name="T_smoke_alarm_1001">
			<profile_COMMON>
				<technique sid="standard">
					<phong>
						<diffuse>
							<color sid="diffuse">0.800000   0.800000   0.800000   1.000000</color>
						</diffuse>
					</phong>
				</technique>
			</profile_COMMON>
		</effect>
	</library_effects>
	<library_materials>
		<material id="T_smoke_alarm_1001" name="T_smoke_alarm_1001">
			<instance_effect url="#T_smoke_alarm_1001-fx"/>
		</material>
	</library_materials>
	<library_geometries>
		<geometry id="meshId0" name="meshId0_name" >
			<mesh>
				<source id="meshId0-positions" name="meshId0-positions">
					<float_array id="meshId0-positions-array" count="6831"> 
						0.175480 0.007056 -0.148780 0.172790 0.034370 -0.148780 0.172790 0.034370 -0.135542 0.175480 0.007056 -0.135542 -0.032570 0.163740 -0.114307 -0.034370 0.172790 -0.114307 -0.067419 0.162764 -0.114307 -0.063888 0.154240 -0.114307 -0.007056 0.175480 -0.148780 -0.034370 0.172790 -0.148780 -0.034370 0.172790 -0.135542 -0.007056 0.175480 -0.135542 -0.166297 -0.006152 -0.131663 -0.175480 -0.007056 -0.131663 -0.172790 -0.034370 -0.131663 -0.163740 -0.032570 -0.131663 0.180107 0.007284 -0.005616 0.177334 0.035274 -0.005616 0.177334 0.035274 -0.003046 0.180107 0.007284 -0.003046 -0.154240 0.063888 -0.131663 -0.162764 0.067419 -0.131663 -0.172790 0.034370 -0.131663 -0.163740 0.032570 -0.131663 -0.063888 0.154240 -0.107194 -0.067419 0.162764 -0.107194 -0.034370 0.172790 -0.107194 -0.032570 0.163740 -0.107194 -0.175480 0.007056 -0.131663 -0.166297 0.006152 -0.131663 -0.166297 0.006152 -0.131663 -0.175480 0.007056 -0.131663 -0.175480 0.007056 -0.122065 -0.166297 0.006152 -0.122065 -0.154240 -0.063888 -0.122065 -0.162764 -0.067419 -0.122065 -0.172790 -0.034370 -0.122065 -0.163740 -0.032570 -0.122065 -0.097878 0.146484 -0.114307 -0.092751 0.138812 -0.114307 -0.175480 0.007056 -0.103315 -0.175480 0.007056 -0.085958 -0.172790 0.034370 -0.085959 -0.172790 0.034370 -0.103315 -0.032570 0.163740 -0.122065 -0.034370 0.172790 -0.122065 -0.007056 0.175480 -0.122065 -0.006152 0.166297 -0.122065 -0.162764 -0.067419 -0.131663 -0.154240 -0.063888 -0.131663 -0.092751 0.138812 -0.107194 -0.097878 0.146484 -0.107194 0.006152 0.166297 -0.122065 0.007056 0.175480 -0.122065 0.034370 0.172790 -0.122065 0.032570 0.163740 -0.122065 -0.138812 -0.092751 -0.122065 -0.146484 -0.097878 -0.122065 -0.162764 -0.067419 -0.122065 -0.154240 -0.063888 -0.122065 -0.092751 0.138812 -0.114307 -0.097878 0.146484 -0.114307 -0.124575 0.124575 -0.114307 -0.118050 0.118050 -0.114307 
						0.163740 0.032570 -0.122065 0.172790 0.034370 -0.122065 0.175480 0.007056 -0.122065 0.166297 0.006152 -0.122065 -0.007056 -0.175480 -0.103315 -0.007056 -0.175480 -0.085958 -0.034370 -0.172790 -0.085958 -0.034370 -0.172790 -0.103315 -0.006152 0.166297 -0.114307 -0.007056 0.175480 -0.114307 -0.154240 -0.063888 -0.131663 -0.162764 -0.067419 -0.131663 -0.146484 -0.097878 -0.131663 -0.138812 -0.092751 -0.131663 -0.118050 0.118050 -0.107194 -0.124575 0.124575 -0.107194 -0.097878 0.146484 -0.107194 -0.092751 0.138812 -0.107194 0.166297 -0.006152 -0.122065 0.175480 -0.007056 -0.122065 0.172790 -0.034370 -0.122065 0.163740 -0.032570 -0.122065 0.032570 0.163740 -0.114307 0.034370 0.172790 -0.114307 0.007056 0.175480 -0.114307 0.006152 0.166297 -0.114307 -0.118050 -0.118050 -0.122065 -0.124575 -0.124575 -0.122065 -0.146484 0.097878 -0.114307 -0.138812 0.092751 -0.114307 0.175480 -0.007056 -0.103315 0.175480 -0.007056 -0.085958 0.172790 -0.034370 -0.085958 0.172790 -0.034370 -0.103315 0.032570 -0.163740 -0.122065 0.034370 -0.172790 -0.122065 0.007056 -0.175480 -0.122065 0.006152 -0.166297 -0.122065 0.006152 0.166297 -0.107194 0.007056 0.175480 -0.107194 0.034370 0.172790 -0.107194 0.032570 0.163740 -0.107194 -0.124575 -0.124575 -0.131663 -0.118050 -0.118050 -0.131663 -0.138812 0.092751 -0.107194 -0.146484 0.097878 -0.107194 -0.006152 -0.166297 -0.122065 -0.007056 -0.175480 -0.122065 -0.034370 -0.172790 -0.122065 -0.032570 -0.163740 -0.122065 -0.007056 0.175480 -0.107194 -0.006152 0.166297 -0.107194 -0.034677 0.174331 0.000000 -0.034370 0.172790 0.000000 -0.007056 0.175480 0.000000 -0.007134 0.177061 0.000000 -0.067419 0.162765 -0.148780 -0.067419 0.162765 -0.135542 0.147791 0.098751 -0.008663 0.146484 0.097878 -0.008663 0.124575 0.124575 -0.008663 0.125686 0.125686 -0.008663 -0.097878 0.146484 -0.148780 -0.097878 0.146484 -0.135542 
						-0.097878 0.146484 -0.148780 -0.124575 0.124575 -0.148780 -0.124575 0.124575 -0.135542 -0.097878 0.146484 -0.135542 0.177334 -0.035274 -0.005616 0.180107 -0.007284 -0.005616 0.180107 -0.007284 -0.003046 0.177334 -0.035274 -0.003046 -0.146484 0.097878 -0.148780 -0.146484 0.097878 -0.135542 0.097878 0.146484 -0.008663 0.098751 0.147791 -0.008663 -0.162764 0.067419 -0.148780 -0.162764 0.067419 -0.135542 -0.068021 0.164216 -0.008663 -0.067419 0.162764 -0.008663 -0.097878 0.146484 -0.008663 -0.098751 0.147791 -0.008663 -0.172790 0.034370 -0.148780 -0.172790 0.034370 -0.135542 0.100451 -0.150336 -0.005616 0.127850 -0.127850 -0.005616 0.127850 -0.127850 -0.003046 0.100451 -0.150336 -0.003046 -0.069192 0.167045 -0.005616 -0.100451 0.150336 -0.005616 -0.100451 0.150336 -0.003046 -0.069192 0.167045 -0.003046 -0.163740 0.032570 -0.122065 -0.172790 0.034370 -0.122065 -0.162764 0.067419 -0.122065 -0.154240 0.063888 -0.122065 -0.175480 0.007056 -0.148780 -0.175480 0.007056 -0.135542 -0.034677 -0.174331 0.000000 -0.034370 -0.172790 0.000000 -0.067419 -0.162764 0.000000 -0.068021 -0.164216 0.000000 -0.172790 -0.034370 -0.148780 -0.162764 -0.067419 -0.148780 -0.162764 -0.067419 -0.135542 -0.172790 -0.034370 -0.135542 0.068021 0.164216 -0.008663 0.067419 0.162764 -0.008663 0.034370 0.172790 -0.008663 0.034677 0.174331 -0.008663 -0.162764 -0.067419 -0.148780 -0.146484 -0.097878 -0.148780 -0.146484 -0.097878 -0.135542 -0.162764 -0.067419 -0.135542 -0.098751 0.147791 -0.008663 -0.097878 0.146484 -0.008663 -0.124575 0.124575 -0.008663 -0.125686 0.125686 -0.008663 -0.124575 -0.124575 -0.148780 -0.124575 -0.124575 -0.135542 -0.035274 -0.177334 -0.005616 -0.007284 -0.180107 -0.005616 -0.007284 -0.180107 -0.003046 -0.035274 -0.177334 -0.003046 -0.097878 -0.146484 -0.148780 -0.097878 -0.146484 -0.135542 0.177061 0.007134 0.000000 0.175480 0.007056 0.000000 
						0.175480 -0.007056 0.000000 0.177061 -0.007134 0.000000 -0.067419 -0.162764 -0.148780 -0.067419 -0.162764 -0.135542 -0.146484 0.097878 -0.008663 -0.147791 0.098751 -0.008663 -0.067419 -0.162764 -0.148780 -0.034370 -0.172790 -0.148780 -0.034370 -0.172790 -0.135542 -0.067419 -0.162764 -0.135542 0.150336 -0.100451 -0.005616 0.150336 -0.100451 -0.003046 -0.100451 0.150336 -0.005616 -0.127850 0.127850 -0.005616 -0.127850 0.127850 -0.003046 -0.100451 0.150336 -0.003046 -0.175480 -0.007056 -0.148780 -0.175480 -0.007056 -0.135542 -0.007056 -0.175480 -0.148780 -0.007056 -0.175480 -0.135542 -0.180107 -0.007284 -0.005616 -0.177334 -0.035274 -0.005616 -0.177334 -0.035274 -0.003046 -0.180107 -0.007284 -0.003046 0.034370 -0.172790 -0.148780 0.067419 -0.162764 -0.148780 0.067419 -0.162764 -0.135542 0.034370 -0.172790 -0.135542 0.007134 -0.177061 0.000000 0.007056 -0.175480 0.000000 -0.007056 -0.175480 0.000000 -0.007134 -0.177061 0.000000 0.097878 -0.146484 -0.148780 0.097878 -0.146484 -0.135542 -0.162764 0.067419 -0.008663 -0.164216 0.068021 -0.008663 0.097878 -0.146484 -0.148780 0.124575 -0.124575 -0.148780 0.124575 -0.124575 -0.135542 0.097878 -0.146484 -0.135542 -0.177334 0.035274 -0.005616 -0.180107 0.007284 -0.005616 -0.180107 0.007284 -0.003046 -0.177334 0.035274 -0.003046 0.146484 -0.097878 -0.148780 0.146484 -0.097878 -0.135542 -0.177061 -0.007134 0.000000 -0.175480 -0.007056 0.000000 -0.175480 0.007056 0.000000 -0.177061 0.007134 0.000000 0.162764 -0.067419 -0.148780 0.162764 -0.067419 -0.135542 0.007056 0.175480 -0.008663 0.007134 0.177061 -0.008663 0.172790 -0.034370 -0.148780 0.172790 -0.034370 -0.135542 0.172790 -0.034370 0.000000 0.174331 -0.034677 0.000000 -0.150336 0.100451 -0.005616 -0.150336 0.100451 -0.003046 0.007056 -0.175480 -0.148780 0.007056 -0.175480 -0.135542 0.175480 -0.007056 -0.148780 0.175480 -0.007056 -0.135542 
						0.007284 -0.180107 -0.003046 0.007284 -0.180107 -0.005616 0.162764 0.067419 -0.148780 0.162764 0.067419 -0.135542 -0.007284 0.180107 -0.005616 -0.035274 0.177334 -0.005616 -0.035274 0.177334 -0.003046 -0.007284 0.180107 -0.003046 0.146484 0.097878 -0.148780 0.146484 0.097878 -0.135542 -0.177061 -0.007134 -0.008663 -0.175480 -0.007056 -0.008663 -0.172790 -0.034370 -0.008663 -0.174331 -0.034677 -0.008663 0.146484 0.097878 -0.148780 0.124575 0.124575 -0.148780 0.124575 0.124575 -0.135542 0.146484 0.097878 -0.135542 -0.172790 0.034370 -0.008663 -0.174331 0.034677 -0.008663 0.097878 0.146484 -0.148780 0.097878 0.146484 -0.135542 0.035274 0.177334 -0.005616 0.007284 0.180107 -0.005616 0.007284 0.180107 -0.003046 0.035274 0.177334 -0.003046 0.067419 0.162765 -0.148780 0.067419 0.162765 -0.135542 -0.175480 0.007056 -0.008663 -0.177061 0.007134 -0.008663 0.034370 0.172790 -0.148780 0.034370 0.172790 -0.135542 0.167045 -0.069192 -0.005616 0.167045 -0.069192 -0.003046 -0.034370 0.172790 -0.103315 -0.034370 0.172790 -0.085958 -0.007056 0.175480 -0.085958 -0.007056 0.175480 -0.103315 -0.166297 -0.006152 -0.122065 -0.175480 -0.007056 -0.122065 -0.175480 -0.007056 -0.131663 -0.166297 -0.006152 -0.131663 0.007056 0.175480 -0.103315 0.007056 0.175480 -0.085958 0.034370 0.172790 -0.085958 0.034370 0.172790 -0.103315 -0.166297 -0.006152 -0.107194 -0.175480 -0.007056 -0.107194 -0.175480 -0.007056 -0.114307 -0.166297 -0.006152 -0.114307 -0.067419 0.162764 -0.103315 -0.067419 0.162764 -0.085959 -0.032570 -0.163740 -0.131663 -0.034370 -0.172790 -0.131663 -0.007056 -0.175480 -0.131663 -0.006152 -0.166297 -0.131663 -0.097878 0.146484 -0.103315 -0.097878 0.146484 -0.085959 -0.138812 0.092751 -0.131663 -0.146484 0.097878 -0.131663 -0.124575 0.124575 -0.103315 -0.124575 0.124575 -0.085958 -0.097878 0.146484 -0.085959 -0.097878 0.146484 -0.103315 
						-0.166297 0.006152 -0.114307 -0.175480 0.007056 -0.114307 -0.175480 0.007056 -0.107194 -0.166297 0.006152 -0.107194 -0.146484 0.097878 -0.103315 -0.146484 0.097878 -0.085959 0.006152 -0.166297 -0.131663 0.007056 -0.175480 -0.131663 0.034370 -0.172790 -0.131663 0.032570 -0.163740 -0.131663 -0.162764 0.067419 -0.103315 -0.162764 0.067419 -0.085958 -0.146484 0.097878 -0.122065 -0.138812 0.092751 -0.122065 0.163740 -0.032570 -0.131663 0.172790 -0.034370 -0.131663 0.175480 -0.007056 -0.131663 0.166297 -0.006152 -0.131663 -0.118050 0.118050 -0.131663 -0.124575 0.124575 -0.131663 0.166297 0.006152 -0.131663 0.175480 0.007056 -0.131663 0.172790 0.034370 -0.131663 0.163740 0.032570 -0.131663 -0.124575 0.124575 -0.122065 -0.118050 0.118050 -0.122065 -0.162764 -0.067419 -0.103315 -0.162764 -0.067419 -0.085958 -0.172790 -0.034370 -0.085958 -0.172790 -0.034370 -0.103315 0.067419 0.162764 -0.107194 0.063888 0.154240 -0.107194 -0.146484 -0.097878 -0.103315 -0.146484 -0.097878 -0.085958 -0.162764 -0.067419 -0.085958 -0.162764 -0.067419 -0.103315 -0.006152 0.166297 -0.131663 -0.007056 0.175480 -0.131663 -0.034370 0.172790 -0.131663 -0.032570 0.163740 -0.131663 -0.124575 -0.124575 -0.103315 -0.124575 -0.124575 -0.085958 -0.092751 0.138812 -0.131663 -0.097878 0.146484 -0.131663 -0.097878 -0.146484 -0.103315 -0.097878 -0.146484 -0.085958 0.063888 0.154240 -0.114307 0.067419 0.162764 -0.114307 -0.067419 -0.162764 -0.103315 -0.067419 -0.162764 -0.085958 0.032570 0.163740 -0.131663 0.034370 0.172790 -0.131663 0.007056 0.175480 -0.131663 0.006152 0.166297 -0.131663 -0.067419 -0.162764 -0.085958 -0.067419 -0.162764 -0.103315 -0.175480 -0.007056 -0.085958 -0.175480 -0.007056 -0.103315 -0.097878 0.146484 -0.122065 -0.092751 0.138812 -0.122065 -0.006152 0.166297 -0.122065 -0.007056 0.175480 -0.122065 -0.007056 0.175480 -0.131663 -0.006152 0.166297 -0.131663 
						0.097878 0.146484 -0.107194 0.092751 0.138812 -0.107194 -0.063888 0.154240 -0.131663 -0.067419 0.162765 -0.131663 -0.097878 0.146484 -0.131663 -0.092751 0.138812 -0.131663 0.067419 -0.162764 -0.103315 0.067419 -0.162764 -0.085958 0.034370 -0.172790 -0.085958 0.034370 -0.172790 -0.103315 0.092751 0.138812 -0.114307 0.097878 0.146484 -0.114307 0.097878 -0.146484 -0.103315 0.097878 -0.146484 -0.085958 -0.092751 0.138812 -0.122065 -0.097878 0.146484 -0.122065 -0.067419 0.162764 -0.122065 -0.063888 0.154240 -0.122065 0.124575 -0.124575 -0.103315 0.124575 -0.124575 -0.085958 0.097878 -0.146484 -0.085958 0.097878 -0.146484 -0.103315 0.006152 0.166297 -0.131663 0.007056 0.175480 -0.131663 0.007056 0.175480 -0.122065 0.006152 0.166297 -0.122065 0.146484 -0.097878 -0.103315 0.146484 -0.097878 -0.085958 0.124575 0.124575 -0.107194 0.118050 0.118050 -0.107194 0.162764 -0.067419 -0.103315 0.162764 -0.067419 -0.085958 0.006152 -0.166297 -0.107194 0.007056 -0.175480 -0.107194 0.007056 -0.175480 -0.114307 0.006152 -0.166297 -0.114307 0.007056 -0.175480 -0.085958 0.007056 -0.175480 -0.103315 0.118050 0.118050 -0.114307 0.124575 0.124575 -0.114307 -0.006152 -0.166297 -0.114307 -0.007056 -0.175480 -0.114307 -0.007056 -0.175480 -0.107194 -0.006152 -0.166297 -0.107194 0.162764 0.067419 -0.103315 0.162764 0.067419 -0.085958 0.172790 0.034370 -0.085959 0.172790 0.034370 -0.103315 0.146484 0.097878 -0.107194 0.138812 0.092751 -0.107194 0.146484 0.097878 -0.103315 0.146484 0.097878 -0.085959 0.138812 0.092751 -0.114307 0.146484 0.097878 -0.114307 0.124575 0.124575 -0.103315 0.124575 0.124575 -0.085958 0.146484 0.097878 -0.085959 0.146484 0.097878 -0.103315 0.138812 0.092751 -0.107194 0.146484 0.097878 -0.107194 0.162764 0.067419 -0.107194 0.154240 0.063888 -0.107194 0.097878 0.146484 -0.103315 0.097878 0.146484 -0.085959 
						0.154240 0.063888 -0.114307 0.162764 0.067419 -0.114307 0.146484 0.097878 -0.114307 0.138812 0.092751 -0.114307 0.067419 0.162764 -0.103315 0.067419 0.162764 -0.085959 0.172790 0.034370 -0.107194 0.163740 0.032570 -0.107194 0.063888 0.154240 -0.131663 0.067419 0.162765 -0.131663 0.175480 0.007056 -0.085958 0.175480 0.007056 -0.103315 -0.007056 0.175480 -0.122065 0.007056 0.175480 -0.122065 0.007056 0.175480 -0.131663 -0.007056 0.175480 -0.131663 -0.175480 0.007056 -0.131663 -0.175480 -0.007056 -0.131663 -0.175480 -0.007056 -0.122065 -0.175480 0.007056 -0.122065 -0.007056 -0.175480 -0.131663 0.007056 -0.175480 -0.131663 0.007056 -0.175480 -0.122065 -0.007056 -0.175480 -0.122065 0.175480 -0.007056 -0.131663 0.175480 0.007056 -0.131663 0.175480 0.007056 -0.122065 0.175480 -0.007056 -0.122065 0.007056 0.175480 -0.148780 0.007056 0.175480 -0.135542 0.007056 0.175480 -0.114307 -0.007056 0.175480 -0.114307 -0.007056 0.175480 -0.107194 0.007056 0.175480 -0.107194 -0.100147 0.149881 -0.085959 -0.097878 0.146484 -0.085959 -0.124575 0.124575 -0.085958 -0.127463 0.127463 -0.085958 -0.179579 0.007258 -0.085958 -0.175480 0.007056 -0.085958 -0.175480 -0.007056 -0.085958 -0.179579 -0.007258 -0.085958 0.175480 0.007056 -0.107194 0.175480 -0.007056 -0.107194 0.175480 -0.007056 -0.114307 0.175480 0.007056 -0.114307 -0.156228 0.104389 -0.155560 -0.146484 0.097878 -0.155560 -0.162764 0.067419 -0.155560 -0.173592 0.071904 -0.155560 -0.007258 0.179580 -0.044078 -0.007056 0.175480 -0.044078 0.007056 0.175480 -0.044078 0.007258 0.179580 -0.044078 0.007056 -0.175480 -0.107194 -0.007056 -0.175480 -0.107194 -0.007056 -0.175480 -0.114307 0.007056 -0.175480 -0.114307 -0.154559 0.103273 -0.080358 -0.171737 0.071136 -0.080358 -0.171737 0.071136 -0.049679 -0.154559 0.103273 -0.049679 -0.175480 -0.007056 -0.107194 -0.175480 0.007056 -0.107194 
						-0.175480 0.007056 -0.114307 -0.175480 -0.007056 -0.114307 0.173592 -0.071904 -0.148780 0.162764 -0.067419 -0.148780 0.146484 -0.097878 -0.148780 0.156228 -0.104389 -0.148780 -0.067419 0.162764 -0.118186 -0.067419 0.162764 -0.114307 -0.034370 0.172790 -0.114307 -0.034370 0.172790 -0.118186 -0.034370 0.172790 -0.107194 -0.067419 0.162764 -0.107194 -0.097878 0.146484 -0.118186 -0.097878 0.146484 -0.114307 -0.097878 0.146484 -0.107194 -0.124575 0.124575 -0.118186 -0.124575 0.124575 -0.114307 -0.097878 0.146484 -0.114307 -0.097878 0.146484 -0.118186 -0.097878 0.146484 -0.107194 -0.124575 0.124575 -0.107194 -0.146484 0.097878 -0.118186 -0.146484 0.097878 -0.114307 -0.146484 0.097878 -0.107194 -0.162764 0.067419 -0.118186 -0.162764 0.067419 -0.114307 -0.162764 0.067419 -0.107194 -0.172790 0.034370 -0.118186 -0.172790 0.034370 -0.114307 -0.172790 0.034370 -0.107194 -0.162764 -0.067419 -0.118186 -0.162764 -0.067419 -0.114307 -0.172790 -0.034370 -0.114307 -0.172790 -0.034370 -0.118186 -0.172790 -0.034370 -0.107194 -0.162764 -0.067419 -0.107194 -0.146484 -0.097878 -0.118186 -0.146484 -0.097878 -0.114307 -0.162764 -0.067419 -0.114307 -0.162764 -0.067419 -0.118186 -0.162764 -0.067419 -0.107194 -0.146484 -0.097878 -0.107194 -0.124575 -0.124575 -0.118186 -0.124575 -0.124575 -0.114307 -0.124575 -0.124575 -0.107194 -0.097878 -0.146484 -0.118186 -0.097878 -0.146484 -0.114307 -0.097878 -0.146484 -0.107194 -0.067419 -0.162764 -0.118186 -0.067419 -0.162764 -0.114307 -0.067419 -0.162764 -0.107194 -0.034370 -0.172790 -0.118186 -0.034370 -0.172790 -0.114307 -0.067419 -0.162764 -0.114307 -0.067419 -0.162764 -0.118186 -0.067419 -0.162764 -0.107194 -0.034370 -0.172790 -0.107194 0.067419 -0.162764 -0.118186 0.067419 -0.162764 -0.114307 0.034370 -0.172790 -0.114307 0.034370 -0.172790 -0.118186 0.034370 -0.172790 -0.107194 0.067419 -0.162764 -0.107194 0.097878 -0.146484 -0.118186 
						0.097878 -0.146484 -0.114307 0.097878 -0.146484 -0.107194 0.124575 -0.124575 -0.118186 0.124575 -0.124575 -0.114307 0.097878 -0.146484 -0.114307 0.097878 -0.146484 -0.118186 0.097878 -0.146484 -0.107194 0.124575 -0.124575 -0.107194 0.146484 -0.097878 -0.118186 0.146484 -0.097878 -0.114307 0.146484 -0.097878 -0.107194 0.162764 -0.067419 -0.118186 0.162764 -0.067419 -0.114307 0.162764 -0.067419 -0.107194 0.172790 -0.034370 -0.118186 0.172790 -0.034370 -0.114307 0.172790 -0.034370 -0.107194 0.162764 0.067419 -0.118186 0.162764 0.067419 -0.114307 0.172790 0.034370 -0.114307 0.172790 0.034370 -0.118186 0.172790 0.034370 -0.107194 0.162764 0.067419 -0.107194 0.146484 0.097878 -0.118186 0.146484 0.097878 -0.114307 0.146484 0.097878 -0.107194 0.124575 0.124575 -0.118186 0.124575 0.124575 -0.114307 0.146484 0.097878 -0.114307 0.146484 0.097878 -0.118186 0.146484 0.097878 -0.107194 0.124575 0.124575 -0.107194 0.097878 0.146484 -0.118186 0.097878 0.146484 -0.114307 0.097878 0.146484 -0.107194 0.067419 0.162764 -0.118186 0.067419 0.162764 -0.114307 0.067419 0.162764 -0.107194 0.034370 0.172790 -0.118186 0.034370 0.172790 -0.114307 0.034370 0.172790 -0.107194 -0.007056 0.175480 -0.118186 0.007056 0.175480 -0.118186 -0.175480 -0.007056 -0.118186 -0.175480 0.007056 -0.118186 0.007056 -0.175480 -0.118186 -0.007056 -0.175480 -0.118186 0.175480 0.007056 -0.118186 0.175480 -0.007056 -0.118186 0.175480 -0.007056 -0.118186 0.175480 -0.007056 -0.114307 -0.034370 0.172790 -0.122065 -0.067419 0.162764 -0.122065 -0.067419 0.162765 -0.131663 -0.034370 0.172790 -0.131663 -0.097878 0.146484 -0.122065 -0.097878 0.146484 -0.131663 -0.097878 0.146484 -0.122065 -0.124575 0.124575 -0.122065 -0.124575 0.124575 -0.131663 -0.097878 0.146484 -0.131663 -0.146484 0.097878 -0.122065 -0.146484 0.097878 -0.131663 -0.162764 0.067419 -0.122065 
						-0.162764 0.067419 -0.131663 -0.172790 0.034370 -0.122065 -0.172790 0.034370 -0.131663 -0.172790 -0.034370 -0.122065 -0.162764 -0.067419 -0.122065 -0.162764 -0.067419 -0.131663 -0.172790 -0.034370 -0.131663 -0.162764 -0.067419 -0.122065 -0.146484 -0.097878 -0.122065 -0.146484 -0.097878 -0.131663 -0.162764 -0.067419 -0.131663 -0.124575 -0.124575 -0.122065 -0.124575 -0.124575 -0.131663 -0.097878 -0.146484 -0.122065 -0.097878 -0.146484 -0.131663 -0.067419 -0.162764 -0.122065 -0.067419 -0.162764 -0.131663 -0.067419 -0.162764 -0.122065 -0.034370 -0.172790 -0.122065 -0.034370 -0.172790 -0.131663 -0.067419 -0.162764 -0.131663 0.034370 -0.172790 -0.122065 0.067419 -0.162764 -0.122065 0.067419 -0.162764 -0.131663 0.034370 -0.172790 -0.131663 0.097878 -0.146484 -0.122065 0.097878 -0.146484 -0.131663 0.097878 -0.146484 -0.122065 0.124575 -0.124575 -0.122065 0.124575 -0.124575 -0.131663 0.097878 -0.146484 -0.131663 0.146484 -0.097878 -0.122065 0.146484 -0.097878 -0.131663 0.162764 -0.067419 -0.122065 0.162764 -0.067419 -0.131663 0.172790 -0.034370 -0.122065 0.172790 -0.034370 -0.131663 0.172790 0.034370 -0.122065 0.162764 0.067419 -0.122065 0.162764 0.067419 -0.131663 0.172790 0.034370 -0.131663 0.146484 0.097878 -0.122065 0.146484 0.097878 -0.131663 0.146484 0.097878 -0.122065 0.124575 0.124575 -0.122065 0.124575 0.124575 -0.131663 0.146484 0.097878 -0.131663 0.097878 0.146484 -0.122065 0.097878 0.146484 -0.131663 0.067419 0.162764 -0.122065 0.067419 0.162765 -0.131663 0.034370 0.172790 -0.122065 0.034370 0.172790 -0.131663 0.175480 -0.007056 -0.122065 0.063888 0.154240 -0.114307 0.032570 0.163740 -0.114307 0.032570 0.163740 -0.107194 0.063888 0.154240 -0.107194 0.092751 0.138812 -0.114307 0.092751 0.138812 -0.107194 0.118050 0.118050 -0.114307 0.118050 0.118050 -0.107194 0.138812 0.092751 -0.114307 0.138812 0.092751 -0.107194 
						0.154240 0.063888 -0.114307 0.138812 0.092751 -0.114307 0.138812 0.092751 -0.107194 0.154240 0.063888 -0.107194 0.163740 0.032570 -0.114307 0.163740 0.032570 -0.107194 0.163740 0.032570 -0.131663 0.163740 0.032570 -0.122065 0.166297 0.006152 -0.122065 0.166297 0.006152 -0.131663 0.154240 -0.063888 -0.114307 0.163740 -0.032570 -0.114307 0.163740 -0.032570 -0.107194 0.154240 -0.063888 -0.107194 0.138812 -0.092751 -0.114307 0.138812 -0.092751 -0.107194 0.118050 -0.118050 -0.114307 0.118050 -0.118050 -0.107194 0.092751 -0.138812 -0.114307 0.092751 -0.138812 -0.107194 0.063888 -0.154240 -0.114307 0.092751 -0.138812 -0.114307 0.092751 -0.138812 -0.107194 0.063888 -0.154240 -0.107194 0.032570 -0.163740 -0.114307 0.032570 -0.163740 -0.107194 0.032570 -0.163740 -0.131663 0.032570 -0.163740 -0.122065 0.006152 -0.166297 -0.122065 0.006152 -0.166297 -0.131663 -0.063888 -0.154240 -0.114307 -0.032570 -0.163740 -0.114307 -0.032570 -0.163740 -0.107194 -0.063888 -0.154240 -0.107194 -0.092751 -0.138812 -0.114307 -0.063888 -0.154240 -0.114307 -0.063888 -0.154240 -0.107194 -0.092751 -0.138812 -0.107194 -0.118050 -0.118050 -0.114307 -0.118050 -0.118050 -0.107194 -0.138812 -0.092751 -0.114307 -0.138812 -0.092751 -0.107194 -0.154240 -0.063888 -0.114307 -0.154240 -0.063888 -0.107194 -0.163740 -0.032570 -0.114307 -0.154240 -0.063888 -0.114307 -0.154240 -0.063888 -0.107194 -0.163740 -0.032570 -0.107194 -0.163740 -0.032570 -0.131663 -0.163740 -0.032570 -0.122065 -0.166297 -0.006152 -0.122065 -0.166297 -0.006152 -0.131663 -0.154240 0.063888 -0.114307 -0.163740 0.032570 -0.114307 -0.163740 0.032570 -0.107194 -0.154240 0.063888 -0.107194 -0.138812 0.092751 -0.114307 -0.138812 0.092751 -0.107194 -0.118050 0.118050 -0.114307 -0.118050 0.118050 -0.107194 -0.092751 0.138812 -0.114307 -0.092751 0.138812 -0.107194 -0.063888 0.154240 -0.114307 -0.092751 0.138812 -0.114307 
						-0.092751 0.138812 -0.107194 -0.063888 0.154240 -0.107194 -0.032570 0.163740 -0.114307 -0.032570 0.163740 -0.107194 -0.006152 0.166297 -0.114307 -0.006152 0.166297 -0.107194 -0.032570 0.163740 -0.131663 -0.032570 0.163740 -0.122065 -0.006152 0.166297 -0.122065 -0.006152 0.166297 -0.131663 0.006152 0.166297 -0.131663 0.006152 0.166297 -0.122065 0.032570 0.163740 -0.122065 0.032570 0.163740 -0.131663 -0.063888 0.154240 -0.131663 -0.063888 0.154240 -0.122065 -0.092751 0.138812 -0.131663 -0.092751 0.138812 -0.122065 -0.118050 0.118050 -0.131663 -0.118050 0.118050 -0.122065 -0.092751 0.138812 -0.122065 -0.092751 0.138812 -0.131663 -0.138812 0.092751 -0.131663 -0.138812 0.092751 -0.122065 -0.154240 0.063888 -0.131663 -0.154240 0.063888 -0.122065 -0.163740 0.032570 -0.131663 -0.163740 0.032570 -0.122065 -0.166297 0.006152 -0.114307 -0.166297 0.006152 -0.107194 -0.166297 0.006152 -0.131663 -0.166297 0.006152 -0.122065 -0.166297 -0.006152 -0.114307 -0.166297 -0.006152 -0.107194 -0.154240 -0.063888 -0.131663 -0.154240 -0.063888 -0.122065 -0.138812 -0.092751 -0.131663 -0.138812 -0.092751 -0.122065 -0.154240 -0.063888 -0.122065 -0.154240 -0.063888 -0.131663 -0.118050 -0.118050 -0.131663 -0.118050 -0.118050 -0.122065 -0.092751 -0.138812 -0.131663 -0.092751 -0.138812 -0.122065 -0.063888 -0.154240 -0.131663 -0.063888 -0.154240 -0.122065 -0.032570 -0.163740 -0.131663 -0.032570 -0.163740 -0.122065 -0.063888 -0.154240 -0.122065 -0.063888 -0.154240 -0.131663 -0.006152 -0.166297 -0.114307 -0.006152 -0.166297 -0.107194 -0.006152 -0.166297 -0.131663 -0.006152 -0.166297 -0.122065 0.006152 -0.166297 -0.114307 0.006152 -0.166297 -0.107194 0.063888 -0.154240 -0.131663 0.063888 -0.154240 -0.122065 0.092751 -0.138812 -0.131663 0.092751 -0.138812 -0.122065 0.118050 -0.118050 -0.131663 0.118050 -0.118050 -0.122065 0.092751 -0.138812 -0.122065 0.092751 -0.138812 -0.131663 
						0.138812 -0.092751 -0.131663 0.138812 -0.092751 -0.122065 0.154240 -0.063888 -0.131663 0.154240 -0.063888 -0.122065 0.163740 -0.032570 -0.131663 0.163740 -0.032570 -0.122065 0.166297 -0.006152 -0.114307 0.166297 -0.006152 -0.107194 0.166297 -0.006152 -0.131663 0.166297 -0.006152 -0.122065 0.166297 0.006152 -0.114307 0.166297 0.006152 -0.107194 0.154240 0.063888 -0.131663 0.154240 0.063888 -0.122065 0.138812 0.092751 -0.131663 0.138812 0.092751 -0.122065 0.118050 0.118050 -0.131663 0.118050 0.118050 -0.122065 0.138812 0.092751 -0.122065 0.138812 0.092751 -0.131663 0.092751 0.138812 -0.131663 0.092751 0.138812 -0.122065 0.063888 0.154240 -0.131663 0.063888 0.154240 -0.122065 0.006152 0.166297 -0.114307 0.006152 0.166297 -0.107194 0.006152 -0.166297 -0.122065 0.007056 -0.175480 -0.122065 0.007056 -0.175480 -0.131663 0.006152 -0.166297 -0.131663 -0.092751 -0.138812 -0.122065 -0.097878 -0.146484 -0.122065 -0.162764 0.067419 -0.114307 -0.154240 0.063888 -0.114307 -0.175480 -0.007056 -0.122065 -0.166297 -0.006152 -0.122065 0.175480 0.007056 -0.107194 0.166297 0.006152 -0.107194 -0.097878 -0.146484 -0.131663 -0.092751 -0.138812 -0.131663 -0.154240 0.063888 -0.107194 -0.162764 0.067419 -0.107194 -0.166297 0.006152 -0.122065 -0.175480 0.007056 -0.122065 0.166297 0.006152 -0.114307 0.175480 0.007056 -0.114307 0.172790 0.034370 -0.114307 0.163740 0.032570 -0.114307 -0.063888 -0.154240 -0.122065 -0.067419 -0.162764 -0.122065 -0.006152 -0.166297 -0.131663 -0.007056 -0.175480 -0.131663 -0.007056 -0.175480 -0.122065 -0.006152 -0.166297 -0.122065 -0.172790 0.034370 -0.114307 -0.163740 0.032570 -0.114307 0.166297 -0.006152 -0.107194 0.175480 -0.007056 -0.107194 0.172790 -0.034370 -0.107194 0.163740 -0.032570 -0.107194 -0.067419 -0.162764 -0.131663 -0.063888 -0.154240 -0.131663 -0.163740 0.032570 -0.107194 -0.172790 0.034370 -0.107194 
						0.163740 -0.032570 -0.114307 0.172790 -0.034370 -0.114307 0.175480 -0.007056 -0.114307 0.166297 -0.006152 -0.114307 -0.067419 -0.162764 -0.122065 -0.063888 -0.154240 -0.122065 -0.163740 -0.032570 -0.114307 -0.172790 -0.034370 -0.114307 -0.162764 -0.067419 -0.114307 -0.154240 -0.063888 -0.114307 0.032570 -0.163740 -0.107194 0.034370 -0.172790 -0.107194 0.007056 -0.175480 -0.107194 0.006152 -0.166297 -0.107194 -0.063888 -0.154240 -0.131663 -0.067419 -0.162764 -0.131663 -0.154240 -0.063888 -0.107194 -0.162764 -0.067419 -0.107194 -0.172790 -0.034370 -0.107194 -0.163740 -0.032570 -0.107194 0.006152 -0.166297 -0.114307 0.007056 -0.175480 -0.114307 0.034370 -0.172790 -0.114307 0.032570 -0.163740 -0.114307 0.063888 -0.154240 -0.122065 0.067419 -0.162764 -0.122065 -0.154240 -0.063888 -0.114307 -0.162764 -0.067419 -0.114307 -0.146484 -0.097878 -0.114307 -0.138812 -0.092751 -0.114307 -0.006152 -0.166297 -0.107194 -0.007056 -0.175480 -0.107194 -0.034370 -0.172790 -0.107194 -0.032570 -0.163740 -0.107194 0.067419 -0.162764 -0.131663 0.063888 -0.154240 -0.131663 -0.138812 -0.092751 -0.107194 -0.146484 -0.097878 -0.107194 -0.162764 -0.067419 -0.107194 -0.154240 -0.063888 -0.107194 -0.032570 -0.163740 -0.114307 -0.034370 -0.172790 -0.114307 -0.007056 -0.175480 -0.114307 -0.006152 -0.166297 -0.114307 0.092751 -0.138812 -0.122065 0.097878 -0.146484 -0.122065 0.166297 0.006152 -0.122065 0.175480 0.007056 -0.122065 0.175480 0.007056 -0.131663 0.166297 0.006152 -0.131663 -0.124575 -0.124575 -0.114307 -0.118050 -0.118050 -0.114307 -0.175480 -0.007056 -0.107194 -0.166297 -0.006152 -0.107194 0.097878 -0.146484 -0.131663 0.092751 -0.138812 -0.131663 -0.118050 -0.118050 -0.107194 -0.124575 -0.124575 -0.107194 -0.166297 -0.006152 -0.114307 -0.175480 -0.007056 -0.114307 0.118050 -0.118050 -0.122065 0.124575 -0.124575 -0.122065 0.097878 -0.146484 -0.122065 0.092751 -0.138812 -0.122065 
						0.166297 -0.006152 -0.131663 0.175480 -0.007056 -0.131663 0.175480 -0.007056 -0.122065 0.166297 -0.006152 -0.122065 -0.097878 -0.146484 -0.114307 -0.092751 -0.138812 -0.114307 -0.166297 0.006152 -0.107194 -0.175480 0.007056 -0.107194 0.092751 -0.138812 -0.131663 0.097878 -0.146484 -0.131663 0.124575 -0.124575 -0.131663 0.118050 -0.118050 -0.131663 -0.092751 -0.138812 -0.107194 -0.097878 -0.146484 -0.107194 -0.175480 0.007056 -0.114307 -0.166297 0.006152 -0.114307 0.138812 -0.092751 -0.122065 0.146484 -0.097878 -0.122065 -0.067419 -0.162764 -0.114307 -0.063888 -0.154240 -0.114307 0.146484 -0.097878 -0.131663 0.138812 -0.092751 -0.131663 -0.063888 -0.154240 -0.107194 -0.067419 -0.162764 -0.107194 0.154240 -0.063888 -0.122065 0.162764 -0.067419 -0.122065 -0.063888 -0.154240 -0.114307 -0.067419 -0.162764 -0.114307 0.162764 -0.067419 -0.131663 0.154240 -0.063888 -0.131663 -0.067419 -0.162764 -0.107194 -0.063888 -0.154240 -0.107194 0.067419 -0.162764 -0.114307 0.063888 -0.154240 -0.114307 0.063888 -0.154240 -0.107194 0.067419 -0.162764 -0.107194 0.154240 0.063888 -0.122065 0.162764 0.067419 -0.122065 -0.006152 0.166297 -0.107194 -0.007056 0.175480 -0.107194 -0.007056 0.175480 -0.114307 -0.006152 0.166297 -0.114307 0.097878 -0.146484 -0.114307 0.092751 -0.138812 -0.114307 0.162764 0.067419 -0.131663 0.154240 0.063888 -0.131663 0.006152 0.166297 -0.114307 0.007056 0.175480 -0.114307 0.007056 0.175480 -0.107194 0.006152 0.166297 -0.107194 0.092751 -0.138812 -0.107194 0.097878 -0.146484 -0.107194 0.138812 0.092751 -0.122065 0.146484 0.097878 -0.122065 0.092751 -0.138812 -0.114307 0.097878 -0.146484 -0.114307 0.124575 -0.124575 -0.114307 0.118050 -0.118050 -0.114307 0.146484 0.097878 -0.131663 0.138812 0.092751 -0.131663 0.118050 -0.118050 -0.107194 0.124575 -0.124575 -0.107194 0.097878 -0.146484 -0.107194 0.092751 -0.138812 -0.107194 
						0.118050 0.118050 -0.122065 0.124575 0.124575 -0.122065 0.146484 0.097878 -0.122065 0.138812 0.092751 -0.122065 0.146484 -0.097878 -0.114307 0.138812 -0.092751 -0.114307 0.138812 0.092751 -0.131663 0.146484 0.097878 -0.131663 0.124575 0.124575 -0.131663 0.118050 0.118050 -0.131663 0.138812 -0.092751 -0.107194 0.146484 -0.097878 -0.107194 0.092751 0.138812 -0.122065 0.097878 0.146484 -0.122065 0.162764 -0.067419 -0.114307 0.154240 -0.063888 -0.114307 0.097878 0.146484 -0.131663 0.092751 0.138812 -0.131663 0.154240 -0.063888 -0.107194 0.162764 -0.067419 -0.107194 0.063888 0.154240 -0.122065 0.067419 0.162764 -0.122065 0.166297 -0.006152 -0.114307 0.175480 -0.007056 -0.114307 0.175480 -0.007056 -0.107194 0.166297 -0.006152 -0.107194 0.166297 0.006152 -0.107194 0.175480 0.007056 -0.107194 0.175480 0.007056 -0.114307 0.166297 0.006152 -0.114307 -0.175480 -0.007056 -0.019903 -0.175480 0.007056 -0.019903 -0.175480 0.007056 -0.044078 -0.175480 -0.007056 -0.044078 0.007056 -0.175480 -0.019903 -0.007056 -0.175480 -0.019903 -0.007056 -0.175480 -0.044078 0.007056 -0.175480 -0.044078 0.175480 0.007056 -0.019903 0.175480 -0.007056 -0.019903 0.175480 -0.007056 -0.044078 0.175480 0.007056 -0.044078 -0.007056 0.175480 -0.019903 0.007056 0.175480 -0.019903 0.007056 0.175480 -0.044078 -0.007056 0.175480 -0.044078 -0.154559 -0.103273 -0.080358 -0.131442 -0.131442 -0.080358 -0.131442 -0.131442 -0.049679 -0.154559 -0.103273 -0.049679 0.149881 -0.100147 -0.044078 0.146484 -0.097878 -0.044078 0.124575 -0.124575 -0.044078 0.127463 -0.127463 -0.044078 0.071136 -0.171737 -0.080358 0.103273 -0.154559 -0.080358 0.103273 -0.154559 -0.049679 0.071136 -0.171737 -0.049679 0.166539 -0.068983 -0.044078 0.162764 -0.067419 -0.044078 0.179579 -0.007258 -0.044078 0.175480 -0.007056 -0.044078 0.172790 -0.034370 -0.044078 0.176796 -0.035167 -0.044078 
						0.154559 -0.103273 -0.080358 0.171737 -0.071136 -0.080358 0.171737 -0.071136 -0.049679 0.154559 -0.103273 -0.049679 0.154559 0.103273 -0.080358 0.131442 0.131442 -0.080358 0.131442 0.131442 -0.049679 0.154559 0.103273 -0.049679 0.176796 0.035167 -0.044078 0.172790 0.034370 -0.044078 0.175480 0.007056 -0.044078 0.179579 0.007258 -0.044078 0.068983 0.166539 -0.044078 0.067419 0.162764 -0.044078 0.097878 0.146484 -0.044078 0.100147 0.149881 -0.044078 0.166539 0.068983 -0.044078 0.162764 0.067419 -0.044078 -0.131442 0.131442 -0.080358 -0.131442 0.131442 -0.049679 -0.185180 -0.007533 -0.080358 -0.182315 -0.036265 -0.080358 -0.182315 -0.036265 -0.049679 -0.185180 -0.007533 -0.049679 0.149881 0.100147 -0.044078 0.146484 0.097878 -0.044078 -0.007533 0.185180 -0.049679 0.007533 0.185180 -0.049679 0.007533 0.185180 -0.080358 -0.007533 0.185180 -0.080358 0.127463 0.127463 -0.044078 0.124575 0.124575 -0.044078 0.146484 0.097878 -0.044078 0.149881 0.100147 -0.044078 -0.068983 0.166539 -0.044078 -0.067419 0.162764 -0.044078 -0.034370 0.172790 -0.044078 -0.035167 0.176796 -0.044078 0.007533 -0.185180 -0.049679 -0.007533 -0.185180 -0.049679 -0.007533 -0.185180 -0.080358 0.007533 -0.185180 -0.080358 0.036265 0.182315 -0.080358 0.036265 0.182315 -0.049679 -0.071136 -0.171737 -0.080358 -0.036265 -0.182315 -0.080358 -0.036265 -0.182315 -0.049679 -0.071136 -0.171737 -0.049679 -0.100147 0.149881 -0.044078 -0.097878 0.146484 -0.044078 0.131442 -0.131442 -0.080358 0.131442 -0.131442 -0.049679 0.185180 0.007533 -0.080358 0.182315 0.036265 -0.080358 0.182315 0.036265 -0.049679 0.185180 0.007533 -0.049679 0.035167 0.176796 -0.044078 0.034370 0.172790 -0.044078 -0.127463 0.127463 -0.044078 -0.124575 0.124575 -0.044078 -0.097878 0.146484 -0.044078 -0.100147 0.149881 -0.044078 -0.149881 0.100147 -0.044078 -0.146484 0.097878 -0.044078 
						0.071136 0.171737 -0.080358 0.071136 0.171737 -0.049679 0.007258 -0.179579 -0.044078 0.007056 -0.175480 -0.044078 -0.007056 -0.175480 -0.044078 -0.007258 -0.179579 -0.044078 -0.166539 0.068983 -0.044078 -0.162764 0.067419 -0.044078 0.007258 0.179579 -0.085958 0.007056 0.175480 -0.085958 -0.007056 0.175480 -0.085958 -0.007258 0.179579 -0.085958 0.179579 -0.007258 -0.085958 0.175480 -0.007056 -0.085958 0.175480 0.007056 -0.085958 0.179579 0.007258 -0.085958 0.185180 -0.007533 -0.049679 0.185180 -0.007533 -0.080358 -0.007258 -0.179579 -0.085958 -0.007056 -0.175480 -0.085958 0.007056 -0.175480 -0.085958 0.007258 -0.179579 -0.085958 0.068983 0.166539 -0.085958 0.067419 0.162764 -0.085959 0.034370 0.172790 -0.085958 0.035167 0.176796 -0.085958 0.100147 0.149881 -0.085959 0.097878 0.146484 -0.085959 0.127463 0.127463 -0.085958 0.124575 0.124575 -0.085958 0.171737 0.071136 -0.080358 0.171737 0.071136 -0.049679 0.166539 0.068983 -0.085958 0.162764 0.067419 -0.085958 0.146484 0.097878 -0.085959 0.149881 0.100147 -0.085958 0.176796 -0.035167 -0.085958 0.172790 -0.034370 -0.085958 0.172790 0.034370 -0.085959 0.176796 0.035167 -0.085959 0.182315 -0.036265 -0.080358 0.182315 -0.036265 -0.049679 0.166539 -0.068983 -0.085958 0.162764 -0.067419 -0.085958 0.149881 -0.100147 -0.085958 0.146484 -0.097878 -0.085958 0.127463 -0.127463 -0.085958 0.124575 -0.124575 -0.085958 0.036265 -0.182315 -0.080358 0.036265 -0.182315 -0.049679 0.068983 -0.166539 -0.085958 0.067419 -0.162764 -0.085958 0.097878 -0.146484 -0.085958 0.100147 -0.149881 -0.085958 0.034370 -0.172790 -0.085958 0.035167 -0.176796 -0.085958 -0.035167 -0.176796 -0.085958 -0.034370 -0.172790 -0.085958 -0.068983 -0.166539 -0.085958 -0.067419 -0.162764 -0.085958 -0.100147 -0.149881 -0.085958 -0.097878 -0.146484 -0.085958 -0.067419 -0.162764 -0.085958 -0.068983 -0.166539 -0.085958 
						-0.127463 -0.127463 -0.085958 -0.124575 -0.124575 -0.085958 -0.171737 -0.071136 -0.080358 -0.171737 -0.071136 -0.049679 -0.166539 -0.068983 -0.085958 -0.162764 -0.067419 -0.085958 -0.146484 -0.097878 -0.085958 -0.149881 -0.100147 -0.085958 -0.176796 0.035167 -0.085959 -0.172790 0.034370 -0.085959 -0.172790 -0.034370 -0.085958 -0.176796 -0.035167 -0.085958 -0.182315 0.036265 -0.080358 -0.185180 0.007533 -0.080358 -0.185180 0.007533 -0.049679 -0.182315 0.036265 -0.049679 -0.166539 0.068983 -0.085958 -0.162764 0.067419 -0.085958 -0.149881 0.100147 -0.085958 -0.146484 0.097878 -0.085959 -0.036265 0.182315 -0.080358 -0.071136 0.171737 -0.080358 -0.071136 0.171737 -0.049679 -0.036265 0.182315 -0.049679 -0.068983 0.166539 -0.085958 -0.067419 0.162764 -0.085959 -0.097878 0.146484 -0.085959 -0.100147 0.149881 -0.085959 -0.034370 0.172790 -0.085958 -0.035167 0.176796 -0.085958 0.097878 -0.146484 -0.044078 0.100147 -0.149881 -0.044078 0.100147 -0.149881 -0.044078 0.097878 -0.146484 -0.044078 0.067419 -0.162764 -0.044078 0.068983 -0.166539 -0.044078 -0.103273 0.154559 -0.080358 -0.103273 0.154559 -0.049679 0.034370 -0.172790 -0.044078 0.035167 -0.176796 -0.044078 0.103273 0.154559 -0.080358 0.103273 0.154559 -0.049679 0.149881 0.100147 -0.085958 0.146484 0.097878 -0.085959 -0.035167 -0.176796 -0.044078 -0.034370 -0.172790 -0.044078 -0.067419 -0.162764 -0.044078 -0.068983 -0.166539 -0.044078 -0.103273 -0.154559 -0.080358 -0.103273 -0.154559 -0.049679 -0.068983 -0.166539 -0.044078 -0.067419 -0.162764 -0.044078 -0.097878 -0.146484 -0.044078 -0.100147 -0.149881 -0.044078 -0.124575 -0.124575 -0.044078 -0.127463 -0.127463 -0.044078 0.100147 -0.149881 -0.085958 0.097878 -0.146484 -0.085958 -0.146484 -0.097878 -0.044078 -0.149881 -0.100147 -0.044078 -0.162764 -0.067419 -0.044078 -0.166539 -0.068983 -0.044078 -0.166539 -0.068983 -0.044078 -0.162764 -0.067419 -0.044078 
						-0.172790 -0.034370 -0.044078 -0.176796 -0.035167 -0.044078 0.154559 0.103273 -0.080358 0.154559 0.103273 -0.049679 0.103273 -0.154559 -0.080358 0.103273 -0.154559 -0.049679 -0.175480 -0.007056 -0.044078 -0.179579 -0.007258 -0.044078 -0.071136 -0.171737 -0.080358 -0.071136 -0.171737 -0.049679 -0.176796 0.035167 -0.044078 -0.172790 0.034370 -0.044078 -0.162764 -0.067419 -0.085958 -0.166539 -0.068983 -0.085958 -0.179579 0.007258 -0.044078 -0.175480 0.007056 -0.044078 -0.171737 -0.071136 -0.080358 -0.171737 -0.071136 -0.049679 -0.103273 0.154559 -0.080358 -0.103273 0.154559 -0.049679 -0.070847 0.171041 -0.083158 -0.036118 0.181576 -0.083158 -0.070059 0.169138 -0.085208 -0.035716 0.179556 -0.085208 -0.102854 0.153933 -0.083158 -0.101710 0.152220 -0.085208 -0.130909 0.130909 -0.083158 -0.102854 0.153933 -0.083158 -0.129453 0.129453 -0.085208 -0.101710 0.152220 -0.085208 -0.153933 0.102854 -0.083158 -0.152220 0.101710 -0.085208 -0.171041 0.070847 -0.083158 -0.169138 0.070059 -0.085208 -0.181576 0.036118 -0.083158 -0.179556 0.035716 -0.085208 -0.171041 -0.070847 -0.083158 -0.181576 -0.036118 -0.083158 -0.169138 -0.070059 -0.085208 -0.179556 -0.035716 -0.085208 -0.153933 -0.102854 -0.083158 -0.171041 -0.070847 -0.083158 -0.152220 -0.101710 -0.085208 -0.169138 -0.070059 -0.085208 -0.130909 -0.130909 -0.083158 -0.129453 -0.129453 -0.085208 -0.102854 -0.153933 -0.083158 -0.101710 -0.152220 -0.085208 -0.070847 -0.171041 -0.083158 -0.070059 -0.169138 -0.085208 -0.036118 -0.181576 -0.083158 -0.070847 -0.171041 -0.083158 -0.035716 -0.179556 -0.085208 -0.070059 -0.169138 -0.085208 0.070847 -0.171041 -0.083158 0.036118 -0.181576 -0.083158 0.070059 -0.169138 -0.085208 0.035716 -0.179556 -0.085208 0.102854 -0.153933 -0.083158 0.101710 -0.152220 -0.085208 0.130909 -0.130909 -0.083158 0.102854 -0.153933 -0.083158 0.129453 -0.129453 -0.085208 0.101710 -0.152220 -0.085208 
						0.153933 -0.102854 -0.083158 0.152220 -0.101710 -0.085208 0.171041 -0.070847 -0.083158 0.169138 -0.070059 -0.085208 0.181576 -0.036118 -0.083158 0.179556 -0.035716 -0.085208 0.171041 0.070847 -0.083158 0.181576 0.036118 -0.083158 0.169138 0.070059 -0.085208 0.179556 0.035716 -0.085208 0.153933 0.102854 -0.083158 0.152220 0.101710 -0.085208 0.130909 0.130909 -0.083158 0.153933 0.102854 -0.083158 0.129453 0.129453 -0.085208 0.152220 0.101710 -0.085208 0.102854 0.153933 -0.083158 0.101710 0.152220 -0.085208 0.070847 0.171041 -0.083158 0.070059 0.169138 -0.085208 0.036118 0.181576 -0.083158 0.035716 0.179556 -0.085208 -0.007496 0.184430 -0.083158 0.007496 0.184430 -0.083158 -0.007395 0.182380 -0.085208 0.007395 0.182380 -0.085208 -0.184430 -0.007496 -0.083158 -0.184430 0.007496 -0.083158 -0.182380 -0.007395 -0.085208 -0.182380 0.007395 -0.085208 0.007496 -0.184430 -0.083158 -0.007496 -0.184430 -0.083158 0.007395 -0.182380 -0.085208 -0.007395 -0.182380 -0.085208 0.184430 0.007496 -0.083158 0.184430 -0.007496 -0.083158 0.182380 0.007395 -0.085208 0.182380 -0.007395 -0.085208 -0.184430 0.007496 -0.046879 -0.184430 -0.007496 -0.046879 -0.182380 0.007395 -0.044829 -0.182380 -0.007395 -0.044829 -0.007496 -0.184430 -0.046879 0.007496 -0.184430 -0.046879 -0.007395 -0.182380 -0.044829 0.007395 -0.182380 -0.044829 0.184430 -0.007496 -0.046879 0.184430 0.007496 -0.046879 0.182380 -0.007395 -0.044829 0.182380 0.007395 -0.044829 0.007496 0.184430 -0.046879 -0.007496 0.184430 -0.046879 0.007395 0.182380 -0.044829 -0.007395 0.182380 -0.044829 0.035716 0.179556 -0.044829 0.036118 0.181576 -0.046879 0.070059 0.169138 -0.044829 0.101710 0.152220 -0.044829 0.070847 0.171041 -0.046879 0.102854 0.153933 -0.046879 0.129453 0.129453 -0.044829 0.130909 0.130909 -0.046879 0.152220 0.101710 -0.044829 0.153933 0.102854 -0.046879 
						0.152220 0.101710 -0.044829 0.169138 0.070059 -0.044829 0.153933 0.102854 -0.046879 0.171041 0.070847 -0.046879 0.179556 0.035716 -0.044829 0.181576 0.036118 -0.046879 0.179556 -0.035716 -0.044829 0.181576 -0.036118 -0.046879 0.169138 -0.070059 -0.044829 0.171041 -0.070847 -0.046879 0.152220 -0.101710 -0.044829 0.153933 -0.102854 -0.046879 0.129453 -0.129453 -0.044829 0.130909 -0.130909 -0.046879 0.101710 -0.152220 -0.044829 0.102854 -0.153933 -0.046879 0.101710 -0.152220 -0.044829 0.070059 -0.169138 -0.044829 0.102854 -0.153933 -0.046879 0.070847 -0.171041 -0.046879 0.035716 -0.179556 -0.044829 0.036118 -0.181576 -0.046879 -0.035716 -0.179556 -0.044829 -0.036118 -0.181576 -0.046879 -0.070059 -0.169138 -0.044829 -0.070847 -0.171041 -0.046879 -0.070059 -0.169138 -0.044829 -0.101710 -0.152220 -0.044829 -0.070847 -0.171041 -0.046879 -0.102854 -0.153933 -0.046879 -0.129453 -0.129453 -0.044829 -0.130909 -0.130909 -0.046879 -0.152220 -0.101710 -0.044829 -0.153933 -0.102854 -0.046879 -0.169138 -0.070059 -0.044829 -0.171041 -0.070847 -0.046879 -0.169138 -0.070059 -0.044829 -0.179556 -0.035716 -0.044829 -0.171041 -0.070847 -0.046879 -0.181576 -0.036118 -0.046879 -0.179556 0.035716 -0.044829 -0.181576 0.036118 -0.046879 -0.169138 0.070059 -0.044829 -0.171041 0.070847 -0.046879 -0.152220 0.101710 -0.044829 -0.153933 0.102854 -0.046879 -0.129453 0.129453 -0.044829 -0.130909 0.130909 -0.046879 -0.101710 0.152220 -0.044829 -0.102854 0.153933 -0.046879 -0.101710 0.152220 -0.044829 -0.070059 0.169138 -0.044829 -0.102854 0.153933 -0.046879 -0.070847 0.171041 -0.046879 -0.035716 0.179556 -0.044829 -0.036118 0.181576 -0.046879 -0.007056 0.175480 -0.008663 0.007056 0.175480 -0.008663 0.175480 0.007056 -0.008663 0.175480 -0.007056 -0.008663 0.007056 -0.175480 -0.008663 -0.007056 -0.175480 -0.008663 -0.175480 -0.007056 -0.008663 -0.175480 0.007056 -0.008663 
						0.034370 0.172790 -0.044078 0.034370 0.172790 -0.019903 0.097878 0.146484 -0.044078 0.067419 0.162764 -0.044078 0.067419 0.162764 -0.019903 0.097878 0.146484 -0.019903 0.124575 0.124575 -0.044078 0.124575 0.124575 -0.019903 0.146484 0.097878 -0.044078 0.146484 0.097878 -0.019903 0.162764 0.067419 -0.044078 0.146484 0.097878 -0.044078 0.146484 0.097878 -0.019903 0.162764 0.067419 -0.019903 0.172790 0.034370 -0.044078 0.172790 0.034370 -0.019903 0.172790 -0.034370 -0.044078 0.172790 -0.034370 -0.019903 0.162764 -0.067419 -0.044078 0.162764 -0.067419 -0.019903 0.146484 -0.097878 -0.044078 0.146484 -0.097878 -0.019903 0.124575 -0.124575 -0.044078 0.124575 -0.124575 -0.019903 0.097878 -0.146484 -0.044078 0.097878 -0.146484 -0.019903 0.067419 -0.162764 -0.044078 0.097878 -0.146484 -0.044078 0.097878 -0.146484 -0.019903 0.067419 -0.162764 -0.019903 0.034370 -0.172790 -0.044078 0.034370 -0.172790 -0.019903 -0.034370 -0.172790 -0.044078 -0.034370 -0.172790 -0.019903 -0.067419 -0.162764 -0.044078 -0.067419 -0.162764 -0.019903 -0.097878 -0.146484 -0.044078 -0.067419 -0.162764 -0.044078 -0.067419 -0.162764 -0.019903 -0.097878 -0.146484 -0.019903 -0.124575 -0.124575 -0.044078 -0.124575 -0.124575 -0.019903 -0.146484 -0.097878 -0.044078 -0.146484 -0.097878 -0.019903 -0.162764 -0.067419 -0.044078 -0.162764 -0.067419 -0.019903 -0.172790 -0.034370 -0.044078 -0.162764 -0.067419 -0.044078 -0.162764 -0.067419 -0.019903 -0.172790 -0.034370 -0.019903 -0.172790 0.034370 -0.044078 -0.172790 0.034370 -0.019903 -0.162764 0.067419 -0.044078 -0.162764 0.067419 -0.019903 -0.146484 0.097878 -0.044078 -0.146484 0.097878 -0.019903 -0.124575 0.124575 -0.044078 -0.124575 0.124575 -0.019903 -0.097878 0.146484 -0.044078 -0.097878 0.146484 -0.019903 -0.067419 0.162764 -0.044078 -0.097878 0.146484 -0.044078 -0.097878 0.146484 -0.019903 -0.067419 0.162764 -0.019903 
						-0.034370 0.172790 -0.044078 -0.034370 0.172790 -0.019903 -0.172790 0.034370 0.000000 -0.174331 0.034677 0.000000 -0.162764 -0.067419 -0.008663 -0.164216 -0.068021 -0.008663 -0.164216 -0.068021 -0.008663 -0.162764 -0.067419 -0.008663 -0.146484 -0.097878 -0.008663 -0.147791 -0.098751 -0.008663 0.167045 0.069192 -0.005616 0.167045 0.069192 -0.003046 0.034370 0.172790 -0.008663 0.067419 0.162764 -0.008663 0.097878 0.146484 -0.008663 0.124575 0.124575 -0.008663 0.146484 0.097878 -0.008663 0.146484 0.097878 -0.008663 0.162764 0.067419 -0.008663 0.172790 0.034370 -0.008663 0.172790 -0.034370 -0.008663 0.162764 -0.067419 -0.008663 0.146484 -0.097878 -0.008663 0.124575 -0.124575 -0.008663 0.097878 -0.146484 -0.008663 0.097878 -0.146484 -0.008663 0.067419 -0.162764 -0.008663 0.034370 -0.172790 -0.008663 -0.034370 -0.172790 -0.008663 -0.067419 -0.162764 -0.008663 -0.067419 -0.162764 -0.008663 -0.097878 -0.146484 -0.008663 -0.124575 -0.124575 -0.008663 -0.146484 -0.097878 -0.008663 -0.162764 -0.067419 -0.008663 -0.162764 -0.067419 -0.008663 -0.172790 -0.034370 -0.008663 -0.172790 0.034370 -0.008663 -0.162764 0.067419 -0.008663 -0.146484 0.097878 -0.008663 -0.124575 0.124575 -0.008663 -0.097878 0.146484 -0.008663 -0.097878 0.146484 -0.008663 -0.067419 0.162764 -0.008663 -0.034370 0.172790 -0.008663 0.068021 0.164216 0.000000 0.067419 0.162764 0.000000 0.097878 0.146484 0.000000 0.098751 0.147791 0.000000 -0.034677 0.174331 -0.008663 -0.034370 0.172790 -0.008663 -0.068021 0.164216 0.000000 -0.067419 0.162764 0.000000 -0.098751 0.147791 0.000000 -0.097878 0.146484 0.000000 -0.125686 0.125686 0.000000 -0.124575 0.124575 0.000000 -0.097878 0.146484 0.000000 -0.098751 0.147791 0.000000 -0.167045 0.069192 -0.005616 -0.167045 0.069192 -0.003046 -0.164216 0.068021 -0.000000 -0.162764 0.067419 -0.000000 -0.146484 0.097878 0.000000 
						-0.147791 0.098751 0.000000 -0.174331 -0.034677 0.000000 -0.172790 -0.034370 0.000000 -0.164216 -0.068021 0.000000 -0.162764 -0.067419 0.000000 -0.147791 -0.098751 0.000000 -0.146484 -0.097878 0.000000 -0.162764 -0.067419 0.000000 -0.164216 -0.068021 0.000000 -0.125686 -0.125686 0.000000 -0.124575 -0.124575 0.000000 -0.069192 -0.167045 -0.005616 -0.069192 -0.167045 -0.003046 -0.068021 -0.164216 0.000000 -0.067419 -0.162764 0.000000 -0.097878 -0.146484 0.000000 -0.098751 -0.147791 0.000000 0.034677 -0.174331 0.000000 0.034370 -0.172790 0.000000 0.035274 -0.177334 -0.005616 0.035274 -0.177334 -0.003046 0.068021 -0.164216 0.000000 0.067419 -0.162764 0.000000 0.098751 -0.147791 0.000000 0.097878 -0.146484 0.000000 0.125686 -0.125686 0.000000 0.124575 -0.124575 0.000000 0.097878 -0.146484 0.000000 0.098751 -0.147791 0.000000 0.164216 -0.068021 0.000000 0.162764 -0.067419 0.000000 0.146484 -0.097878 0.000000 0.147791 -0.098751 0.000000 0.174331 0.034677 0.000000 0.172790 0.034370 0.000000 0.164216 0.068021 -0.000000 0.162764 0.067419 -0.000000 0.147791 0.098751 0.000000 0.146484 0.097878 0.000000 0.125686 0.125686 0.000000 0.124575 0.124575 0.000000 0.146484 0.097878 0.000000 0.147791 0.098751 0.000000 0.069192 0.167045 -0.005616 0.069192 0.167045 -0.003046 0.007134 -0.177061 -0.008663 0.007056 -0.175480 -0.008663 0.034370 -0.172790 -0.008663 0.034677 -0.174331 -0.008663 0.177061 0.007134 -0.008663 0.175480 0.007056 -0.008663 0.172790 0.034370 -0.008663 0.174331 0.034677 -0.008663 -0.007056 0.175480 -0.008663 -0.007134 0.177061 -0.008663 0.069192 -0.167045 -0.005616 0.100451 -0.150336 -0.005616 0.100451 -0.150336 -0.003046 0.069192 -0.167045 -0.003046 0.164216 0.068021 -0.008663 0.162764 0.067419 -0.008663 0.146484 0.097878 -0.008663 0.147791 0.098751 -0.008663 0.007056 0.175480 0.000000 
						0.007134 0.177061 0.000000 0.174331 -0.034677 -0.008663 0.172790 -0.034370 -0.008663 0.175480 -0.007056 -0.008663 0.177061 -0.007134 -0.008663 0.164216 -0.068021 -0.008663 0.162764 -0.067419 -0.008663 -0.100451 -0.150336 -0.005616 -0.069192 -0.167045 -0.005616 -0.069192 -0.167045 -0.003046 -0.100451 -0.150336 -0.003046 0.147791 -0.098751 -0.008663 0.146484 -0.097878 -0.008663 0.100451 0.150336 -0.005616 0.100451 0.150336 -0.003046 0.125686 -0.125686 -0.008663 0.124575 -0.124575 -0.008663 0.098751 -0.147791 -0.008663 0.097878 -0.146484 -0.008663 -0.127850 -0.127850 -0.005616 -0.127850 -0.127850 -0.003046 0.034370 0.172790 0.000000 0.034677 0.174331 0.000000 0.068021 -0.164216 -0.008663 0.067419 -0.162764 -0.008663 0.097878 -0.146484 -0.008663 0.098751 -0.147791 -0.008663 -0.150336 -0.100451 -0.005616 -0.150336 -0.100451 -0.003046 0.127850 0.127850 -0.005616 0.127850 0.127850 -0.003046 -0.034677 -0.174331 -0.008663 -0.034370 -0.172790 -0.008663 -0.007056 -0.175480 -0.008663 -0.007134 -0.177061 -0.008663 -0.068021 -0.164216 -0.008663 -0.067419 -0.162764 -0.008663 -0.167045 -0.069192 -0.005616 -0.167045 -0.069192 -0.003046 0.150336 0.100451 -0.005616 0.150336 0.100451 -0.003046 -0.098751 -0.147791 -0.008663 -0.097878 -0.146484 -0.008663 -0.067419 -0.162764 -0.008663 -0.068021 -0.164216 -0.008663 -0.167045 -0.069192 -0.005616 -0.167045 -0.069192 -0.003046 0.150336 0.100451 -0.005616 0.150336 0.100451 -0.003046 -0.125686 -0.125686 -0.008663 -0.124575 -0.124575 -0.008663 0.069035 0.166666 -0.001523 0.035194 0.176931 -0.001523 0.068606 0.165631 -0.000408 0.034975 0.175832 -0.000408 0.100224 0.149995 -0.001523 0.099601 0.149064 -0.000408 0.127560 0.127560 -0.001523 0.126768 0.126768 -0.000408 0.149995 0.100224 -0.001523 0.149064 0.099601 -0.000408 0.166666 0.069035 -0.001523 0.149995 0.100224 -0.001523 0.165631 0.068606 -0.000408 
						0.149064 0.099601 -0.000408 0.176931 0.035194 -0.001523 0.175832 0.034975 -0.000408 0.166666 -0.069035 -0.001523 0.176931 -0.035194 -0.001523 0.165631 -0.068606 -0.000408 0.175832 -0.034975 -0.000408 0.149995 -0.100224 -0.001523 0.149064 -0.099601 -0.000408 0.127560 -0.127560 -0.001523 0.126768 -0.126768 -0.000408 0.100224 -0.149995 -0.001523 0.099601 -0.149064 -0.000408 0.069035 -0.166666 -0.001523 0.100224 -0.149995 -0.001523 0.068606 -0.165631 -0.000408 0.099601 -0.149064 -0.000408 0.035194 -0.176931 -0.001523 0.034975 -0.175832 -0.000408 -0.069035 -0.166666 -0.001523 -0.035194 -0.176931 -0.001523 -0.068606 -0.165631 -0.000408 -0.034975 -0.175832 -0.000408 -0.100224 -0.149995 -0.001523 -0.069035 -0.166666 -0.001523 -0.099601 -0.149064 -0.000408 -0.068606 -0.165631 -0.000408 -0.127560 -0.127560 -0.001523 -0.126768 -0.126768 -0.000408 -0.149995 -0.100224 -0.001523 -0.149064 -0.099601 -0.000408 -0.166666 -0.069035 -0.001523 -0.165631 -0.068606 -0.000408 -0.176931 -0.035194 -0.001523 -0.166666 -0.069035 -0.001523 -0.175832 -0.034975 -0.000408 -0.165631 -0.068606 -0.000408 -0.166666 0.069035 -0.001523 -0.176931 0.035194 -0.001523 -0.165631 0.068606 -0.000408 -0.175832 0.034975 -0.000408 -0.149995 0.100224 -0.001523 -0.149064 0.099601 -0.000408 -0.127560 0.127560 -0.001523 -0.126768 0.126768 -0.000408 -0.100224 0.149995 -0.001523 -0.099601 0.149064 -0.000408 -0.069035 0.166666 -0.001523 -0.100224 0.149995 -0.001523 -0.068606 0.165631 -0.000408 -0.099601 0.149064 -0.000408 -0.035194 0.176931 -0.001523 -0.034975 0.175832 -0.000408 -0.007209 0.178584 -0.000408 0.007209 0.178584 -0.000408 -0.007264 0.179699 -0.001523 0.007264 0.179699 -0.001523 0.178584 0.007209 -0.000408 0.178584 -0.007209 -0.000408 0.179699 0.007264 -0.001523 0.179699 -0.007264 -0.001523 0.007209 -0.178584 -0.000408 -0.007209 -0.178584 -0.000408 0.007264 -0.179699 -0.001523 
						-0.007264 -0.179699 -0.001523 -0.178584 -0.007209 -0.000408 -0.178584 0.007209 -0.000408 -0.179699 -0.007264 -0.001523 -0.179699 0.007264 -0.001523 -0.178584 0.007209 -0.008255 -0.178584 -0.007209 -0.008255 -0.179699 0.007264 -0.007140 -0.179699 -0.007264 -0.007140 -0.007209 -0.178584 -0.008255 0.007209 -0.178584 -0.008255 -0.007264 -0.179699 -0.007140 0.007264 -0.179699 -0.007140 0.178584 -0.007209 -0.008255 0.178584 0.007209 -0.008255 0.179699 -0.007264 -0.007140 0.179699 0.007264 -0.007140 0.007209 0.178584 -0.008255 -0.007209 0.178584 -0.008255 0.007264 0.179699 -0.007140 -0.007264 0.179699 -0.007140 0.035194 0.176931 -0.007140 0.034975 0.175832 -0.008255 0.069035 0.166666 -0.007140 0.100224 0.149995 -0.007140 0.068606 0.165631 -0.008255 0.099601 0.149064 -0.008255 0.127560 0.127560 -0.007140 0.126768 0.126768 -0.008255 0.149995 0.100224 -0.007140 0.149064 0.099601 -0.008255 0.149995 0.100224 -0.007140 0.166666 0.069035 -0.007140 0.149064 0.099601 -0.008255 0.165631 0.068606 -0.008255 0.176931 0.035194 -0.007140 0.175832 0.034975 -0.008255 0.176931 -0.035194 -0.007140 0.175832 -0.034975 -0.008255 0.166666 -0.069035 -0.007140 0.165631 -0.068606 -0.008255 0.149995 -0.100224 -0.007140 0.149064 -0.099601 -0.008255 0.127560 -0.127560 -0.007140 0.126768 -0.126768 -0.008255 0.100224 -0.149995 -0.007140 0.099601 -0.149064 -0.008255 0.100224 -0.149995 -0.007140 0.069035 -0.166666 -0.007140 0.099601 -0.149064 -0.008255 0.068606 -0.165631 -0.008255 0.035194 -0.176931 -0.007140 0.034975 -0.175832 -0.008255 -0.035194 -0.176931 -0.007140 -0.034975 -0.175832 -0.008255 -0.069035 -0.166666 -0.007140 -0.068606 -0.165631 -0.008255 -0.069035 -0.166666 -0.007140 -0.100224 -0.149995 -0.007140 -0.068606 -0.165631 -0.008255 -0.099601 -0.149064 -0.008255 -0.127560 -0.127560 -0.007140 -0.126768 -0.126768 -0.008255 -0.149995 -0.100224 -0.007140 
						-0.149064 -0.099601 -0.008255 -0.166666 -0.069035 -0.007140 -0.165631 -0.068606 -0.008255 -0.166666 -0.069035 -0.007140 -0.176931 -0.035194 -0.007140 -0.165631 -0.068606 -0.008255 -0.175832 -0.034975 -0.008255 -0.176931 0.035194 -0.007140 -0.175832 0.034975 -0.008255 -0.166666 0.069035 -0.007140 -0.165631 0.068606 -0.008255 -0.149995 0.100224 -0.007140 -0.149064 0.099601 -0.008255 -0.127560 0.127560 -0.007140 -0.126768 0.126768 -0.008255 -0.100224 0.149995 -0.007140 -0.099601 0.149064 -0.008255 -0.100224 0.149995 -0.007140 -0.069035 0.166666 -0.007140 -0.099601 0.149064 -0.008255 -0.068606 0.165631 -0.008255 -0.035194 0.176931 -0.007140 -0.034975 0.175832 -0.008255 0.184284 0.036656 -0.155560 0.172790 0.034370 -0.155560 0.162764 0.067419 -0.155560 0.173592 0.071904 -0.155560 -0.007632 -0.187197 -0.148780 -0.007056 -0.175480 -0.148780 -0.034370 -0.172790 -0.148780 -0.036656 -0.184284 -0.148780 -0.187197 -0.007632 -0.155560 -0.175480 -0.007056 -0.155560 -0.172790 -0.034370 -0.155560 -0.184284 -0.036656 -0.155560 0.184284 -0.036656 -0.148780 0.172790 -0.034370 -0.148780 0.184284 0.036656 -0.148780 0.172790 0.034370 -0.148780 0.175480 0.007056 -0.148780 0.187197 0.007632 -0.148780 -0.172790 0.034370 -0.155560 -0.184284 0.036656 -0.155560 0.173592 0.071904 -0.148780 0.162764 0.067419 -0.148780 0.156228 0.104389 -0.148780 0.146484 0.097878 -0.148780 -0.104389 -0.156228 -0.155560 -0.097878 -0.146484 -0.155560 -0.067419 -0.162764 -0.155560 -0.071904 -0.173592 -0.155560 0.187197 -0.007632 -0.148780 0.175480 -0.007056 -0.148780 0.132861 0.132861 -0.148780 0.124575 0.124575 -0.148780 0.146484 0.097878 -0.148780 0.156228 0.104389 -0.148780 0.007632 0.187197 -0.155560 0.007056 0.175480 -0.155560 -0.007056 0.175480 -0.155560 -0.007632 0.187197 -0.155560 0.104389 0.156228 -0.148780 0.097878 0.146484 -0.148780 0.156228 -0.104389 -0.155560 
						0.146484 -0.097878 -0.155560 0.162764 -0.067419 -0.155560 0.173592 -0.071904 -0.155560 -0.071904 0.173592 -0.148780 -0.067419 0.162765 -0.148780 -0.034370 0.172790 -0.148780 -0.036656 0.184284 -0.148780 0.071904 0.173592 -0.148780 0.067419 0.162765 -0.148780 -0.104389 0.156228 -0.148780 -0.097878 0.146484 -0.148780 -0.132861 0.132861 -0.148780 -0.124575 0.124575 -0.148780 -0.097878 0.146484 -0.148780 -0.104389 0.156228 -0.148780 0.007632 -0.187197 -0.148780 0.007056 -0.175480 -0.148780 -0.187197 -0.007632 -0.148780 -0.175480 -0.007056 -0.148780 -0.175480 0.007056 -0.148780 -0.187197 0.007632 -0.148780 0.104389 0.156228 -0.155560 0.097878 0.146484 -0.155560 0.067419 0.162765 -0.155560 0.071904 0.173592 -0.155560 -0.007632 0.187197 -0.148780 -0.007056 0.175480 -0.148780 0.007056 0.175480 -0.148780 0.007632 0.187197 -0.148780 0.132861 0.132861 -0.155560 0.124575 0.124575 -0.155560 0.156228 0.104389 -0.155560 0.146484 0.097878 -0.155560 0.146484 0.097878 -0.155560 0.156228 0.104389 -0.155560 0.187197 0.007632 -0.155560 0.175480 0.007056 -0.155560 0.184284 -0.036656 -0.155560 0.172790 -0.034370 -0.155560 0.175480 -0.007056 -0.155560 0.187197 -0.007632 -0.155560 -0.071904 -0.173592 -0.155560 -0.067419 -0.162764 -0.155560 -0.034370 -0.172790 -0.155560 -0.036656 -0.184284 -0.155560 0.132861 -0.132861 -0.155560 0.124575 -0.124575 -0.155560 0.104389 -0.156228 -0.155560 0.097878 -0.146484 -0.155560 0.071904 -0.173592 -0.155560 0.067419 -0.162764 -0.155560 0.097878 -0.146484 -0.155560 0.104389 -0.156228 -0.155560 0.036656 -0.184284 -0.155560 0.034370 -0.172790 -0.155560 0.007632 -0.187197 -0.155560 0.007056 -0.175480 -0.155560 -0.007056 -0.175480 -0.155560 -0.007632 -0.187197 -0.155560 -0.132861 -0.132861 -0.155560 -0.124575 -0.124575 -0.155560 -0.156228 -0.104389 -0.155560 -0.146484 -0.097878 -0.155560 -0.173592 -0.071904 -0.155560 
						-0.162764 -0.067419 -0.155560 -0.162764 -0.067419 -0.155560 -0.173592 -0.071904 -0.155560 -0.175480 0.007056 -0.155560 -0.187197 0.007632 -0.155560 -0.132861 0.132861 -0.155560 -0.124575 0.124575 -0.155560 -0.104389 0.156228 -0.155560 -0.097878 0.146484 -0.155560 -0.071904 0.173592 -0.155560 -0.067419 0.162765 -0.155560 -0.097878 0.146484 -0.155560 -0.104389 0.156228 -0.155560 -0.036656 0.184284 -0.155560 -0.034370 0.172790 -0.155560 0.034370 0.172790 -0.148780 0.036656 0.184284 -0.148780 0.124575 -0.124575 -0.148780 0.132861 -0.132861 -0.148780 0.097878 -0.146484 -0.148780 0.104389 -0.156228 -0.148780 0.104389 -0.156228 -0.148780 0.097878 -0.146484 -0.148780 0.067419 -0.162764 -0.148780 0.071904 -0.173592 -0.148780 0.034370 -0.172790 -0.148780 0.036656 -0.184284 -0.148780 -0.067419 -0.162764 -0.148780 -0.071904 -0.173592 -0.148780 -0.172790 0.034370 -0.148780 -0.184284 0.036656 -0.148780 -0.071904 -0.173592 -0.148780 -0.067419 -0.162764 -0.148780 -0.097878 -0.146484 -0.148780 -0.104389 -0.156228 -0.148780 -0.124575 -0.124575 -0.148780 -0.132861 -0.132861 -0.148780 -0.146484 -0.097878 -0.148780 -0.156228 -0.104389 -0.148780 -0.162764 -0.067419 -0.148780 -0.173592 -0.071904 -0.148780 -0.173592 -0.071904 -0.148780 -0.162764 -0.067419 -0.148780 -0.172790 -0.034370 -0.148780 -0.184284 -0.036656 -0.148780 -0.162764 0.067419 -0.148780 -0.173592 0.071904 -0.148780 -0.146484 0.097878 -0.148780 -0.156228 0.104389 -0.148780 0.034370 0.172790 -0.155560 0.036656 0.184284 -0.155560 0.037232 0.187177 -0.153865 0.037321 0.187625 -0.152170 0.073207 0.176739 -0.152170 0.073033 0.176317 -0.153865 0.036989 0.185954 -0.155106 0.072556 0.175165 -0.155106 0.106281 0.159060 -0.152170 0.106027 0.158681 -0.153865 0.105335 0.157644 -0.155106 0.135270 0.135270 -0.152170 0.134947 0.134947 -0.153865 0.134066 0.134066 -0.155106 0.159060 0.106281 -0.152170 
						0.158681 0.106027 -0.153865 0.157644 0.105335 -0.155106 0.158681 0.106027 -0.153865 0.159060 0.106281 -0.152170 0.176739 0.073207 -0.152170 0.176317 0.073033 -0.153865 0.157644 0.105335 -0.155106 0.175165 0.072556 -0.155106 0.187625 0.037321 -0.152170 0.187177 0.037232 -0.153865 0.185954 0.036989 -0.155106 0.187177 -0.037232 -0.153865 0.187625 -0.037321 -0.152170 0.176739 -0.073207 -0.152170 0.176317 -0.073033 -0.153865 0.185954 -0.036989 -0.155106 0.175165 -0.072556 -0.155106 0.159060 -0.106281 -0.152170 0.158681 -0.106027 -0.153865 0.157644 -0.105335 -0.155106 0.135270 -0.135270 -0.152170 0.134947 -0.134947 -0.153865 0.134066 -0.134066 -0.155106 0.106281 -0.159060 -0.152170 0.106027 -0.158681 -0.153865 0.105335 -0.157644 -0.155106 0.106027 -0.158681 -0.153865 0.106281 -0.159060 -0.152170 0.073207 -0.176738 -0.152170 0.073033 -0.176317 -0.153865 0.105335 -0.157644 -0.155106 0.072556 -0.175165 -0.155106 0.037321 -0.187625 -0.152170 0.037232 -0.187177 -0.153865 0.036989 -0.185954 -0.155106 -0.037232 -0.187177 -0.153865 -0.037321 -0.187625 -0.152170 -0.073207 -0.176738 -0.152170 -0.073033 -0.176317 -0.153865 -0.036989 -0.185954 -0.155106 -0.072556 -0.175165 -0.155106 -0.073033 -0.176317 -0.153865 -0.073207 -0.176738 -0.152170 -0.106281 -0.159060 -0.152170 -0.106027 -0.158681 -0.153865 -0.072556 -0.175165 -0.155106 -0.105335 -0.157644 -0.155106 -0.135270 -0.135270 -0.152170 -0.134947 -0.134947 -0.153865 -0.134066 -0.134066 -0.155106 -0.159060 -0.106281 -0.152170 -0.158681 -0.106027 -0.153865 -0.157644 -0.105335 -0.155106 -0.176739 -0.073207 -0.152170 -0.176317 -0.073033 -0.153865 -0.175165 -0.072556 -0.155106 -0.176317 -0.073033 -0.153865 -0.176739 -0.073207 -0.152170 -0.187625 -0.037321 -0.152170 -0.187177 -0.037232 -0.153865 -0.175165 -0.072556 -0.155106 -0.185954 -0.036989 -0.155106 -0.187177 0.037232 -0.153865 -0.187625 0.037321 -0.152170 
						-0.176739 0.073207 -0.152170 -0.176317 0.073033 -0.153865 -0.185954 0.036989 -0.155106 -0.175165 0.072556 -0.155106 -0.159060 0.106281 -0.152170 -0.158681 0.106027 -0.153865 -0.157644 0.105335 -0.155106 -0.135270 0.135270 -0.152170 -0.134947 0.134947 -0.153865 -0.134066 0.134066 -0.155106 -0.106281 0.159060 -0.152170 -0.106027 0.158681 -0.153865 -0.105335 0.157644 -0.155106 -0.106027 0.158681 -0.153865 -0.106281 0.159060 -0.152170 -0.073207 0.176739 -0.152170 -0.073033 0.176317 -0.153865 -0.105335 0.157644 -0.155106 -0.072556 0.175165 -0.155106 -0.037321 0.187625 -0.152170 -0.037232 0.187177 -0.153865 -0.036989 0.185954 -0.155106 0.007715 0.188892 -0.155106 -0.007715 0.188892 -0.155106 0.007776 0.190133 -0.153865 -0.007776 0.190133 -0.153865 0.007799 0.190587 -0.152170 -0.007799 0.190587 -0.152170 0.188892 -0.007715 -0.155106 0.188892 0.007715 -0.155106 0.190133 -0.007776 -0.153865 0.190133 0.007776 -0.153865 0.190587 -0.007799 -0.152170 0.190587 0.007799 -0.152170 -0.007715 -0.188892 -0.155106 0.007715 -0.188892 -0.155106 -0.007776 -0.190133 -0.153865 0.007776 -0.190133 -0.153865 -0.007799 -0.190587 -0.152170 0.007799 -0.190587 -0.152170 -0.188892 0.007715 -0.155106 -0.188892 -0.007715 -0.155106 -0.190133 0.007776 -0.153865 -0.190133 -0.007776 -0.153865 -0.190587 0.007799 -0.152170 -0.190587 -0.007799 -0.152170 0.007715 0.188892 -0.149234 0.036989 0.185954 -0.149234 0.007776 0.190133 -0.150475 0.037232 0.187177 -0.150475 -0.190133 0.007776 -0.150475 -0.190133 -0.007776 -0.150475 -0.188892 0.007715 -0.149234 -0.188892 -0.007715 -0.149234 -0.007776 -0.190133 -0.150475 0.007776 -0.190133 -0.150475 -0.007715 -0.188892 -0.149234 0.007715 -0.188892 -0.149234 0.190133 -0.007776 -0.150475 0.190133 0.007776 -0.150475 0.188892 -0.007715 -0.149234 0.188892 0.007715 -0.149234 -0.007715 0.188892 -0.149234 -0.007776 0.190133 -0.150475 
						0.072556 0.175165 -0.149234 0.073033 0.176317 -0.150475 0.105335 0.157644 -0.149234 0.106027 0.158681 -0.150475 0.134066 0.134066 -0.149234 0.134947 0.134947 -0.150475 0.157644 0.105335 -0.149234 0.158681 0.106027 -0.150475 0.157644 0.105335 -0.149234 0.175165 0.072556 -0.149234 0.158681 0.106027 -0.150475 0.176317 0.073033 -0.150475 0.185954 0.036989 -0.149234 0.187177 0.037232 -0.150475 0.185954 -0.036989 -0.149234 0.187177 -0.037232 -0.150475 0.036989 -0.185954 -0.149234 0.037232 -0.187177 -0.150475 0.175165 -0.072556 -0.149234 0.176317 -0.073033 -0.150475 0.157644 -0.105335 -0.149234 0.158681 -0.106027 -0.150475 0.134066 -0.134066 -0.149234 0.134947 -0.134947 -0.150475 0.105335 -0.157644 -0.149234 0.106027 -0.158681 -0.150475 0.105335 -0.157644 -0.149234 0.072556 -0.175165 -0.149234 0.106027 -0.158681 -0.150475 0.073033 -0.176317 -0.150475 -0.036989 -0.185954 -0.149234 -0.037232 -0.187177 -0.150475 -0.185954 -0.036989 -0.149234 -0.187177 -0.037232 -0.150475 -0.072556 -0.175165 -0.149234 -0.073033 -0.176317 -0.150475 -0.072556 -0.175165 -0.149234 -0.105335 -0.157644 -0.149234 -0.073033 -0.176317 -0.150475 -0.106027 -0.158681 -0.150475 -0.134066 -0.134066 -0.149234 -0.134947 -0.134947 -0.150475 -0.157644 -0.105335 -0.149234 -0.158681 -0.106027 -0.150475 -0.175165 -0.072556 -0.149234 -0.176317 -0.073033 -0.150475 -0.175165 -0.072556 -0.149234 -0.176317 -0.073033 -0.150475 -0.185954 0.036989 -0.149234 -0.187177 0.037232 -0.150475 -0.175165 0.072556 -0.149234 -0.176317 0.073033 -0.150475 -0.157644 0.105335 -0.149234 -0.158681 0.106027 -0.150475 -0.134066 0.134066 -0.149234 -0.134947 0.134947 -0.150475 -0.105335 0.157644 -0.149234 -0.106027 0.158681 -0.150475 -0.105335 0.157644 -0.149234 -0.072556 0.175165 -0.149234 -0.106027 0.158681 -0.150475 -0.073033 0.176317 -0.150475 -0.036989 0.185954 -0.149234 -0.037232 0.187177 -0.150475 
						0.000000 -0.000000 -0.155560 -0.097878 0.146484 -0.155560 -0.067419 0.162765 -0.155560 -0.124575 0.124575 -0.155560 -0.146484 0.097878 -0.155560 -0.162764 0.067419 -0.155560 -0.172790 0.034370 -0.155560 -0.162764 -0.067419 -0.155560 -0.172790 -0.034370 -0.155560 -0.146484 -0.097878 -0.155560 -0.124575 -0.124575 -0.155560 -0.097878 -0.146484 -0.155560 -0.067419 -0.162764 -0.155560 -0.034370 -0.172790 -0.155560 0.067419 -0.162764 -0.155560 0.034370 -0.172790 -0.155560 0.097878 -0.146484 -0.155560 0.124575 -0.124575 -0.155560 0.146484 -0.097878 -0.155560 0.162764 -0.067419 -0.155560 0.172790 -0.034370 -0.155560 0.162764 0.067419 -0.155560 0.172790 0.034370 -0.155560 0.146484 0.097878 -0.155560 0.124575 0.124575 -0.155560 0.097878 0.146484 -0.155560 0.067419 0.162765 -0.155560 0.034370 0.172790 -0.155560 -0.007056 0.175480 -0.155560 0.007056 0.175480 -0.155560 0.175480 0.007056 -0.155560 0.175480 -0.007056 -0.155560 0.007056 -0.175480 -0.155560 -0.007056 -0.175480 -0.155560 -0.175480 -0.007056 -0.155560 -0.175480 0.007056 -0.155560 -0.034370 0.172790 -0.155560 
					</float_array>
					<technique_common>
						<accessor count="2277" offset="0" source="#meshId0-positions-array" stride="3">
							<param name="X" type="float" />
							<param name="Y" type="float" />
							<param name="Z" type="float" />
						</accessor>
					</technique_common>
				</source>
				<source id="meshId0-normals" name="meshId0-normals">
					<float_array id="meshId0-normals-array" count="6831"> 
						0.998795 0.049068 -0.000000 0.980785 0.195090 0.000000 0.980785 0.195090 0.000000 0.998795 0.049068 0.000000 -0.000000 -0.000000 1.000000 -0.000000 -0.000000 1.000000 -0.000000 0.000000 1.000000 -0.000000 0.000000 1.000000 -0.049068 0.998795 0.000000 -0.195090 0.980785 0.000000 -0.195090 0.980785 0.000000 -0.049068 0.998796 0.000000 0.000000 0.000000 1.000000 0.000000 0.000000 1.000000 0.000000 0.000000 1.000000 0.000000 0.000000 1.000000 0.990285 0.048944 -0.130158 0.972396 0.193720 -0.130075 0.972395 0.193720 0.130076 0.990285 0.048944 0.130158 0.000000 0.000000 1.000000 0.000000 0.000000 1.000000 0.000000 0.000000 1.000000 0.000000 0.000000 1.000000 -0.000000 0.000000 -1.000000 -0.000000 0.000000 -1.000000 -0.000000 0.000000 -1.000000 -0.000000 0.000000 -1.000000 0.000000 0.000000 1.000000 0.000000 0.000000 1.000000 0.098018 0.995185 0.000000 0.098018 0.995185 0.000000 0.098018 0.995185 0.000000 0.098018 0.995185 0.000000 -0.000000 0.000000 -1.000000 -0.000000 0.000000 -1.000000 0.000000 0.000000 -1.000000 0.000000 0.000000 -1.000000 0.000000 0.000000 1.000000 0.000000 0.000000 1.000000 -0.998795 0.049068 -0.000000 -0.998796 0.049068 0.000000 -0.980785 0.195090 -0.000000 -0.980785 0.195090 0.000000 0.000000 0.000000 -1.000000 0.000000 0.000000 -1.000000 0.000000 0.000000 -1.000000 0.000000 0.000000 -1.000000 0.000000 0.000000 1.000000 0.000000 0.000000 1.000000 0.000000 0.000000 -1.000000 0.000000 0.000000 -1.000000 0.000000 0.000000 -1.000000 0.000000 0.000000 -1.000000 0.000000 0.000000 -1.000000 0.000000 0.000000 -1.000000 0.000000 0.000000 -1.000000 0.000000 0.000000 -1.000000 -0.000000 0.000000 -1.000000 -0.000000 0.000000 -1.000000 0.000000 0.000000 1.000000 0.000000 0.000000 1.000000 0.000000 0.000000 1.000000 0.000000 0.000000 1.000000 
						-0.000000 0.000000 -1.000000 -0.000000 0.000000 -1.000000 -0.000001 0.000000 -1.000000 -0.000001 0.000000 -1.000000 -0.049068 -0.998796 0.000000 -0.049068 -0.998796 0.000000 -0.195090 -0.980785 0.000000 -0.195090 -0.980785 0.000000 -0.000000 -0.000000 1.000000 -0.000000 -0.000000 1.000000 0.000000 0.000000 1.000000 0.000000 0.000000 1.000000 0.000000 0.000000 1.000000 0.000000 0.000000 1.000000 0.000000 0.000000 -1.000000 0.000000 0.000000 -1.000000 0.000000 0.000000 -1.000000 0.000000 0.000000 -1.000000 -0.000001 0.000000 -1.000000 -0.000001 0.000000 -1.000000 -0.000000 0.000000 -1.000000 -0.000000 0.000000 -1.000000 0.000000 -0.000000 1.000000 0.000000 -0.000000 1.000000 0.000000 -0.000000 1.000000 0.000000 -0.000000 1.000000 0.000001 0.000000 -1.000000 0.000001 0.000000 -1.000000 0.000000 0.000000 1.000000 0.000000 0.000000 1.000000 0.998795 -0.049068 0.000000 0.998796 -0.049068 -0.000000 0.980785 -0.195090 0.000000 0.980785 -0.195090 0.000000 -0.000000 0.000000 -1.000000 -0.000000 0.000000 -1.000000 0.000000 0.000000 -1.000000 0.000000 0.000000 -1.000000 -0.000000 0.000000 -1.000000 -0.000000 0.000000 -1.000000 -0.000000 0.000000 -1.000000 -0.000000 0.000000 -1.000000 0.000001 0.000000 1.000000 0.000001 0.000000 1.000000 0.000000 0.000000 -1.000000 0.000000 0.000000 -1.000000 0.000000 0.000000 -1.000000 0.000000 0.000000 -1.000000 0.000000 0.000000 -1.000000 0.000000 0.000000 -1.000000 0.000000 0.000000 -1.000000 0.000000 0.000000 -1.000000 -0.026940 0.135214 0.990450 0.000000 0.000000 1.000000 0.000000 0.000000 1.000000 -0.006635 0.134227 0.990928 -0.382683 0.923879 -0.000000 -0.382684 0.923879 -0.000000 0.114656 0.076611 -0.990447 0.000000 0.000000 -1.000000 0.000000 0.000000 -1.000000 0.097507 0.097507 -0.990447 -0.555570 0.831470 0.000000 -0.555570 0.831469 -0.000000 
						-0.555570 0.831470 0.000000 -0.707107 0.707107 0.000000 -0.707107 0.707107 -0.000000 -0.555570 0.831469 -0.000000 0.972395 -0.193720 -0.130076 0.990285 -0.048944 -0.130158 0.990285 -0.048944 0.130158 0.972396 -0.193720 0.130075 -0.831469 0.555571 0.000000 -0.831470 0.555570 0.000000 0.000000 0.000000 -1.000000 0.076611 0.114657 -0.990447 -0.923880 0.382683 0.000000 -0.923880 0.382683 0.000000 -0.052771 0.127400 -0.990447 0.000000 0.000000 -1.000000 0.000000 0.000000 -1.000000 -0.076611 0.114657 -0.990447 -0.980785 0.195090 0.000000 -0.980785 0.195090 0.000000 0.550850 -0.824406 -0.130073 0.701099 -0.701099 -0.130074 0.701099 -0.701099 0.130074 0.550850 -0.824406 0.130075 -0.379432 0.916031 -0.130071 -0.550850 0.824406 -0.130073 -0.550850 0.824406 0.130075 -0.379432 0.916031 0.130073 0.000000 0.000000 -1.000000 0.000000 0.000000 -1.000000 -0.000000 0.000000 -1.000000 -0.000000 0.000000 -1.000000 -0.998795 0.049068 -0.000000 -0.998795 0.049068 0.000000 -0.026940 -0.135214 0.990450 0.000000 0.000000 1.000000 0.000000 0.000000 1.000000 -0.052771 -0.127400 0.990447 -0.980785 -0.195090 0.000000 -0.923880 -0.382683 0.000000 -0.923880 -0.382683 -0.000000 -0.980785 -0.195090 -0.000000 0.052771 0.127399 -0.990447 0.000000 0.000000 -1.000000 -0.000000 0.000000 -1.000000 0.026940 0.135213 -0.990450 -0.923880 -0.382683 0.000000 -0.831469 -0.555571 0.000000 -0.831470 -0.555570 0.000000 -0.923880 -0.382683 -0.000000 -0.076611 0.114657 -0.990447 0.000000 0.000000 -1.000000 -0.000000 0.000000 -1.000000 -0.097507 0.097507 -0.990447 -0.707107 -0.707107 -0.000000 -0.707107 -0.707107 0.000000 -0.193720 -0.972395 -0.130077 -0.048944 -0.990285 -0.130158 -0.048944 -0.990284 0.130161 -0.193720 -0.972395 0.130077 -0.555570 -0.831470 -0.000000 -0.555570 -0.831469 0.000000 0.134228 0.006635 0.990928 0.000000 0.000000 1.000000 
						0.000000 0.000000 1.000000 0.134228 -0.006635 0.990928 -0.382683 -0.923879 0.000000 -0.382684 -0.923879 0.000000 -0.000000 0.000000 -1.000000 -0.114656 0.076611 -0.990447 -0.382683 -0.923879 0.000000 -0.195090 -0.980785 0.000000 -0.195090 -0.980785 0.000000 -0.382684 -0.923879 0.000000 0.824406 -0.550850 -0.130075 0.824406 -0.550850 0.130075 -0.550850 0.824406 -0.130073 -0.701099 0.701099 -0.130074 -0.701099 0.701099 0.130074 -0.550850 0.824406 0.130075 -0.998795 -0.049068 -0.000000 -0.998795 -0.049068 -0.000000 -0.049068 -0.998795 -0.000000 -0.049068 -0.998796 -0.000000 -0.990285 -0.048944 -0.130158 -0.972396 -0.193720 -0.130075 -0.972395 -0.193720 0.130076 -0.990285 -0.048944 0.130158 0.195090 -0.980785 -0.000000 0.382683 -0.923879 0.000000 0.382683 -0.923879 0.000000 0.195090 -0.980785 -0.000000 0.006635 -0.134226 0.990929 0.000000 0.000000 1.000000 0.000000 0.000000 1.000000 -0.006635 -0.134227 0.990928 0.555570 -0.831470 -0.000000 0.555570 -0.831469 0.000000 -0.000000 0.000000 -1.000000 -0.127399 0.052770 -0.990447 0.555570 -0.831470 -0.000000 0.707107 -0.707107 -0.000000 0.707107 -0.707107 0.000000 0.555570 -0.831469 0.000000 -0.972395 0.193720 -0.130076 -0.990285 0.048944 -0.130158 -0.990285 0.048944 0.130158 -0.972396 0.193720 0.130075 0.831469 -0.555571 0.000000 0.831470 -0.555570 0.000000 -0.134228 -0.006635 0.990928 0.000000 0.000000 1.000000 0.000000 0.000000 1.000000 -0.134228 0.006635 0.990928 0.923880 -0.382683 0.000000 0.923880 -0.382683 -0.000000 -0.000000 0.000000 -1.000000 0.006635 0.134227 -0.990928 0.980785 -0.195090 0.000000 0.980785 -0.195090 -0.000000 0.000000 0.000000 1.000000 0.135214 -0.026940 0.990450 -0.824406 0.550850 -0.130075 -0.824406 0.550850 0.130075 0.049068 -0.998795 -0.000001 0.049068 -0.998796 -0.000000 0.998795 -0.049068 0.000000 0.998795 -0.049068 0.000000 
						0.048944 -0.990284 0.130161 0.048944 -0.990285 -0.130158 0.923880 0.382683 0.000000 0.923880 0.382683 0.000000 -0.048944 0.990285 -0.130158 -0.193720 0.972396 -0.130075 -0.193720 0.972396 0.130075 -0.048944 0.990285 0.130158 0.831469 0.555571 0.000000 0.831470 0.555570 0.000000 -0.134228 -0.006635 -0.990928 0.000000 0.000000 -1.000000 0.000000 0.000000 -1.000000 -0.135214 -0.026940 -0.990450 0.831469 0.555571 0.000000 0.707107 0.707107 0.000000 0.707107 0.707107 -0.000000 0.831470 0.555570 0.000000 0.000000 0.000000 -1.000000 -0.135214 0.026940 -0.990450 0.555570 0.831470 0.000000 0.555570 0.831469 -0.000000 0.193720 0.972395 -0.130077 0.048944 0.990284 -0.130161 0.048944 0.990284 0.130161 0.193720 0.972395 0.130077 0.382683 0.923879 -0.000000 0.382683 0.923879 -0.000000 0.000000 0.000000 -1.000000 -0.134228 0.006635 -0.990928 0.195090 0.980785 0.000000 0.195090 0.980785 0.000000 0.916031 -0.379432 -0.130073 0.916031 -0.379432 0.130073 -0.195090 0.980785 0.000000 -0.195090 0.980785 0.000000 -0.049068 0.998796 -0.000000 -0.049068 0.998795 0.000000 0.098018 -0.995185 0.000000 0.098018 -0.995185 0.000000 0.098018 -0.995185 0.000000 0.098018 -0.995185 0.000000 0.049068 0.998795 0.000000 0.049068 0.998796 -0.000000 0.195090 0.980785 0.000000 0.195090 0.980785 0.000000 0.098017 -0.995185 0.000000 0.098017 -0.995185 0.000000 0.098017 -0.995185 0.000000 0.098017 -0.995185 0.000000 -0.382684 0.923879 -0.000000 -0.382684 0.923879 -0.000000 -0.000000 0.000000 1.000000 -0.000000 0.000000 1.000000 0.000000 0.000000 1.000000 0.000000 0.000000 1.000000 -0.555571 0.831469 -0.000000 -0.555570 0.831469 -0.000000 0.000000 0.000000 1.000000 0.000000 0.000000 1.000000 -0.707107 0.707107 0.000000 -0.707107 0.707107 0.000000 -0.555570 0.831469 -0.000000 -0.555571 0.831469 -0.000000 
						0.098017 0.995185 0.000000 0.098017 0.995185 0.000000 0.098017 0.995185 0.000000 0.098017 0.995185 0.000000 -0.831469 0.555570 0.000000 -0.831470 0.555570 0.000000 -0.000000 0.000000 1.000000 -0.000000 0.000000 1.000000 -0.000000 0.000000 1.000000 -0.000000 0.000000 1.000000 -0.923879 0.382684 0.000000 -0.923879 0.382683 -0.000000 -0.000000 0.000000 -1.000000 0.000000 0.000000 -1.000000 0.000000 0.000000 1.000000 0.000000 0.000000 1.000000 0.000000 0.000000 1.000000 0.000000 0.000000 1.000000 -0.000000 0.000000 1.000000 -0.000000 0.000000 1.000000 0.000000 0.000000 1.000000 0.000000 0.000000 1.000000 0.000000 0.000000 1.000000 0.000000 0.000000 1.000000 0.000001 0.000000 -1.000000 0.000001 0.000000 -1.000000 -0.923879 -0.382684 0.000000 -0.923879 -0.382683 0.000000 -0.980785 -0.195090 0.000000 -0.980785 -0.195090 0.000000 -0.000000 0.000000 -1.000000 -0.000000 0.000000 -1.000000 -0.831469 -0.555570 -0.000000 -0.831470 -0.555570 0.000000 -0.923879 -0.382683 0.000000 -0.923879 -0.382684 0.000000 0.000000 0.000000 1.000000 0.000000 0.000000 1.000000 0.000000 0.000000 1.000000 0.000000 0.000000 1.000000 -0.707107 -0.707107 0.000000 -0.707107 -0.707107 0.000000 0.000000 0.000000 1.000000 0.000000 0.000000 1.000000 -0.555571 -0.831469 0.000000 -0.555570 -0.831469 0.000000 0.000000 0.000000 1.000000 0.000000 0.000000 1.000000 -0.382684 -0.923879 0.000000 -0.382684 -0.923879 0.000000 0.000000 0.000000 1.000000 0.000000 0.000000 1.000000 -0.000000 0.000000 1.000000 -0.000000 0.000000 1.000000 -0.382684 -0.923879 0.000000 -0.382684 -0.923879 0.000000 -0.998796 -0.049068 -0.000000 -0.998795 -0.049068 0.000000 0.000000 0.000000 -1.000000 0.000000 0.000000 -1.000000 -0.995185 -0.098018 0.000000 -0.995185 -0.098018 0.000000 -0.995185 -0.098018 0.000000 -0.995185 -0.098018 0.000000 
						-0.000000 0.000000 -1.000000 -0.000000 0.000000 -1.000000 0.000000 0.000000 1.000000 0.000000 0.000000 1.000000 0.000000 0.000000 1.000000 0.000000 0.000000 1.000000 0.382684 -0.923879 0.000000 0.382683 -0.923879 0.000000 0.195090 -0.980785 0.000000 0.195090 -0.980785 0.000000 -0.000000 0.000000 1.000000 -0.000000 0.000000 1.000000 0.555571 -0.831469 0.000000 0.555570 -0.831469 0.000000 0.000000 0.000000 -1.000000 0.000000 0.000000 -1.000000 0.000000 0.000000 -1.000000 0.000000 0.000000 -1.000000 0.707107 -0.707107 0.000000 0.707107 -0.707107 0.000000 0.555570 -0.831469 0.000000 0.555571 -0.831469 0.000000 0.995185 -0.098017 0.000000 0.995185 -0.098017 0.000000 0.995185 -0.098017 0.000000 0.995185 -0.098017 0.000000 0.831469 -0.555570 0.000000 0.831470 -0.555570 0.000000 0.000000 0.000000 -1.000000 0.000000 0.000000 -1.000000 0.923879 -0.382684 0.000000 0.923879 -0.382683 0.000000 0.995185 0.098018 0.000000 0.995185 0.098018 0.000000 0.995185 0.098018 0.000000 0.995185 0.098018 0.000000 0.049068 -0.998796 0.000000 0.049068 -0.998796 0.000000 -0.000000 0.000000 1.000000 -0.000000 0.000000 1.000000 -0.995185 0.098018 0.000000 -0.995185 0.098018 0.000000 -0.995185 0.098018 0.000000 -0.995185 0.098018 0.000000 0.923879 0.382684 0.000000 0.923879 0.382683 -0.000000 0.980785 0.195090 -0.000000 0.980785 0.195090 0.000000 0.000000 0.000000 -1.000000 0.000000 0.000000 -1.000000 0.831469 0.555570 0.000000 0.831470 0.555570 0.000000 0.000000 0.000000 1.000000 0.000000 0.000000 1.000000 0.707107 0.707107 0.000000 0.707107 0.707107 0.000000 0.831470 0.555570 0.000000 0.831469 0.555570 0.000000 0.000000 0.000000 -1.000000 0.000000 0.000000 -1.000000 0.000000 0.000000 -1.000000 0.000000 0.000000 -1.000000 0.555571 0.831469 -0.000000 0.555570 0.831469 -0.000000 
						0.000000 0.000000 1.000000 0.000000 0.000000 1.000000 0.000000 0.000000 1.000000 0.000000 0.000000 1.000000 0.382683 0.923879 0.000000 0.382683 0.923879 -0.000000 0.000000 0.000000 -1.000000 0.000000 0.000000 -1.000000 0.000000 0.000000 1.000000 0.000000 0.000000 1.000000 0.998796 0.049068 0.000000 0.998795 0.049068 0.000000 -0.032707 0.999465 -0.000001 0.032707 0.999465 -0.000001 0.032707 0.999465 -0.000001 -0.032707 0.999465 -0.000001 -0.999465 0.032707 0.000000 -0.999465 -0.032707 -0.000000 -0.999465 -0.032707 0.000000 -0.999465 0.032707 0.000000 -0.032707 -0.999465 0.000000 0.032707 -0.999465 0.000000 0.032707 -0.999465 0.000000 -0.032707 -0.999465 0.000000 0.999465 -0.032707 -0.000000 0.999465 0.032707 0.000000 0.999465 0.032707 0.000000 0.999465 -0.032707 0.000000 0.049068 0.998795 0.000000 0.049068 0.998796 0.000000 0.032707 0.999465 -0.000000 -0.032707 0.999465 -0.000000 -0.032707 0.999465 -0.000000 0.032707 0.999465 -0.000000 -0.076614 0.114660 -0.990446 0.000000 0.000000 -1.000000 0.000000 0.000000 -1.000000 -0.097510 0.097510 -0.990446 -0.134245 0.006680 -0.990926 0.000000 0.000000 -1.000000 0.000000 0.000000 -1.000000 -0.134245 -0.006680 -0.990926 0.999465 0.032707 0.000000 0.999465 -0.032707 -0.000000 0.999465 -0.032707 0.000000 0.999465 0.032707 0.000000 -0.114658 0.076612 -0.990446 0.000000 0.000000 -1.000000 -0.000000 0.000000 -1.000000 -0.127401 0.052772 -0.990446 -0.006680 0.134245 0.990926 0.000000 0.000000 1.000000 0.000000 0.000000 1.000000 0.006680 0.134245 0.990926 0.032707 -0.999465 0.000000 -0.032707 -0.999465 0.000000 -0.032707 -0.999465 0.000000 0.032707 -0.999465 0.000000 -0.824406 0.550850 -0.130069 -0.916031 0.379432 -0.130068 -0.916031 0.379433 0.130068 -0.824406 0.550851 0.130069 -0.999465 -0.032707 -0.000000 -0.999465 0.032707 0.000000 
						-0.999465 0.032707 0.000000 -0.999465 -0.032707 0.000000 0.127406 -0.052773 0.990446 0.000000 0.000000 1.000000 0.000000 0.000000 1.000000 0.114662 -0.076614 0.990446 -0.382683 0.923879 -0.000000 -0.382684 0.923879 -0.000000 -0.195090 0.980785 0.000000 -0.195090 0.980785 0.000000 -0.195090 0.980785 0.000000 -0.382684 0.923879 -0.000000 -0.555571 0.831469 0.000000 -0.555571 0.831469 -0.000000 -0.555571 0.831469 -0.000000 -0.707107 0.707106 0.000000 -0.707107 0.707107 0.000000 -0.555571 0.831469 -0.000000 -0.555571 0.831469 0.000000 -0.555571 0.831469 -0.000000 -0.707107 0.707107 0.000000 -0.831470 0.555570 0.000000 -0.831470 0.555570 0.000000 -0.831469 0.555571 0.000000 -0.923879 0.382684 -0.000000 -0.923879 0.382683 -0.000000 -0.923879 0.382684 0.000000 -0.980785 0.195090 0.000000 -0.980785 0.195090 0.000000 -0.980785 0.195090 0.000000 -0.923879 -0.382684 0.000000 -0.923879 -0.382683 0.000000 -0.980785 -0.195090 -0.000000 -0.980785 -0.195090 0.000000 -0.980785 -0.195090 0.000000 -0.923879 -0.382684 0.000000 -0.831470 -0.555570 0.000000 -0.831470 -0.555570 0.000000 -0.923879 -0.382683 0.000000 -0.923879 -0.382684 0.000000 -0.923879 -0.382684 0.000000 -0.831469 -0.555571 0.000000 -0.707107 -0.707106 0.000000 -0.707107 -0.707107 0.000000 -0.707107 -0.707107 0.000000 -0.555571 -0.831469 0.000000 -0.555571 -0.831469 0.000000 -0.555571 -0.831469 0.000000 -0.382683 -0.923880 0.000000 -0.382684 -0.923879 0.000000 -0.382684 -0.923879 0.000000 -0.195090 -0.980785 0.000000 -0.195090 -0.980785 0.000000 -0.382684 -0.923879 0.000000 -0.382683 -0.923880 0.000000 -0.382684 -0.923879 0.000000 -0.195090 -0.980785 0.000000 0.382683 -0.923880 0.000000 0.382684 -0.923879 0.000000 0.195090 -0.980785 0.000000 0.195090 -0.980785 0.000000 0.195090 -0.980785 0.000000 0.382684 -0.923879 0.000000 0.555571 -0.831469 0.000000 
						0.555571 -0.831469 0.000000 0.555571 -0.831469 0.000000 0.707107 -0.707106 0.000000 0.707107 -0.707107 0.000000 0.555571 -0.831469 0.000000 0.555571 -0.831469 0.000000 0.555571 -0.831469 0.000000 0.707107 -0.707107 0.000000 0.831470 -0.555570 0.000000 0.831470 -0.555570 0.000000 0.831469 -0.555571 0.000000 0.923879 -0.382684 0.000000 0.923879 -0.382683 0.000000 0.923879 -0.382684 0.000000 0.980785 -0.195090 0.000000 0.980785 -0.195090 -0.000000 0.980785 -0.195090 0.000000 0.923879 0.382684 -0.000000 0.923879 0.382683 -0.000000 0.980785 0.195090 0.000000 0.980785 0.195090 0.000000 0.980785 0.195090 0.000000 0.923879 0.382684 0.000000 0.831470 0.555570 0.000000 0.831470 0.555570 0.000000 0.831469 0.555571 0.000000 0.707107 0.707106 0.000000 0.707107 0.707107 0.000000 0.831470 0.555570 0.000000 0.831470 0.555570 0.000000 0.831469 0.555571 0.000000 0.707107 0.707107 0.000000 0.555571 0.831469 0.000000 0.555571 0.831469 -0.000000 0.555571 0.831469 -0.000000 0.382683 0.923880 0.000000 0.382684 0.923879 -0.000000 0.382684 0.923879 -0.000000 0.195090 0.980785 0.000000 0.195090 0.980785 0.000000 0.195090 0.980785 0.000000 -0.049068 0.998796 0.000000 0.049068 0.998796 0.000000 -0.998796 -0.049068 0.000000 -0.998796 0.049068 0.000000 0.049068 -0.998796 0.000000 -0.049068 -0.998796 0.000000 0.998796 0.049068 0.000000 0.998796 -0.049068 0.000000 0.998796 -0.049068 0.000000 0.999465 -0.032707 0.000000 -0.195090 0.980785 0.000000 -0.382683 0.923880 -0.000000 -0.382684 0.923879 -0.000000 -0.195090 0.980785 0.000000 -0.555571 0.831469 0.000000 -0.555571 0.831469 -0.000000 -0.555571 0.831469 0.000000 -0.707107 0.707106 0.000000 -0.707107 0.707107 0.000000 -0.555571 0.831469 -0.000000 -0.831470 0.555570 0.000000 -0.831470 0.555570 0.000000 -0.923879 0.382684 0.000000 
						-0.923880 0.382683 0.000000 -0.980785 0.195090 -0.000000 -0.980785 0.195090 0.000000 -0.980785 -0.195090 0.000000 -0.923879 -0.382684 0.000000 -0.923880 -0.382683 -0.000000 -0.980785 -0.195090 0.000000 -0.923879 -0.382684 0.000000 -0.831470 -0.555570 -0.000000 -0.831470 -0.555570 0.000000 -0.923880 -0.382683 -0.000000 -0.707107 -0.707106 0.000000 -0.707107 -0.707107 0.000000 -0.555571 -0.831469 -0.000000 -0.555571 -0.831469 0.000000 -0.382683 -0.923880 0.000000 -0.382684 -0.923879 0.000000 -0.382683 -0.923880 0.000000 -0.195090 -0.980785 0.000000 -0.195090 -0.980785 0.000000 -0.382684 -0.923879 0.000000 0.195090 -0.980785 0.000000 0.382683 -0.923880 0.000000 0.382684 -0.923879 0.000000 0.195090 -0.980785 0.000000 0.555571 -0.831469 -0.000000 0.555571 -0.831469 0.000000 0.555571 -0.831469 -0.000000 0.707107 -0.707106 0.000000 0.707107 -0.707107 0.000000 0.555571 -0.831469 0.000000 0.831470 -0.555570 -0.000000 0.831470 -0.555570 0.000000 0.923879 -0.382684 0.000000 0.923880 -0.382683 -0.000000 0.980785 -0.195090 0.000000 0.980785 -0.195090 0.000000 0.980785 0.195090 -0.000000 0.923879 0.382684 0.000000 0.923880 0.382683 0.000000 0.980785 0.195090 0.000000 0.831470 0.555570 0.000000 0.831470 0.555570 0.000000 0.831470 0.555570 0.000000 0.707107 0.707106 0.000000 0.707107 0.707107 0.000000 0.831470 0.555570 0.000000 0.555571 0.831469 0.000000 0.555571 0.831469 -0.000000 0.382683 0.923880 0.000000 0.382684 0.923879 -0.000000 0.195090 0.980785 0.000000 0.195090 0.980785 0.000000 0.999465 -0.032707 0.000000 0.382684 0.923879 0.000000 0.194270 0.980948 0.000000 0.194270 0.980948 0.000000 0.382684 0.923879 0.000000 0.555570 0.831469 -0.000000 0.555570 0.831469 -0.000000 0.707107 0.707107 -0.000000 0.707107 0.707107 -0.000000 0.831469 0.555571 0.000000 0.831469 0.555571 0.000000 
						0.923879 0.382684 0.000000 0.831469 0.555571 0.000000 0.831469 0.555571 0.000000 0.923879 0.382684 0.000000 0.980948 0.194269 0.000000 0.980948 0.194269 0.000000 0.980948 0.194270 -0.000000 0.980948 0.194270 -0.000000 0.995347 0.096352 0.000000 0.995347 0.096352 0.000000 0.923879 -0.382684 0.000000 0.980948 -0.194269 0.000000 0.980948 -0.194269 0.000000 0.923879 -0.382684 0.000000 0.831469 -0.555571 0.000000 0.831469 -0.555571 0.000000 0.707107 -0.707107 0.000000 0.707107 -0.707107 0.000000 0.555570 -0.831469 0.000000 0.555570 -0.831469 0.000000 0.382684 -0.923879 0.000000 0.555570 -0.831469 0.000000 0.555570 -0.831469 0.000000 0.382684 -0.923879 0.000000 0.194270 -0.980948 0.000000 0.194270 -0.980948 0.000000 0.194270 -0.980948 0.000000 0.194270 -0.980948 0.000000 0.096352 -0.995347 0.000000 0.096352 -0.995347 0.000000 -0.382684 -0.923879 0.000000 -0.194270 -0.980948 0.000000 -0.194270 -0.980948 0.000000 -0.382684 -0.923879 0.000000 -0.555570 -0.831469 0.000000 -0.382684 -0.923879 0.000000 -0.382684 -0.923879 0.000000 -0.555570 -0.831469 0.000000 -0.707107 -0.707107 0.000000 -0.707107 -0.707107 0.000000 -0.831469 -0.555571 0.000000 -0.831469 -0.555571 0.000000 -0.923879 -0.382684 0.000000 -0.923879 -0.382684 0.000000 -0.980948 -0.194269 0.000000 -0.923879 -0.382684 0.000000 -0.923879 -0.382684 0.000000 -0.980948 -0.194269 0.000000 -0.980948 -0.194270 0.000000 -0.980948 -0.194270 0.000000 -0.995347 -0.096352 0.000000 -0.995347 -0.096352 0.000000 -0.923879 0.382684 0.000000 -0.980948 0.194269 0.000000 -0.980948 0.194269 0.000000 -0.923879 0.382684 0.000000 -0.831469 0.555571 0.000000 -0.831469 0.555571 0.000000 -0.707107 0.707107 -0.000000 -0.707107 0.707107 -0.000000 -0.555570 0.831469 -0.000000 -0.555570 0.831469 -0.000000 -0.382684 0.923879 -0.000000 -0.555570 0.831469 -0.000000 
						-0.555570 0.831469 -0.000000 -0.382684 0.923879 -0.000000 -0.194270 0.980948 -0.000001 -0.194270 0.980948 -0.000001 -0.096352 0.995347 -0.000002 -0.096352 0.995347 -0.000002 -0.194270 0.980948 -0.000001 -0.194270 0.980948 -0.000001 -0.096352 0.995347 -0.000002 -0.096352 0.995347 -0.000002 0.096352 0.995347 -0.000002 0.096352 0.995347 -0.000002 0.194270 0.980948 -0.000001 0.194270 0.980948 -0.000001 -0.382684 0.923879 -0.000000 -0.382684 0.923879 -0.000000 -0.555571 0.831469 -0.000000 -0.555571 0.831469 -0.000000 -0.707107 0.707107 0.000000 -0.707107 0.707107 0.000000 -0.555571 0.831469 -0.000000 -0.555571 0.831469 -0.000000 -0.831469 0.555570 0.000000 -0.831469 0.555570 0.000000 -0.923879 0.382683 -0.000000 -0.923879 0.382683 -0.000000 -0.980948 0.194270 -0.000000 -0.980948 0.194270 -0.000000 -0.995347 0.096351 -0.000000 -0.995347 0.096351 -0.000000 -0.995347 0.096352 0.000000 -0.995347 0.096352 0.000000 -0.995347 -0.096351 0.000000 -0.995347 -0.096351 0.000000 -0.923879 -0.382683 0.000000 -0.923879 -0.382683 0.000000 -0.831469 -0.555570 -0.000000 -0.831469 -0.555570 -0.000000 -0.923879 -0.382683 0.000000 -0.923879 -0.382683 0.000000 -0.707107 -0.707107 -0.000000 -0.707107 -0.707107 -0.000000 -0.555571 -0.831469 0.000000 -0.555571 -0.831469 0.000000 -0.382684 -0.923879 0.000000 -0.382684 -0.923879 0.000000 -0.194270 -0.980948 0.000000 -0.194270 -0.980948 0.000000 -0.382684 -0.923879 0.000000 -0.382684 -0.923879 0.000000 -0.096352 -0.995347 0.000000 -0.096352 -0.995347 0.000000 -0.096352 -0.995347 0.000000 -0.096352 -0.995347 0.000000 0.096352 -0.995347 0.000000 0.096352 -0.995347 0.000000 0.382684 -0.923879 0.000000 0.382684 -0.923879 0.000000 0.555571 -0.831469 0.000000 0.555571 -0.831469 0.000000 0.707107 -0.707107 -0.000000 0.707107 -0.707107 -0.000000 0.555571 -0.831469 0.000000 0.555571 -0.831469 0.000000 
						0.831469 -0.555570 -0.000000 0.831469 -0.555570 -0.000000 0.923879 -0.382683 0.000000 0.923879 -0.382683 0.000000 0.980948 -0.194270 0.000000 0.980948 -0.194270 0.000000 0.995347 -0.096351 0.000000 0.995347 -0.096351 0.000000 0.995347 -0.096352 0.000000 0.995347 -0.096352 0.000000 0.995347 0.096351 -0.000000 0.995347 0.096351 -0.000000 0.923879 0.382683 -0.000000 0.923879 0.382683 -0.000000 0.831469 0.555570 0.000000 0.831469 0.555570 0.000000 0.707107 0.707107 0.000000 0.707107 0.707107 0.000000 0.831469 0.555570 0.000000 0.831469 0.555570 0.000000 0.555571 0.831469 -0.000000 0.555571 0.831469 -0.000000 0.382684 0.923879 -0.000000 0.382684 0.923879 -0.000000 0.096352 0.995347 0.000000 0.096352 0.995347 0.000000 0.995185 0.098018 0.000000 0.995185 0.098018 0.000000 0.995185 0.098018 0.000000 0.995185 0.098018 0.000000 0.000001 0.000000 -1.000000 0.000001 0.000000 -1.000000 0.000000 0.000000 1.000000 0.000000 0.000000 1.000000 0.000001 0.000000 -1.000000 0.000001 0.000000 -1.000000 0.000000 0.000000 -1.000000 0.000000 0.000000 -1.000000 0.000000 0.000000 1.000000 0.000000 0.000000 1.000000 0.000000 0.000000 -1.000000 0.000000 0.000000 -1.000000 0.000001 0.000000 -1.000000 0.000001 0.000000 -1.000000 -0.000001 0.000000 1.000000 -0.000001 0.000000 1.000000 -0.000000 0.000000 1.000000 -0.000000 0.000000 1.000000 0.000000 0.000000 -1.000000 0.000000 0.000000 -1.000000 -0.995185 0.098018 0.000000 -0.995185 0.098018 0.000000 -0.995185 0.098018 0.000000 -0.995185 0.098018 0.000000 0.000000 0.000000 1.000000 0.000000 0.000000 1.000000 0.000000 0.000000 -1.000000 0.000000 0.000000 -1.000000 0.000000 0.000000 -1.000000 0.000000 0.000000 -1.000000 -0.000000 0.000000 1.000000 -0.000000 0.000000 1.000000 0.000000 0.000000 -1.000000 0.000000 0.000000 -1.000000 
						0.000000 0.000000 1.000000 0.000000 0.000000 1.000000 0.000000 0.000000 1.000000 0.000000 0.000000 1.000000 0.000000 0.000000 -1.000000 0.000000 0.000000 -1.000000 0.000000 0.000000 1.000000 0.000000 0.000000 1.000000 0.000000 0.000000 1.000000 0.000000 0.000000 1.000000 0.000000 0.000000 -1.000000 0.000000 0.000000 -1.000000 -0.000000 0.000000 -1.000000 -0.000000 0.000000 -1.000000 -0.000000 0.000000 1.000000 -0.000000 0.000000 1.000000 0.000000 0.000000 -1.000000 0.000000 0.000000 -1.000000 0.000000 0.000000 -1.000000 0.000000 0.000000 -1.000000 -0.000000 0.000000 1.000000 -0.000000 0.000000 1.000000 -0.000000 0.000000 1.000000 -0.000000 0.000000 1.000000 -0.000000 0.000000 -1.000000 -0.000000 0.000000 -1.000000 0.000000 0.000000 1.000000 0.000000 0.000000 1.000000 0.000000 0.000000 1.000000 0.000000 0.000000 1.000000 0.000000 0.000000 -1.000000 0.000000 0.000000 -1.000000 0.000000 0.000000 -1.000000 0.000000 0.000000 -1.000000 0.000000 0.000000 1.000000 0.000000 0.000000 1.000000 0.000000 0.000000 -1.000000 0.000000 0.000000 -1.000000 0.000000 0.000000 -1.000000 0.000000 0.000000 -1.000000 0.000000 0.000000 1.000000 0.000000 0.000000 1.000000 0.000000 0.000000 1.000000 0.000000 0.000000 1.000000 -0.000000 0.000000 -1.000000 -0.000000 0.000000 -1.000000 -0.098018 0.995185 0.000000 -0.098018 0.995185 0.000000 -0.098018 0.995185 0.000000 -0.098018 0.995185 0.000000 0.000000 0.000000 1.000000 0.000000 0.000000 1.000000 0.000000 0.000000 -1.000000 0.000000 0.000000 -1.000000 0.000000 0.000000 1.000000 0.000000 0.000000 1.000000 0.000000 0.000000 -1.000000 0.000000 0.000000 -1.000000 0.000001 0.000000 1.000000 0.000001 0.000000 1.000000 -0.000001 0.000000 -1.000000 -0.000001 0.000000 -1.000000 -0.000000 0.000000 -1.000000 -0.000000 0.000000 -1.000000 
						-0.098018 -0.995185 0.000000 -0.098018 -0.995185 0.000000 -0.098018 -0.995185 0.000000 -0.098018 -0.995185 0.000000 0.000000 0.000000 1.000000 0.000000 0.000000 1.000000 0.000000 0.000000 -1.000000 0.000000 0.000000 -1.000000 0.000000 0.000000 1.000000 0.000000 0.000000 1.000000 0.000000 0.000000 1.000000 0.000000 0.000000 1.000000 0.000000 0.000000 -1.000000 0.000000 0.000000 -1.000000 0.000000 0.000000 1.000000 0.000000 0.000000 1.000000 -0.000000 0.000000 -1.000000 0.000000 0.000000 -1.000000 -0.000000 0.000000 1.000000 -0.000000 0.000000 1.000000 -0.000000 0.000000 1.000000 0.000000 0.000000 1.000000 0.000000 0.000000 -1.000000 0.000000 0.000000 -1.000000 0.000000 0.000000 -1.000000 0.000000 0.000000 -1.000000 -0.000000 0.000000 1.000000 -0.000000 0.000000 1.000000 -0.000000 0.000000 1.000000 -0.000000 0.000000 1.000000 0.000000 0.000000 -1.000000 0.000000 0.000000 -1.000000 0.000000 0.000000 1.000000 0.000000 0.000000 1.000000 0.000000 0.000000 -1.000000 0.000000 0.000000 -1.000000 0.000000 0.000000 -1.000000 0.000000 0.000000 -1.000000 -0.995185 -0.098018 0.000000 -0.995185 -0.098018 0.000000 -0.995185 -0.098018 0.000000 -0.995185 -0.098018 0.000000 -0.000000 0.000000 1.000000 -0.000000 0.000000 1.000000 0.000000 0.000000 1.000000 0.000000 0.000000 1.000000 0.995185 -0.098018 0.000000 0.995185 -0.098018 0.000000 0.995185 -0.098018 0.000000 0.995185 -0.098018 0.000000 -0.000000 0.000000 -1.000000 -0.000000 0.000000 -1.000000 -0.000000 0.000000 -1.000000 -0.000000 0.000000 -1.000000 -0.000000 0.000000 1.000000 -0.000000 0.000000 1.000000 -0.000000 0.000000 1.000000 -0.000000 0.000000 1.000000 -0.000000 0.000000 1.000000 -0.000000 0.000000 1.000000 0.000000 0.000000 -1.000000 0.000000 0.000000 -1.000000 -0.000000 0.000000 -1.000000 -0.000000 0.000000 -1.000000 
						-0.000001 0.000000 -1.000000 -0.000001 0.000000 -1.000000 -0.000000 0.000000 -1.000000 -0.000000 0.000000 -1.000000 0.000000 0.000000 1.000000 0.000000 0.000000 1.000000 -0.000000 0.000000 1.000000 -0.000000 0.000000 1.000000 -0.000001 0.000000 1.000000 -0.000001 0.000000 1.000000 0.000000 0.000000 -1.000000 0.000000 0.000000 -1.000000 -0.000001 0.000000 -1.000000 -0.000001 0.000000 -1.000000 0.000000 0.000000 1.000000 0.000000 0.000000 1.000000 -0.000000 0.000000 1.000000 -0.000000 0.000000 1.000000 0.000000 0.000000 -1.000000 0.000000 0.000000 -1.000000 -0.000000 0.000000 -1.000000 -0.000000 0.000000 -1.000000 -0.098017 -0.995185 0.000000 -0.098017 -0.995185 0.000000 -0.098017 -0.995185 0.000000 -0.098017 -0.995185 0.000000 -0.098017 0.995185 0.000000 -0.098017 0.995185 0.000000 -0.098017 0.995185 0.000000 -0.098017 0.995185 0.000000 -0.998795 -0.049068 0.000000 -0.998795 0.049068 -0.000000 -0.998795 0.049068 0.000000 -0.998795 -0.049068 0.000000 0.049068 -0.998796 0.000000 -0.049068 -0.998796 0.000000 -0.049068 -0.998796 0.000000 0.049068 -0.998796 0.000000 0.998795 0.049068 -0.000000 0.998795 -0.049068 0.000000 0.998795 -0.049068 0.000000 0.998795 0.049068 0.000000 -0.049068 0.998796 0.000000 0.049068 0.998796 0.000000 0.049068 0.998796 0.000000 -0.049068 0.998796 0.000000 -0.824406 -0.550850 -0.130069 -0.701100 -0.701099 -0.130070 -0.701100 -0.701100 0.130070 -0.824406 -0.550851 0.130069 0.114661 -0.076614 0.990446 0.000000 0.000000 1.000000 0.000000 0.000000 1.000000 0.097511 -0.097511 0.990446 0.379433 -0.916031 -0.130069 0.550851 -0.824406 -0.130070 0.550851 -0.824406 0.130070 0.379432 -0.916031 0.130069 0.127404 -0.052773 0.990446 0.000000 0.000000 1.000000 0.134245 -0.006680 0.990926 -0.000001 0.000000 1.000000 -0.000001 0.000000 1.000000 0.135187 -0.026981 0.990453 
						0.824406 -0.550850 -0.130069 0.916031 -0.379432 -0.130068 0.916031 -0.379433 0.130068 0.824406 -0.550851 0.130069 0.824406 0.550850 -0.130069 0.701100 0.701099 -0.130070 0.701100 0.701100 0.130070 0.824406 0.550851 0.130069 0.135187 0.026981 0.990453 -0.000001 0.000000 1.000000 -0.000001 0.000000 1.000000 0.134245 0.006680 0.990926 0.052773 0.127404 0.990446 0.000000 0.000000 1.000000 0.000000 0.000000 1.000000 0.076614 0.114660 0.990446 0.127404 0.052773 0.990446 0.000000 0.000000 1.000000 -0.701100 0.701099 -0.130070 -0.701100 0.701100 0.130070 -0.990269 -0.049249 -0.130158 -0.972336 -0.194019 -0.130073 -0.972336 -0.194019 0.130073 -0.990269 -0.049249 0.130158 0.114661 0.076614 0.990446 0.000000 0.000000 1.000000 -0.049249 0.990269 0.130159 0.049249 0.990269 0.130158 0.049249 0.990269 -0.130158 -0.049249 0.990269 -0.130159 0.097511 0.097510 0.990446 0.000000 0.000000 1.000000 0.000000 0.000000 1.000000 0.114661 0.076614 0.990446 -0.052773 0.127404 0.990446 -0.000000 0.000000 1.000000 -0.000000 0.000000 1.000000 -0.026981 0.135187 0.990453 0.049249 -0.990269 0.130158 -0.049249 -0.990269 0.130159 -0.049249 -0.990269 -0.130159 0.049249 -0.990269 -0.130158 0.194019 0.972336 -0.130074 0.194019 0.972336 0.130074 -0.379433 -0.916031 -0.130069 -0.194019 -0.972336 -0.130075 -0.194019 -0.972336 0.130075 -0.379433 -0.916031 0.130069 -0.076614 0.114661 0.990446 -0.000000 0.000000 1.000000 0.701100 -0.701099 -0.130070 0.701100 -0.701100 0.130070 0.990269 0.049249 -0.130158 0.972336 0.194019 -0.130073 0.972336 0.194019 0.130073 0.990269 0.049249 0.130158 0.026981 0.135187 0.990453 0.000000 0.000000 1.000000 -0.097511 0.097511 0.990446 0.000000 0.000000 1.000000 -0.000000 0.000000 1.000000 -0.076614 0.114661 0.990446 -0.114661 0.076614 0.990446 0.000000 0.000000 1.000000 
						0.379433 0.916031 -0.130069 0.379432 0.916031 0.130069 0.006680 -0.134246 0.990926 0.000000 0.000000 1.000000 0.000000 0.000000 1.000000 -0.006680 -0.134246 0.990926 -0.127404 0.052773 0.990446 0.000000 0.000000 1.000000 0.006679 0.134245 -0.990926 -0.000000 0.000000 -1.000000 0.000000 0.000000 -1.000000 -0.006679 0.134245 -0.990926 0.134245 -0.006680 -0.990926 0.000000 0.000000 -1.000000 0.000000 0.000000 -1.000000 0.134245 0.006680 -0.990926 0.990269 -0.049249 0.130158 0.990269 -0.049249 -0.130158 -0.006679 -0.134245 -0.990926 0.000000 0.000000 -1.000000 0.000000 0.000000 -1.000000 0.006680 -0.134245 -0.990926 0.052773 0.127404 -0.990446 -0.000000 0.000000 -1.000000 -0.000000 0.000000 -1.000000 0.026981 0.135187 -0.990453 0.076614 0.114660 -0.990446 0.000000 0.000000 -1.000000 0.097510 0.097510 -0.990446 0.000000 0.000000 -1.000000 0.916031 0.379432 -0.130068 0.916031 0.379433 0.130068 0.127405 0.052773 -0.990446 0.000002 0.000000 -1.000000 0.000001 0.000000 -1.000000 0.114660 0.076614 -0.990446 0.135186 -0.026981 -0.990453 0.000000 0.000000 -1.000000 0.000001 0.000000 -1.000000 0.135187 0.026981 -0.990453 0.972336 -0.194019 -0.130073 0.972336 -0.194019 0.130073 0.127404 -0.052773 -0.990446 0.000000 0.000000 -1.000000 0.114660 -0.076614 -0.990446 0.000000 0.000000 -1.000000 0.097510 -0.097511 -0.990446 0.000000 0.000000 -1.000000 0.194019 -0.972336 -0.130074 0.194019 -0.972336 0.130074 0.052772 -0.127404 -0.990446 -0.000000 0.000000 -1.000000 0.000000 0.000000 -1.000000 0.076614 -0.114660 -0.990446 -0.000000 0.000000 -1.000000 0.026981 -0.135187 -0.990453 -0.026981 -0.135187 -0.990453 0.000000 0.000000 -1.000000 -0.052773 -0.127404 -0.990446 0.000000 0.000000 -1.000000 -0.076614 -0.114660 -0.990446 0.000000 0.000000 -1.000000 0.000000 0.000000 -1.000000 -0.052773 -0.127404 -0.990446 
						-0.097510 -0.097510 -0.990446 0.000000 0.000000 -1.000000 -0.916031 -0.379433 -0.130068 -0.916031 -0.379433 0.130068 -0.127405 -0.052773 -0.990446 -0.000002 0.000000 -1.000000 -0.000001 0.000000 -1.000000 -0.114660 -0.076614 -0.990446 -0.135186 0.026981 -0.990453 0.000000 0.000000 -1.000000 -0.000001 0.000000 -1.000000 -0.135186 -0.026981 -0.990453 -0.972336 0.194019 -0.130073 -0.990269 0.049249 -0.130158 -0.990269 0.049249 0.130158 -0.972336 0.194019 0.130073 -0.127404 0.052773 -0.990446 0.000000 0.000000 -1.000000 -0.114660 0.076614 -0.990446 0.000000 0.000000 -1.000000 -0.194019 0.972336 -0.130075 -0.379433 0.916031 -0.130069 -0.379432 0.916031 0.130069 -0.194019 0.972336 0.130075 -0.052773 0.127405 -0.990446 0.000000 0.000000 -1.000000 0.000000 0.000000 -1.000000 -0.076614 0.114660 -0.990446 0.000000 0.000000 -1.000000 -0.026981 0.135187 -0.990453 0.000000 0.000000 1.000000 0.076614 -0.114661 0.990446 0.076614 -0.114661 0.990446 0.000000 0.000000 1.000000 0.000000 0.000000 1.000000 0.052773 -0.127404 0.990446 -0.550851 0.824406 -0.130070 -0.550851 0.824406 0.130070 0.000000 0.000000 1.000000 0.026982 -0.135187 0.990453 0.550851 0.824406 -0.130070 0.550851 0.824406 0.130070 0.114660 0.076614 -0.990446 0.000001 0.000000 -1.000000 -0.026982 -0.135187 0.990453 0.000000 0.000000 1.000000 0.000000 0.000000 1.000000 -0.052773 -0.127405 0.990446 -0.550851 -0.824406 -0.130070 -0.550851 -0.824406 0.130070 -0.052773 -0.127405 0.990446 0.000000 0.000000 1.000000 0.000000 0.000000 1.000000 -0.076614 -0.114660 0.990446 0.000000 0.000000 1.000000 -0.097511 -0.097510 0.990446 0.076614 -0.114660 -0.990446 0.000000 0.000000 -1.000000 0.000000 0.000000 1.000000 -0.114661 -0.076614 0.990446 0.000000 0.000000 1.000000 -0.127404 -0.052773 0.990446 -0.127404 -0.052773 0.990446 0.000000 0.000000 1.000000 
						0.000001 0.000000 1.000000 -0.135187 -0.026981 0.990453 0.824406 0.550850 -0.130069 0.824406 0.550851 0.130069 0.550851 -0.824406 -0.130070 0.550851 -0.824406 0.130070 0.000000 0.000000 1.000000 -0.134245 -0.006680 0.990926 -0.379433 -0.916031 -0.130069 -0.379433 -0.916031 0.130069 -0.135186 0.026981 0.990453 0.000001 0.000000 1.000000 -0.000002 0.000000 -1.000000 -0.127405 -0.052773 -0.990446 -0.134245 0.006680 0.990926 0.000000 0.000000 1.000000 -0.916031 -0.379433 -0.130068 -0.916031 -0.379433 0.130068 -0.550851 0.824406 -0.130070 -0.550851 0.824406 0.130070 -0.332586 0.802934 -0.494655 -0.170061 0.852265 -0.494695 -0.195314 0.471530 -0.859949 -0.099867 0.500442 -0.859991 -0.482840 0.722621 -0.494656 -0.283551 0.424365 -0.859949 -0.614539 0.614538 -0.494655 -0.482840 0.722621 -0.494656 -0.360892 0.360893 -0.859949 -0.283551 0.424365 -0.859949 -0.722623 0.482840 -0.494653 -0.424365 0.283552 -0.859949 -0.802935 0.332587 -0.494653 -0.471530 0.195314 -0.859949 -0.852267 0.170061 -0.494692 -0.500443 0.099867 -0.859990 -0.802935 -0.332587 -0.494653 -0.852267 -0.170061 -0.494693 -0.471530 -0.195314 -0.859949 -0.500442 -0.099867 -0.859991 -0.722623 -0.482840 -0.494653 -0.802935 -0.332587 -0.494653 -0.424365 -0.283552 -0.859949 -0.471530 -0.195314 -0.859949 -0.614539 -0.614538 -0.494655 -0.360893 -0.360893 -0.859949 -0.482840 -0.722621 -0.494656 -0.283552 -0.424365 -0.859949 -0.332586 -0.802934 -0.494655 -0.195314 -0.471529 -0.859949 -0.170061 -0.852265 -0.494695 -0.332586 -0.802934 -0.494655 -0.099867 -0.500442 -0.859991 -0.195314 -0.471529 -0.859949 0.332587 -0.802934 -0.494654 0.170061 -0.852266 -0.494694 0.195314 -0.471530 -0.859949 0.099867 -0.500441 -0.859991 0.482840 -0.722621 -0.494656 0.283551 -0.424365 -0.859949 0.614539 -0.614538 -0.494655 0.482840 -0.722621 -0.494656 0.360892 -0.360893 -0.859949 0.283551 -0.424365 -0.859949 
						0.722623 -0.482840 -0.494653 0.424365 -0.283552 -0.859949 0.802935 -0.332587 -0.494653 0.471530 -0.195315 -0.859949 0.852267 -0.170061 -0.494692 0.500442 -0.099867 -0.859991 0.802935 0.332587 -0.494653 0.852267 0.170061 -0.494693 0.471530 0.195314 -0.859949 0.500442 0.099867 -0.859991 0.722623 0.482840 -0.494653 0.424365 0.283552 -0.859949 0.614539 0.614538 -0.494655 0.722623 0.482840 -0.494653 0.360893 0.360893 -0.859949 0.424365 0.283552 -0.859949 0.482840 0.722621 -0.494656 0.283552 0.424365 -0.859949 0.332587 0.802934 -0.494654 0.195314 0.471530 -0.859949 0.170061 0.852266 -0.494695 0.099867 0.500441 -0.859991 -0.043105 0.866728 -0.496915 0.043105 0.866728 -0.496916 -0.025121 0.505036 -0.862733 0.025121 0.505034 -0.862734 -0.866728 -0.043105 -0.496915 -0.866728 0.043105 -0.496914 -0.505035 -0.025121 -0.862733 -0.505036 0.025121 -0.862733 0.043105 -0.866728 -0.496915 -0.043105 -0.866728 -0.496915 0.025121 -0.505035 -0.862733 -0.025121 -0.505036 -0.862733 0.866728 0.043105 -0.496915 0.866728 -0.043105 -0.496914 0.505035 0.025121 -0.862733 0.505035 -0.025121 -0.862733 -0.866728 0.043105 0.496915 -0.866728 -0.043105 0.496915 -0.505034 0.025121 0.862733 -0.505035 -0.025121 0.862733 -0.043105 -0.866728 0.496916 0.043105 -0.866727 0.496916 -0.025121 -0.505035 0.862733 0.025121 -0.505034 0.862734 0.866728 -0.043105 0.496915 0.866728 0.043105 0.496915 0.505035 -0.025121 0.862733 0.505035 0.025121 0.862733 0.043105 0.866728 0.496915 -0.043105 0.866728 0.496915 0.025121 0.505034 0.862734 -0.025121 0.505036 0.862733 0.099867 0.500441 0.859992 0.170060 0.852266 0.494695 0.195314 0.471530 0.859949 0.283551 0.424365 0.859950 0.332586 0.802934 0.494655 0.482840 0.722621 0.494656 0.360893 0.360893 0.859949 0.614539 0.614539 0.494656 0.424366 0.283552 0.859949 0.722622 0.482841 0.494654 
						0.424366 0.283552 0.859949 0.471530 0.195314 0.859949 0.722622 0.482841 0.494654 0.802935 0.332587 0.494653 0.500442 0.099867 0.859991 0.852266 0.170061 0.494693 0.500442 -0.099867 0.859991 0.852266 -0.170061 0.494693 0.471530 -0.195314 0.859949 0.802935 -0.332587 0.494653 0.424366 -0.283552 0.859949 0.722622 -0.482841 0.494654 0.360893 -0.360893 0.859949 0.614539 -0.614539 0.494656 0.283551 -0.424365 0.859950 0.482840 -0.722621 0.494656 0.283551 -0.424365 0.859950 0.195314 -0.471530 0.859949 0.482840 -0.722621 0.494656 0.332586 -0.802934 0.494655 0.099867 -0.500441 0.859991 0.170061 -0.852266 0.494695 -0.099867 -0.500442 0.859991 -0.170060 -0.852265 0.494695 -0.195314 -0.471529 0.859949 -0.332586 -0.802934 0.494655 -0.195314 -0.471529 0.859949 -0.283551 -0.424365 0.859950 -0.332586 -0.802934 0.494655 -0.482840 -0.722621 0.494656 -0.360893 -0.360893 0.859949 -0.614539 -0.614539 0.494656 -0.424366 -0.283552 0.859949 -0.722622 -0.482841 0.494654 -0.471530 -0.195314 0.859949 -0.802935 -0.332587 0.494653 -0.471530 -0.195314 0.859949 -0.500442 -0.099867 0.859991 -0.802935 -0.332587 0.494653 -0.852266 -0.170061 0.494693 -0.500442 0.099867 0.859991 -0.852266 0.170061 0.494693 -0.471530 0.195314 0.859949 -0.802935 0.332587 0.494653 -0.424366 0.283552 0.859949 -0.722622 0.482841 0.494654 -0.360893 0.360893 0.859949 -0.614539 0.614539 0.494656 -0.283551 0.424365 0.859950 -0.482840 0.722621 0.494656 -0.283551 0.424365 0.859950 -0.195314 0.471529 0.859949 -0.482840 0.722621 0.494656 -0.332586 0.802934 0.494655 -0.099867 0.500442 0.859991 -0.170060 0.852265 0.494695 -0.049068 0.998796 0.000000 0.049068 0.998796 0.000000 0.998796 0.049068 -0.000000 0.998796 -0.049068 0.000000 0.049068 -0.998796 0.000000 -0.049068 -0.998796 0.000000 -0.998796 -0.049068 0.000000 -0.998796 0.049068 0.000000 
						0.195090 0.980785 0.000000 0.195090 0.980785 0.000000 0.555570 0.831469 -0.000000 0.382683 0.923879 -0.000000 0.382683 0.923880 0.000000 0.555570 0.831469 -0.000000 0.707107 0.707107 -0.000000 0.707107 0.707107 0.000000 0.831469 0.555570 0.000000 0.831469 0.555570 0.000000 0.923880 0.382683 0.000000 0.831469 0.555570 0.000000 0.831469 0.555570 0.000000 0.923880 0.382683 0.000000 0.980785 0.195090 0.000000 0.980785 0.195090 0.000000 0.980785 -0.195090 -0.000000 0.980785 -0.195090 0.000000 0.923880 -0.382683 -0.000000 0.923880 -0.382683 0.000000 0.831469 -0.555570 -0.000000 0.831469 -0.555570 -0.000000 0.707107 -0.707107 0.000000 0.707107 -0.707107 0.000000 0.555570 -0.831469 0.000000 0.555570 -0.831469 0.000000 0.382683 -0.923879 0.000000 0.555570 -0.831469 0.000000 0.555570 -0.831469 0.000000 0.382683 -0.923880 0.000000 0.195090 -0.980785 0.000000 0.195090 -0.980785 0.000000 -0.195090 -0.980785 0.000000 -0.195090 -0.980785 0.000000 -0.382683 -0.923879 0.000000 -0.382683 -0.923879 0.000000 -0.555570 -0.831469 0.000000 -0.382683 -0.923879 0.000000 -0.382683 -0.923879 0.000000 -0.555570 -0.831469 0.000000 -0.707107 -0.707107 0.000000 -0.707107 -0.707107 0.000000 -0.831469 -0.555570 -0.000000 -0.831469 -0.555570 -0.000000 -0.923880 -0.382683 -0.000000 -0.923880 -0.382683 0.000000 -0.980785 -0.195090 -0.000000 -0.923880 -0.382683 -0.000000 -0.923880 -0.382683 0.000000 -0.980785 -0.195090 0.000000 -0.980785 0.195090 0.000000 -0.980785 0.195090 0.000000 -0.923880 0.382683 0.000000 -0.923880 0.382683 0.000000 -0.831469 0.555570 0.000000 -0.831469 0.555570 0.000000 -0.707107 0.707107 -0.000000 -0.707107 0.707107 0.000000 -0.555570 0.831469 -0.000000 -0.555570 0.831469 -0.000000 -0.382683 0.923879 -0.000000 -0.555570 0.831469 -0.000000 -0.555570 0.831469 -0.000000 -0.382683 0.923880 0.000000 
						-0.195090 0.980785 0.000000 -0.195090 0.980785 0.000000 0.000000 0.000000 1.000000 -0.135214 0.026940 0.990450 -0.000000 0.000000 -1.000000 -0.127399 -0.052770 -0.990447 -0.127399 -0.052770 -0.990447 -0.000000 0.000000 -1.000000 -0.000000 0.000000 -1.000000 -0.114656 -0.076611 -0.990447 0.916031 0.379432 -0.130073 0.916031 0.379432 0.130073 0.195090 0.980785 0.000000 0.382683 0.923880 0.000000 0.555570 0.831469 0.000000 0.707107 0.707107 0.000000 0.831469 0.555571 0.000000 0.831469 0.555571 0.000000 0.923879 0.382684 0.000000 0.980785 0.195090 0.000000 0.980785 -0.195090 0.000000 0.923879 -0.382684 0.000000 0.831469 -0.555571 0.000000 0.707107 -0.707107 0.000000 0.555570 -0.831469 0.000000 0.555570 -0.831469 0.000000 0.382683 -0.923880 0.000000 0.195090 -0.980785 0.000000 -0.195090 -0.980785 0.000000 -0.382683 -0.923880 0.000000 -0.382683 -0.923880 0.000000 -0.555570 -0.831469 0.000000 -0.707107 -0.707107 0.000000 -0.831469 -0.555571 0.000000 -0.923879 -0.382684 0.000000 -0.923879 -0.382684 0.000000 -0.980785 -0.195090 0.000000 -0.980785 0.195090 0.000000 -0.923879 0.382684 0.000000 -0.831469 0.555571 0.000000 -0.707107 0.707107 0.000000 -0.555570 0.831469 0.000000 -0.555570 0.831469 0.000000 -0.382683 0.923880 0.000000 -0.195090 0.980785 0.000000 0.052771 0.127399 0.990447 0.000000 0.000000 1.000000 0.000000 0.000000 1.000000 0.076611 0.114657 0.990447 -0.026940 0.135214 -0.990450 0.000000 0.000000 -1.000000 -0.052771 0.127400 0.990447 0.000000 0.000000 1.000000 -0.076611 0.114657 0.990447 0.000000 0.000000 1.000000 -0.097507 0.097507 0.990447 0.000000 0.000000 1.000000 0.000000 0.000000 1.000000 -0.076611 0.114657 0.990447 -0.916031 0.379432 -0.130073 -0.916031 0.379432 0.130073 -0.127399 0.052770 0.990447 0.000000 0.000000 1.000000 0.000000 0.000000 1.000000 
						-0.114656 0.076611 0.990447 -0.135214 -0.026940 0.990450 0.000000 0.000000 1.000000 -0.127399 -0.052770 0.990447 0.000000 0.000000 1.000000 -0.114656 -0.076611 0.990447 0.000000 0.000000 1.000000 0.000000 0.000000 1.000000 -0.127399 -0.052770 0.990447 -0.097507 -0.097507 0.990447 0.000000 0.000000 1.000000 -0.379432 -0.916031 -0.130073 -0.379432 -0.916031 0.130071 -0.052771 -0.127400 0.990447 0.000000 0.000000 1.000000 0.000000 0.000000 1.000000 -0.076611 -0.114657 0.990447 0.026940 -0.135213 0.990450 0.000000 0.000000 1.000000 0.193720 -0.972395 -0.130077 0.193720 -0.972395 0.130077 0.052771 -0.127399 0.990447 0.000000 0.000000 1.000000 0.076611 -0.114657 0.990447 0.000000 0.000000 1.000000 0.097507 -0.097507 0.990447 0.000000 0.000000 1.000000 0.000000 0.000000 1.000000 0.076611 -0.114657 0.990447 0.127399 -0.052770 0.990447 0.000000 0.000000 1.000000 0.000000 0.000000 1.000000 0.114656 -0.076611 0.990447 0.135214 0.026940 0.990450 0.000000 0.000000 1.000000 0.127399 0.052770 0.990447 0.000000 0.000000 1.000000 0.114656 0.076611 0.990447 0.000000 0.000000 1.000000 0.097507 0.097507 0.990447 0.000000 0.000000 1.000000 0.000000 0.000000 1.000000 0.114656 0.076611 0.990447 0.379432 0.916031 -0.130073 0.379432 0.916031 0.130071 0.006635 -0.134226 -0.990929 0.000000 0.000000 -1.000000 0.000000 0.000000 -1.000000 0.026940 -0.135213 -0.990450 0.134228 0.006635 -0.990928 -0.000000 0.000000 -1.000000 -0.000000 0.000000 -1.000000 0.135214 0.026940 -0.990450 0.000000 0.000000 -1.000000 -0.006635 0.134227 -0.990928 0.379432 -0.916031 -0.130071 0.550850 -0.824406 -0.130073 0.550850 -0.824406 0.130075 0.379432 -0.916031 0.130073 0.127399 0.052770 -0.990447 0.000000 0.000000 -1.000000 0.000000 0.000000 -1.000000 0.114656 0.076611 -0.990447 0.000000 0.000000 1.000000 
						0.006635 0.134227 0.990928 0.135214 -0.026940 -0.990450 0.000000 0.000000 -1.000000 0.000000 0.000000 -1.000000 0.134228 -0.006635 -0.990928 0.127399 -0.052770 -0.990447 0.000000 0.000000 -1.000000 -0.550850 -0.824406 -0.130075 -0.379432 -0.916031 -0.130073 -0.379432 -0.916031 0.130071 -0.550850 -0.824406 0.130073 0.114656 -0.076611 -0.990447 0.000000 0.000000 -1.000000 0.550850 0.824406 -0.130075 0.550850 0.824406 0.130073 0.097507 -0.097507 -0.990447 0.000000 0.000000 -1.000000 0.076611 -0.114657 -0.990447 0.000000 0.000000 -1.000000 -0.701099 -0.701099 -0.130074 -0.701099 -0.701099 0.130074 0.000000 0.000000 1.000000 0.026940 0.135213 0.990450 0.052771 -0.127399 -0.990447 0.000000 0.000000 -1.000000 0.000000 0.000000 -1.000000 0.076611 -0.114657 -0.990447 -0.824406 -0.550850 -0.130075 -0.824406 -0.550850 0.130075 0.701099 0.701099 -0.130074 0.701099 0.701099 0.130074 -0.026940 -0.135214 -0.990450 0.000000 0.000000 -1.000000 0.000000 0.000000 -1.000000 -0.006635 -0.134227 -0.990928 -0.052771 -0.127400 -0.990447 0.000000 0.000000 -1.000000 -0.916031 -0.379432 -0.130073 -0.916031 -0.379432 0.130073 0.824406 0.550850 -0.130075 0.824406 0.550850 0.130075 -0.076611 -0.114657 -0.990447 0.000000 0.000000 -1.000000 0.000000 0.000000 -1.000000 -0.052771 -0.127400 -0.990447 -0.916031 -0.379432 -0.130073 -0.916031 -0.379432 0.130073 0.824406 0.550850 -0.130075 0.824406 0.550850 0.130075 -0.097507 -0.097507 -0.990447 -0.000000 0.000000 -1.000000 0.332585 0.802931 0.494661 0.169800 0.852326 0.494680 0.195310 0.471521 0.859955 0.099714 0.500502 0.859973 0.482838 0.722618 0.494662 0.283548 0.424359 0.859954 0.614536 0.614536 0.494662 0.360887 0.360888 0.859954 0.722618 0.482838 0.494662 0.424359 0.283548 0.859953 0.802931 0.332585 0.494660 0.722618 0.482838 0.494662 0.471523 0.195311 0.859953 
						0.424359 0.283548 0.859953 0.852326 0.169800 0.494680 0.500501 0.099714 0.859974 0.802931 -0.332585 0.494660 0.852326 -0.169800 0.494680 0.471523 -0.195311 0.859953 0.500501 -0.099714 0.859974 0.722618 -0.482838 0.494662 0.424359 -0.283548 0.859953 0.614536 -0.614536 0.494662 0.360887 -0.360888 0.859954 0.482838 -0.722617 0.494664 0.283548 -0.424359 0.859954 0.332585 -0.802930 0.494662 0.482838 -0.722617 0.494664 0.195311 -0.471522 0.859954 0.283548 -0.424359 0.859954 0.169800 -0.852327 0.494679 0.099714 -0.500504 0.859973 -0.332585 -0.802930 0.494661 -0.169800 -0.852325 0.494681 -0.195311 -0.471521 0.859954 -0.099714 -0.500502 0.859974 -0.482838 -0.722618 0.494662 -0.332585 -0.802930 0.494661 -0.283548 -0.424359 0.859954 -0.195311 -0.471521 0.859954 -0.614536 -0.614536 0.494662 -0.360887 -0.360888 0.859954 -0.722618 -0.482838 0.494662 -0.424359 -0.283548 0.859953 -0.802931 -0.332585 0.494660 -0.471523 -0.195311 0.859953 -0.852326 -0.169800 0.494680 -0.802931 -0.332585 0.494660 -0.500501 -0.099714 0.859974 -0.471523 -0.195311 0.859953 -0.802931 0.332585 0.494660 -0.852326 0.169800 0.494680 -0.471523 0.195311 0.859953 -0.500501 0.099714 0.859974 -0.722618 0.482838 0.494662 -0.424359 0.283548 0.859953 -0.614536 0.614536 0.494662 -0.360887 0.360888 0.859954 -0.482838 0.722617 0.494664 -0.283548 0.424359 0.859954 -0.332585 0.802930 0.494662 -0.482838 0.722617 0.494664 -0.195311 0.471522 0.859954 -0.283548 0.424359 0.859954 -0.169800 0.852327 0.494678 -0.099714 0.500503 0.859973 -0.024962 0.505028 0.862742 0.024962 0.505029 0.862741 -0.042837 0.866741 0.496916 0.042838 0.866741 0.496916 0.505026 0.024962 0.862743 0.505026 -0.024962 0.862743 0.866739 0.042838 0.496918 0.866740 -0.042838 0.496918 0.024962 -0.505029 0.862741 -0.024962 -0.505028 0.862742 0.042838 -0.866740 0.496916 
						-0.042837 -0.866740 0.496918 -0.505026 -0.024962 0.862743 -0.505026 0.024962 0.862743 -0.866739 -0.042838 0.496918 -0.866739 0.042838 0.496918 -0.505026 0.024962 -0.862743 -0.505026 -0.024962 -0.862743 -0.866739 0.042838 -0.496918 -0.866739 -0.042838 -0.496918 -0.024962 -0.505028 -0.862742 0.024962 -0.505029 -0.862741 -0.042837 -0.866741 -0.496916 0.042838 -0.866742 -0.496914 0.505026 -0.024962 -0.862743 0.505026 0.024962 -0.862743 0.866739 -0.042838 -0.496918 0.866739 0.042838 -0.496918 0.024962 0.505028 -0.862742 -0.024962 0.505027 -0.862743 0.042838 0.866740 -0.496918 -0.042838 0.866740 -0.496917 0.169800 0.852327 -0.494679 0.099714 0.500504 -0.859973 0.332585 0.802930 -0.494662 0.482838 0.722617 -0.494664 0.195311 0.471522 -0.859954 0.283548 0.424359 -0.859954 0.614536 0.614536 -0.494662 0.360887 0.360887 -0.859954 0.722618 0.482838 -0.494662 0.424359 0.283548 -0.859953 0.722618 0.482838 -0.494662 0.802931 0.332585 -0.494660 0.424359 0.283548 -0.859953 0.471523 0.195311 -0.859953 0.852326 0.169800 -0.494680 0.500501 0.099714 -0.859974 0.852326 -0.169800 -0.494680 0.500501 -0.099714 -0.859974 0.802931 -0.332585 -0.494660 0.471523 -0.195311 -0.859953 0.722618 -0.482838 -0.494662 0.424359 -0.283548 -0.859953 0.614536 -0.614536 -0.494662 0.360887 -0.360887 -0.859954 0.482838 -0.722618 -0.494662 0.283548 -0.424359 -0.859954 0.482838 -0.722618 -0.494662 0.332585 -0.802931 -0.494661 0.283548 -0.424359 -0.859954 0.195310 -0.471521 -0.859955 0.169800 -0.852326 -0.494680 0.099714 -0.500502 -0.859973 -0.169800 -0.852326 -0.494680 -0.099714 -0.500503 -0.859973 -0.332585 -0.802930 -0.494662 -0.195311 -0.471522 -0.859954 -0.332585 -0.802930 -0.494662 -0.482838 -0.722617 -0.494664 -0.195311 -0.471522 -0.859954 -0.283548 -0.424359 -0.859954 -0.614536 -0.614536 -0.494662 -0.360887 -0.360888 -0.859954 -0.722618 -0.482838 -0.494662 
						-0.424359 -0.283548 -0.859953 -0.802931 -0.332585 -0.494660 -0.471523 -0.195311 -0.859953 -0.802931 -0.332585 -0.494660 -0.852326 -0.169800 -0.494680 -0.471523 -0.195311 -0.859953 -0.500501 -0.099714 -0.859974 -0.852326 0.169800 -0.494680 -0.500501 0.099714 -0.859974 -0.802931 0.332585 -0.494660 -0.471523 0.195311 -0.859953 -0.722618 0.482838 -0.494662 -0.424359 0.283548 -0.859953 -0.614536 0.614536 -0.494662 -0.360887 0.360888 -0.859954 -0.482838 0.722618 -0.494662 -0.283548 0.424359 -0.859954 -0.482838 0.722618 -0.494662 -0.332585 0.802930 -0.494661 -0.283548 0.424359 -0.859954 -0.195311 0.471521 -0.859954 -0.169800 0.852327 -0.494679 -0.099714 0.500502 -0.859974 0.135151 0.027021 -0.990456 0.000000 0.000000 -1.000000 0.000000 0.000000 -1.000000 0.127401 0.052772 -0.990446 -0.006724 -0.134261 0.990923 0.000000 0.000000 1.000000 0.000000 0.000000 1.000000 -0.027022 -0.135156 0.990456 -0.134253 -0.006723 -0.990924 -0.000000 -0.000000 -1.000000 -0.000000 -0.000000 -1.000000 -0.135149 -0.027021 -0.990457 0.135155 -0.027022 0.990456 0.000001 0.000000 1.000000 0.135155 0.027022 0.990456 0.000001 0.000000 1.000000 0.000001 0.000000 1.000000 0.134262 0.006724 0.990923 -0.000000 0.000000 -1.000000 -0.135151 0.027021 -0.990456 0.127406 0.052774 0.990446 0.000000 0.000000 1.000000 0.114662 0.076614 0.990446 0.000000 0.000000 1.000000 -0.076613 -0.114658 -0.990446 0.000000 -0.000000 -1.000000 0.000000 -0.000000 -1.000000 -0.052772 -0.127402 -0.990446 0.134262 -0.006724 0.990923 0.000001 0.000000 1.000000 0.097511 0.097511 0.990446 0.000000 0.000000 1.000000 0.000000 0.000000 1.000000 0.114662 0.076614 0.990446 0.006723 0.134257 -0.990924 0.000000 0.000000 -1.000000 -0.000000 0.000000 -1.000000 -0.006723 0.134257 -0.990924 0.076614 0.114662 0.990446 0.000001 0.000000 1.000000 0.114658 -0.076612 -0.990446 
						0.000000 -0.000000 -1.000000 0.000000 -0.000000 -1.000000 0.127401 -0.052772 -0.990446 -0.052773 0.127406 0.990446 -0.000000 0.000000 1.000000 0.000000 0.000000 1.000000 -0.027022 0.135156 0.990456 0.052773 0.127406 0.990446 0.000000 0.000000 1.000000 -0.076614 0.114662 0.990446 -0.000001 0.000000 1.000000 -0.097511 0.097511 0.990446 -0.000000 0.000000 1.000000 -0.000001 0.000000 1.000000 -0.076614 0.114662 0.990446 0.006724 -0.134260 0.990923 -0.000000 0.000000 1.000000 -0.134262 -0.006724 0.990923 -0.000001 0.000000 1.000000 -0.000001 0.000000 1.000000 -0.134262 0.006724 0.990923 0.076613 0.114658 -0.990446 -0.000000 0.000000 -1.000000 -0.000000 0.000000 -1.000000 0.052772 0.127402 -0.990446 -0.006724 0.134260 0.990923 0.000000 0.000000 1.000000 -0.000000 0.000000 1.000000 0.006724 0.134260 0.990923 0.097510 0.097508 -0.990446 -0.000000 0.000000 -1.000000 0.114658 0.076612 -0.990446 0.000000 0.000000 -1.000000 0.000000 0.000000 -1.000000 0.114658 0.076612 -0.990446 0.134255 0.006723 -0.990924 -0.000000 0.000000 -1.000000 0.135151 -0.027021 -0.990457 0.000000 -0.000000 -1.000000 0.000000 -0.000000 -1.000000 0.134255 -0.006723 -0.990924 -0.052772 -0.127402 -0.990446 0.000000 -0.000000 -1.000000 -0.000000 -0.000000 -1.000000 -0.027021 -0.135152 -0.990456 0.097510 -0.097508 -0.990446 -0.000000 -0.000000 -1.000000 0.076613 -0.114658 -0.990446 -0.000000 -0.000000 -1.000000 0.052772 -0.127402 -0.990446 -0.000000 -0.000000 -1.000000 -0.000000 -0.000000 -1.000000 0.076613 -0.114658 -0.990446 0.027020 -0.135151 -0.990456 0.000000 -0.000000 -1.000000 0.006723 -0.134256 -0.990924 0.000000 -0.000000 -1.000000 -0.000000 -0.000000 -1.000000 -0.006723 -0.134257 -0.990924 -0.097510 -0.097508 -0.990446 0.000000 -0.000000 -1.000000 -0.114658 -0.076612 -0.990446 0.000000 -0.000000 -1.000000 -0.127401 -0.052772 -0.990446 
						-0.000000 -0.000000 -1.000000 -0.000000 -0.000000 -1.000000 -0.127401 -0.052772 -0.990446 0.000000 0.000000 -1.000000 -0.134255 0.006723 -0.990924 -0.097510 0.097508 -0.990446 0.000000 0.000000 -1.000000 -0.076613 0.114658 -0.990446 0.000000 0.000000 -1.000000 -0.052772 0.127402 -0.990446 0.000000 0.000000 -1.000000 0.000000 0.000000 -1.000000 -0.076613 0.114658 -0.990446 -0.027020 0.135152 -0.990456 -0.000000 0.000000 -1.000000 -0.000000 0.000000 1.000000 0.027022 0.135156 0.990456 0.000000 0.000000 1.000000 0.097511 -0.097511 0.990446 0.000001 0.000000 1.000000 0.076614 -0.114662 0.990446 0.076614 -0.114662 0.990446 0.000001 0.000000 1.000000 0.000000 0.000000 1.000000 0.052773 -0.127406 0.990446 -0.000000 0.000000 1.000000 0.027022 -0.135155 0.990456 -0.000000 0.000000 1.000000 -0.052773 -0.127406 0.990446 -0.000001 0.000000 1.000000 -0.135155 0.027022 0.990456 -0.052773 -0.127406 0.990446 -0.000000 0.000000 1.000000 -0.000001 0.000000 1.000000 -0.076614 -0.114662 0.990446 -0.000000 0.000000 1.000000 -0.097511 -0.097511 0.990446 0.000000 0.000000 1.000000 -0.114662 -0.076614 0.990446 0.000000 0.000000 1.000000 -0.127406 -0.052773 0.990446 -0.127406 -0.052773 0.990446 0.000000 0.000000 1.000000 -0.000001 0.000000 1.000000 -0.135155 -0.027022 0.990456 0.000000 0.000000 1.000000 -0.127406 0.052774 0.990446 0.000000 0.000000 1.000000 -0.114662 0.076614 0.990446 0.000000 0.000000 -1.000000 0.027021 0.135152 -0.990456 0.170324 0.852208 -0.494703 0.195979 0.980608 -0.000002 0.382684 0.923879 -0.000002 0.332588 0.802939 -0.494645 0.100020 0.500380 -0.860009 0.195316 0.471536 -0.859945 0.555571 0.831469 -0.000002 0.482843 0.722625 -0.494646 0.283553 0.424368 -0.859947 0.707107 0.707107 -0.000002 0.614543 0.614543 -0.494645 0.360895 0.360893 -0.859948 0.831469 0.555571 -0.000002 
						0.722625 0.482843 -0.494647 0.424369 0.283553 -0.859947 0.722625 0.482843 -0.494647 0.831469 0.555571 -0.000002 0.923879 0.382684 -0.000001 0.802940 0.332588 -0.494645 0.424369 0.283553 -0.859947 0.471534 0.195316 -0.859946 0.980608 0.195979 -0.000002 0.852207 0.170324 -0.494704 0.500382 0.100021 -0.860008 0.852208 -0.170324 -0.494704 0.980608 -0.195979 -0.000002 0.923879 -0.382684 -0.000001 0.802940 -0.332588 -0.494645 0.500382 -0.100021 -0.860008 0.471534 -0.195316 -0.859946 0.831469 -0.555571 -0.000002 0.722625 -0.482843 -0.494647 0.424368 -0.283553 -0.859947 0.707107 -0.707107 -0.000002 0.614543 -0.614543 -0.494645 0.360895 -0.360893 -0.859948 0.555571 -0.831469 -0.000002 0.482843 -0.722625 -0.494646 0.283553 -0.424368 -0.859947 0.482843 -0.722625 -0.494646 0.555571 -0.831469 -0.000002 0.382684 -0.923879 -0.000002 0.332588 -0.802939 -0.494645 0.283553 -0.424368 -0.859947 0.195316 -0.471536 -0.859945 0.195979 -0.980608 -0.000002 0.170325 -0.852209 -0.494702 0.100020 -0.500379 -0.860010 -0.170324 -0.852207 -0.494704 -0.195979 -0.980608 -0.000002 -0.382684 -0.923879 -0.000002 -0.332588 -0.802939 -0.494645 -0.100020 -0.500381 -0.860009 -0.195316 -0.471537 -0.859944 -0.332588 -0.802939 -0.494645 -0.382684 -0.923879 -0.000002 -0.555571 -0.831469 -0.000002 -0.482843 -0.722625 -0.494646 -0.195316 -0.471537 -0.859944 -0.283553 -0.424368 -0.859947 -0.707107 -0.707107 -0.000002 -0.614543 -0.614543 -0.494645 -0.360895 -0.360893 -0.859948 -0.831469 -0.555571 -0.000002 -0.722625 -0.482843 -0.494647 -0.424368 -0.283553 -0.859947 -0.923879 -0.382684 -0.000001 -0.802940 -0.332588 -0.494645 -0.471534 -0.195316 -0.859946 -0.802940 -0.332588 -0.494645 -0.923879 -0.382684 -0.000001 -0.980608 -0.195979 -0.000003 -0.852208 -0.170324 -0.494703 -0.471534 -0.195316 -0.859946 -0.500382 -0.100021 -0.860008 -0.852208 0.170324 -0.494703 -0.980608 0.195979 -0.000002 
						-0.923879 0.382684 -0.000001 -0.802940 0.332588 -0.494645 -0.500384 0.100021 -0.860007 -0.471534 0.195316 -0.859946 -0.831469 0.555571 -0.000002 -0.722625 0.482843 -0.494647 -0.424369 0.283553 -0.859947 -0.707107 0.707107 -0.000002 -0.614543 0.614543 -0.494645 -0.360895 0.360893 -0.859948 -0.555571 0.831469 -0.000002 -0.482843 0.722625 -0.494646 -0.283553 0.424368 -0.859947 -0.482843 0.722625 -0.494646 -0.555571 0.831469 -0.000002 -0.382684 0.923879 -0.000002 -0.332588 0.802939 -0.494645 -0.283553 0.424368 -0.859947 -0.195316 0.471537 -0.859944 -0.195979 0.980608 -0.000002 -0.170324 0.852207 -0.494704 -0.100020 0.500381 -0.860009 0.025282 0.505042 -0.862725 -0.025282 0.505042 -0.862725 0.043375 0.866715 -0.496914 -0.043375 0.866715 -0.496914 0.049979 0.998750 -0.000004 -0.049979 0.998750 -0.000004 0.505045 -0.025282 -0.862723 0.505045 0.025282 -0.862723 0.866717 -0.043375 -0.496911 0.866717 0.043376 -0.496911 0.998750 -0.049979 -0.000003 0.998750 0.049980 -0.000003 -0.025282 -0.505043 -0.862724 0.025282 -0.505042 -0.862724 -0.043375 -0.866715 -0.496915 0.043375 -0.866716 -0.496913 -0.049979 -0.998750 -0.000004 0.049979 -0.998750 -0.000004 -0.505046 0.025282 -0.862722 -0.505044 -0.025282 -0.862723 -0.866717 0.043375 -0.496910 -0.866717 -0.043375 -0.496910 -0.998750 0.049980 -0.000004 -0.998750 -0.049979 -0.000005 0.025282 0.505041 0.862725 0.100020 0.500378 0.860010 0.043375 0.866715 0.496914 0.170324 0.852206 0.494706 -0.866715 0.043375 0.496915 -0.866714 -0.043375 0.496916 -0.505043 0.025282 0.862724 -0.505042 -0.025282 0.862725 -0.043375 -0.866715 0.496914 0.043375 -0.866715 0.496914 -0.025282 -0.505042 0.862724 0.025282 -0.505041 0.862725 0.866715 -0.043375 0.496915 0.866715 0.043375 0.496915 0.505043 -0.025282 0.862724 0.505043 0.025282 0.862724 -0.025282 0.505042 0.862724 -0.043375 0.866716 0.496913 
						0.195315 0.471534 0.859946 0.332588 0.802938 0.494648 0.283552 0.424366 0.859949 0.482842 0.722624 0.494649 0.360893 0.360892 0.859950 0.614543 0.614541 0.494648 0.424367 0.283552 0.859948 0.722624 0.482842 0.494650 0.424367 0.283552 0.859948 0.471533 0.195316 0.859947 0.722624 0.482842 0.494650 0.802937 0.332588 0.494649 0.500379 0.100021 0.860010 0.852205 0.170324 0.494708 0.500379 -0.100021 0.860010 0.852205 -0.170324 0.494708 0.100020 -0.500377 0.860011 0.170325 -0.852207 0.494705 0.471533 -0.195315 0.859947 0.802937 -0.332588 0.494649 0.424367 -0.283552 0.859948 0.722624 -0.482842 0.494650 0.360893 -0.360892 0.859950 0.614543 -0.614541 0.494648 0.283552 -0.424366 0.859949 0.482842 -0.722624 0.494649 0.283552 -0.424366 0.859949 0.195315 -0.471534 0.859946 0.482842 -0.722624 0.494649 0.332588 -0.802938 0.494648 -0.100021 -0.500380 0.860009 -0.170324 -0.852207 0.494706 -0.500378 -0.100021 0.860010 -0.852205 -0.170324 0.494709 -0.195315 -0.471535 0.859946 -0.332588 -0.802937 0.494648 -0.195315 -0.471535 0.859946 -0.283552 -0.424366 0.859949 -0.332588 -0.802937 0.494648 -0.482842 -0.722624 0.494649 -0.360893 -0.360892 0.859950 -0.614543 -0.614541 0.494648 -0.424367 -0.283552 0.859948 -0.722624 -0.482842 0.494650 -0.471533 -0.195315 0.859947 -0.802937 -0.332588 0.494649 -0.471533 -0.195315 0.859947 -0.802937 -0.332588 0.494649 -0.500379 0.100021 0.860010 -0.852205 0.170324 0.494708 -0.471533 0.195316 0.859947 -0.802937 0.332588 0.494649 -0.424367 0.283552 0.859948 -0.722624 0.482842 0.494650 -0.360892 0.360892 0.859950 -0.614543 0.614541 0.494648 -0.283552 0.424366 0.859949 -0.482842 0.722624 0.494649 -0.283552 0.424366 0.859949 -0.195315 0.471535 0.859946 -0.482842 0.722624 0.494649 -0.332588 0.802937 0.494648 -0.100021 0.500380 0.860009 -0.170325 0.852206 0.494706 
						-0.000000 0.000000 -1.000000 0.000000 0.000000 -1.000000 0.000000 0.000000 -1.000000 0.000000 0.000000 -1.000000 0.000000 0.000000 -1.000000 -0.000000 0.000000 -1.000000 -0.000000 0.000000 -1.000000 -0.000000 -0.000000 -1.000000 -0.000000 -0.000000 -1.000000 0.000000 -0.000000 -1.000000 0.000000 -0.000000 -1.000000 0.000000 -0.000000 -1.000000 0.000000 -0.000000 -1.000000 -0.000000 -0.000000 -1.000000 -0.000000 -0.000000 -1.000000 0.000000 -0.000000 -1.000000 -0.000000 -0.000000 -1.000000 -0.000000 -0.000000 -1.000000 0.000000 -0.000000 -1.000000 0.000000 -0.000000 -1.000000 0.000000 -0.000000 -1.000000 0.000000 0.000000 -1.000000 0.000000 0.000000 -1.000000 0.000000 0.000000 -1.000000 -0.000000 0.000000 -1.000000 -0.000000 0.000000 -1.000000 -0.000000 0.000000 -1.000000 0.000000 0.000000 -1.000000 -0.000000 0.000000 -1.000000 0.000000 0.000000 -1.000000 -0.000000 0.000000 -1.000000 0.000000 -0.000000 -1.000000 0.000000 -0.000000 -1.000000 -0.000000 -0.000000 -1.000000 -0.000000 -0.000000 -1.000000 0.000000 0.000000 -1.000000 -0.000000 0.000000 -1.000000 
					</float_array>
					<technique_common>
						<accessor count="2277" offset="0" source="#meshId0-normals-array" stride="3">
							<param name="X" type="float" />
							<param name="Y" type="float" />
							<param name="Z" type="float" />
						</accessor>
					</technique_common>
				</source>
				<source id="meshId0-tangents" name="meshId0-tangents">
					<float_array id="meshId0-tangents-array" count="6831"> 
						0.049068 -0.998795 0.000000 0.195090 -0.980785 0.000001 0.195090 -0.980785 0.000001 0.049068 -0.998795 -0.000000 0.302510 -0.953146 0.000000 0.302511 -0.953146 0.000000 0.302511 -0.953146 0.000000 0.302511 -0.953146 0.000000 0.998795 0.049068 -0.000001 0.980785 0.195090 -0.000001 0.980785 0.195090 -0.000002 0.998796 0.049068 -0.000001 0.978881 0.204429 -0.000000 0.978882 0.204428 -0.000000 0.978881 0.204430 -0.000000 0.978881 0.204430 0.000000 0.048991 -0.998795 -0.002840 0.194877 -0.980820 -0.003898 0.196128 -0.980561 -0.005844 0.050240 -0.998715 -0.006695 -0.484866 -0.874588 0.000000 -0.484866 -0.874588 0.000000 -0.484865 -0.874589 0.000000 -0.484865 -0.874589 0.000000 0.302510 -0.953146 -0.000000 0.302509 -0.953146 -0.000000 0.302518 -0.953144 -0.000000 0.302518 -0.953144 -0.000000 -0.484864 -0.874589 0.000000 -0.484865 -0.874589 0.000000 -0.995185 0.098018 0.000000 -0.995185 0.098018 0.000000 -0.995185 0.098018 0.000000 -0.995185 0.098018 0.000000 -0.204429 0.978881 0.000000 -0.204429 0.978881 0.000000 -0.204429 0.978881 -0.000000 -0.204429 0.978881 -0.000000 0.302512 -0.953146 -0.000000 0.302512 -0.953146 -0.000000 -0.000000 -0.000000 -1.000000 0.000000 0.000000 -1.000000 -0.000000 -0.000000 -1.000000 0.000000 0.000000 -1.000000 0.302512 -0.953146 0.000000 0.302512 -0.953146 0.000000 0.302514 -0.953145 0.000000 0.302514 -0.953145 0.000000 0.978882 0.204428 -0.000000 0.978882 0.204427 0.000000 0.302513 -0.953145 0.000000 0.302514 -0.953145 0.000000 0.874588 -0.484867 0.000000 0.874588 -0.484867 -0.000000 0.874589 -0.484865 0.000000 0.874589 -0.484865 0.000000 -0.707107 0.707107 -0.000000 -0.707107 0.707107 -0.000000 -0.707107 0.707106 0.000000 -0.707107 0.707106 0.000000 -0.484866 -0.874588 0.000000 -0.484866 -0.874588 0.000000 -0.484868 -0.874587 0.000000 -0.484868 -0.874587 0.000000 
						0.302513 -0.953145 -0.000000 0.302513 -0.953145 -0.000000 0.302513 -0.953145 -0.000000 0.302513 -0.953145 -0.000000 0.000000 -0.000000 1.000000 0.000000 -0.000000 1.000000 0.000000 -0.000000 1.000000 0.000000 -0.000000 1.000000 0.302517 -0.953144 0.000000 0.302518 -0.953143 0.000000 0.707105 0.707108 0.000000 0.707106 0.707108 0.000000 0.707103 0.707110 -0.000000 0.707103 0.707110 -0.000000 0.874587 -0.484868 0.000000 0.874587 -0.484868 0.000000 0.874588 -0.484866 0.000000 0.874589 -0.484866 0.000000 -0.484871 -0.874586 0.000000 -0.484872 -0.874585 0.000000 -0.484868 -0.874588 0.000000 -0.484867 -0.874588 0.000000 -0.874587 0.484868 0.000000 -0.874587 0.484868 0.000000 -0.874587 0.484869 0.000000 -0.874587 0.484869 0.000000 -0.707107 0.707107 -0.000001 -0.707107 0.707107 -0.000001 -0.484867 -0.874588 0.000000 -0.484867 -0.874588 0.000000 -0.049068 -0.998795 0.000000 -0.049068 -0.998796 0.000001 -0.195090 -0.980785 0.000000 -0.195090 -0.980785 0.000000 -0.302514 0.953145 0.000000 -0.302514 0.953145 0.000000 -0.302511 0.953146 -0.000000 -0.302510 0.953146 0.000000 0.874587 -0.484868 -0.000000 0.874587 -0.484868 -0.000000 0.874587 -0.484869 -0.000000 0.874587 -0.484868 -0.000000 0.707106 0.707107 -0.000001 0.707107 0.707106 -0.000001 0.874588 -0.484866 0.000000 0.874589 -0.484865 -0.000000 -0.978881 0.204429 0.000000 -0.978881 0.204429 0.000000 -0.978881 0.204429 -0.000000 -0.978881 0.204429 -0.000000 0.302515 -0.953145 0.000000 0.302514 -0.953145 0.000000 0.202852 -0.969456 0.137865 0.207841 -0.978162 0.000000 0.068205 -0.997671 0.000000 0.063343 -0.988904 0.134377 0.923879 0.382683 -0.000001 0.923879 0.382683 -0.000000 0.766554 0.627338 0.137262 0.774728 0.632295 0.000000 0.711555 0.702631 0.000000 0.703336 0.697355 0.137894 0.831470 0.555570 0.000000 0.831469 0.555570 -0.000001 
						0.000002 0.000001 -1.000000 -0.000000 -0.000000 -1.000000 0.000000 0.000000 -1.000000 0.000001 0.000001 -1.000000 -0.196030 -0.980585 -0.005073 -0.049804 -0.998753 -0.003363 -0.048473 -0.998801 -0.006782 -0.194751 -0.980841 -0.004871 0.000001 0.000001 -1.000000 0.000000 0.000000 -1.000000 0.564888 0.825168 0.000000 0.556986 0.818994 0.137892 0.000000 0.000000 -1.000000 -0.000000 -0.000000 -1.000000 -0.373658 0.917259 0.137894 -0.375660 0.926757 0.000000 -0.462254 0.886747 0.000000 -0.458879 0.877855 0.137117 -0.000000 -0.000000 -1.000000 0.000000 0.000000 -1.000000 -0.830840 -0.556450 0.008240 -0.707554 -0.706643 -0.004909 -0.706645 -0.707551 -0.004883 -0.830018 -0.557445 -0.018032 -0.045210 0.122059 0.991493 -0.057006 0.118321 0.991338 0.065160 -0.112895 0.991468 0.053978 -0.118430 0.991494 0.874589 -0.484865 0.000000 0.874589 -0.484865 0.000000 0.874588 -0.484867 -0.000000 0.874588 -0.484867 -0.000000 0.000000 0.000000 -1.000000 0.000000 0.000000 -1.000000 0.190499 0.971958 0.137871 0.190805 0.981628 -0.000000 0.282127 0.959377 0.000000 0.280538 0.949995 0.137144 0.000000 -0.000000 -1.000000 -0.000000 0.000000 -1.000000 0.000000 -0.000000 -1.000000 -0.000000 0.000000 -1.000000 0.388282 0.911166 0.137889 0.395182 0.918603 -0.000000 0.203301 0.979116 -0.000000 0.198733 0.970308 0.137868 -0.382683 0.923880 -0.000001 -0.555571 0.831469 0.000000 -0.555570 0.831470 -0.000000 -0.382683 0.923880 -0.000001 0.628915 -0.765266 -0.137236 0.633862 -0.773446 0.000000 0.704033 -0.710168 -0.000000 0.698774 -0.701926 -0.137895 -0.707107 0.707107 0.000001 -0.707107 0.707107 0.000001 -0.028366 -0.126982 0.991499 -0.010090 -0.129818 0.991487 0.004337 0.130105 0.991491 0.022443 0.128162 0.991499 -0.831470 0.555570 -0.000001 -0.831469 0.555570 -0.000000 0.065602 -0.997843 -0.002204 0.067586 -0.997713 0.000000 
						-0.032780 -0.999463 -0.000000 -0.034665 -0.999397 -0.001997 -0.923880 0.382683 0.000001 -0.923879 0.382684 0.000001 0.826286 -0.563251 -0.000000 0.820138 -0.555300 -0.137893 0.000000 -0.000000 1.000000 0.000000 -0.000000 1.000000 0.000000 -0.000000 1.000000 0.000000 -0.000000 1.000000 -0.556169 -0.831051 -0.005570 -0.555116 -0.831763 -0.004120 0.081075 -0.102256 -0.991449 0.090206 -0.093746 -0.991501 -0.094043 0.089909 -0.991500 -0.085798 0.099091 -0.991373 0.000000 -0.000000 -1.000000 0.000000 -0.000000 -1.000000 -0.000000 -0.000000 1.000000 -0.000000 -0.000000 1.000000 0.130086 0.004665 -0.991492 0.128106 0.022714 -0.991500 -0.127031 -0.028109 -0.991500 -0.129826 -0.009908 -0.991487 0.000000 -0.000000 1.000000 -0.000000 -0.000000 1.000000 -0.000000 -0.000000 1.000000 0.000000 -0.000000 1.000000 -0.051495 0.989590 0.134389 -0.055199 0.998475 -0.000000 0.048409 0.998828 -0.000000 0.050153 0.989658 0.134391 0.000000 0.000000 1.000000 0.000000 0.000000 1.000000 0.921845 -0.387558 -0.000000 0.914037 -0.381471 -0.137895 -0.831470 -0.555570 0.000000 -0.707107 -0.707107 -0.000000 -0.707107 -0.707107 0.000000 -0.831469 -0.555570 0.000000 0.127195 -0.027289 -0.991502 0.129927 -0.007885 -0.991492 -0.130183 0.002694 -0.991486 -0.128228 0.022098 -0.991499 -0.555571 -0.831469 -0.000000 -0.555570 -0.831470 -0.000000 -0.989295 -0.056888 -0.134387 -0.998126 -0.061192 -0.000000 -0.999343 0.036234 -0.000000 -0.990142 0.039490 -0.134386 -0.382683 -0.923880 0.000000 -0.382683 -0.923880 0.000000 0.045793 0.998951 -0.000000 0.043529 0.989972 0.134389 -0.195090 -0.980785 -0.000001 -0.195090 -0.980785 -0.000000 -0.192274 -0.981341 -0.000000 -0.192246 -0.981347 -0.000448 0.106360 -0.074949 -0.991499 -0.109285 0.070572 -0.991502 0.000000 -0.000001 1.000000 0.000000 -0.000000 1.000000 -0.049068 -0.998795 -0.000001 -0.049068 -0.998795 -0.000002 
						-0.009244 0.129862 0.991489 0.003484 -0.130145 0.991489 0.382683 -0.923880 0.000001 0.382683 -0.923880 0.000000 -0.003356 0.130151 0.991489 -0.021653 0.128316 0.991497 0.030853 -0.126482 0.991489 0.012701 -0.129687 0.991474 0.555571 -0.831469 0.000000 0.555570 -0.831470 0.000000 0.989623 0.050835 -0.134391 0.998788 0.049219 -0.000000 0.981579 0.191055 -0.000000 0.971905 0.190766 -0.137871 0.555571 -0.831469 -0.000001 0.707107 -0.707107 -0.000001 0.707107 -0.707107 -0.000000 0.555570 -0.831470 -0.000001 0.980553 -0.196255 0.000000 0.971560 -0.192518 -0.137872 0.831470 -0.555570 -0.000001 0.831469 -0.555570 -0.000000 0.030183 0.126619 0.991492 0.009145 0.129867 0.991489 0.000071 -0.130321 0.991472 -0.020871 -0.128474 0.991493 0.923880 -0.382683 -0.000000 0.923880 -0.382683 -0.000000 0.998831 -0.048334 0.000000 0.989880 -0.045570 -0.134391 0.980785 -0.195090 -0.000001 0.980785 -0.195090 -0.000001 -0.383412 -0.923558 -0.006068 -0.382218 -0.924064 -0.003815 0.980785 0.195090 0.000001 0.980785 0.195090 0.000001 0.998796 0.049068 -0.000000 0.998795 0.049068 -0.000001 -0.995185 -0.098018 -0.000000 -0.995185 -0.098018 -0.000000 -0.995185 -0.098018 -0.000000 -0.995185 -0.098018 -0.000000 0.998795 -0.049068 -0.000000 0.998796 -0.049068 -0.000000 0.980785 -0.195090 0.000001 0.980785 -0.195090 0.000001 -0.000000 -0.000000 -1.000000 -0.000000 -0.000000 -1.000000 -0.000000 -0.000000 -1.000000 -0.000000 -0.000000 -1.000000 0.923879 0.382684 0.000001 0.923879 0.382684 0.000001 0.978881 -0.204429 0.000000 0.978881 -0.204429 0.000000 0.978881 -0.204429 -0.000000 0.978881 -0.204429 -0.000000 0.831469 0.555571 0.000000 0.831469 0.555570 0.000000 -0.484867 -0.874588 0.000000 -0.484867 -0.874588 0.000000 -0.000000 -0.000000 -1.000000 0.000000 0.000000 -1.000000 0.000001 0.000000 -1.000000 0.000005 0.000003 -1.000000 
						0.000000 -0.000000 1.000000 0.000000 -0.000000 1.000000 0.000000 -0.000000 1.000000 0.000000 -0.000000 1.000000 0.000001 0.000001 -1.000000 0.000001 0.000002 -1.000000 -0.302512 0.953146 -0.000000 -0.302512 0.953146 -0.000000 -0.302510 0.953146 -0.000000 -0.302510 0.953146 -0.000000 0.000000 0.000000 -1.000000 -0.000000 -0.000000 -1.000000 0.874589 -0.484866 -0.000000 0.874588 -0.484866 0.000000 -0.874589 0.484866 0.000000 -0.874588 0.484866 -0.000000 -0.874591 0.484862 0.000000 -0.874591 0.484861 0.000000 -0.484866 -0.874588 -0.000000 -0.484866 -0.874588 -0.000000 -0.953147 -0.302508 0.000000 -0.953147 -0.302508 0.000000 -0.953146 -0.302509 0.000000 -0.953146 -0.302510 -0.000000 0.874587 -0.484869 0.000001 0.874587 -0.484869 0.000001 0.000003 -0.000008 -1.000000 0.000000 -0.000000 -1.000000 0.000000 -0.000000 -1.000000 0.000000 -0.000000 -1.000000 0.874588 -0.484867 -0.000000 0.874588 -0.484866 -0.000000 -0.555570 0.831469 0.000000 -0.555570 0.831470 0.000000 -0.382683 0.923880 -0.000000 -0.382684 0.923879 -0.000000 0.302514 -0.953145 -0.000000 0.302514 -0.953145 -0.000000 0.302510 -0.953146 -0.000000 0.302510 -0.953146 -0.000000 -0.707107 0.707107 0.000000 -0.707107 0.707107 -0.000000 -0.484867 -0.874588 0.000000 -0.484868 -0.874587 0.000000 -0.831469 0.555570 -0.000000 -0.831469 0.555570 -0.000000 -0.874587 0.484868 0.000000 -0.874587 0.484868 0.000000 -0.923879 0.382684 0.000000 -0.923879 0.382684 0.000000 -0.484862 -0.874591 0.000000 -0.484863 -0.874590 0.000000 -0.484863 -0.874590 -0.000000 -0.484863 -0.874590 -0.000000 0.000000 -0.000000 1.000000 0.000000 -0.000000 1.000000 -0.000000 0.000000 -1.000000 -0.000000 0.000000 -1.000000 0.874588 -0.484867 0.000000 0.874588 -0.484866 0.000000 -0.098018 0.995185 0.000000 -0.098018 0.995185 0.000000 -0.098018 0.995185 0.000000 -0.098018 0.995185 0.000000 
						0.874587 -0.484868 -0.000000 0.874587 -0.484868 -0.000000 0.302512 -0.953146 -0.000000 0.302512 -0.953146 -0.000000 0.302514 -0.953145 -0.000000 0.302514 -0.953145 -0.000000 -0.000000 -0.000000 1.000000 -0.000000 -0.000000 1.000000 -0.000000 -0.000000 1.000000 -0.000000 -0.000000 1.000000 -0.874588 0.484866 -0.000000 -0.874588 0.484866 -0.000000 0.000000 0.000000 1.000000 0.000000 0.000000 1.000000 0.302515 -0.953145 0.000000 0.302515 -0.953145 0.000000 0.302514 -0.953145 0.000000 0.302513 -0.953145 0.000000 -0.707107 -0.707107 0.000002 -0.707107 -0.707107 0.000002 -0.831469 -0.555570 0.000001 -0.831469 -0.555571 0.000002 -0.098017 -0.995185 -0.000000 -0.098017 -0.995185 -0.000000 -0.098017 -0.995185 -0.000000 -0.098017 -0.995185 -0.000000 -0.555570 -0.831469 0.000002 -0.555570 -0.831470 0.000001 0.874587 -0.484868 0.000000 0.874587 -0.484868 0.000000 -0.382684 -0.923879 0.000001 -0.382683 -0.923880 0.000001 -0.000000 0.000000 -1.000000 -0.000000 0.000000 -1.000000 -0.000000 0.000000 -1.000000 -0.000000 0.000000 -1.000000 -0.000000 -0.000000 1.000000 -0.000000 -0.000000 1.000000 -0.874587 0.484868 -0.000000 -0.874587 0.484868 -0.000000 -0.000000 -0.000000 1.000000 -0.000000 -0.000000 1.000000 -0.000000 -0.000000 1.000000 -0.000000 -0.000000 1.000000 0.382683 -0.923879 0.000000 0.382683 -0.923880 -0.000001 0.195090 -0.980785 0.000001 0.195090 -0.980785 0.000001 0.874587 -0.484869 0.000000 0.874587 -0.484869 0.000000 0.555570 -0.831469 -0.000002 0.555570 -0.831470 0.000000 -0.874589 0.484865 -0.000000 -0.874589 0.484865 0.000000 0.707107 -0.707107 0.000002 0.707107 -0.707107 0.000002 0.555570 -0.831470 0.000001 0.555570 -0.831469 0.000001 0.302514 -0.953145 0.000000 0.302514 -0.953145 0.000000 0.302515 -0.953145 0.000000 0.302515 -0.953145 0.000000 0.831469 -0.555570 0.000001 0.831469 -0.555570 0.000000 
						-0.302514 0.953145 -0.000000 -0.302513 0.953145 0.000000 -0.302513 0.953145 0.000000 -0.302513 0.953145 -0.000000 0.923880 -0.382683 0.000000 0.923880 -0.382683 0.000000 0.302513 -0.953145 0.000000 0.302513 -0.953145 -0.000000 -0.484869 -0.874587 0.000000 -0.484870 -0.874586 0.000000 0.049068 -0.998796 -0.000000 0.049068 -0.998795 -0.000000 0.999465 0.032707 -0.000001 0.999465 -0.032707 0.000000 0.999465 -0.032707 -0.000000 0.999465 0.032707 -0.000001 0.000000 0.000001 -1.000000 0.000000 -0.000000 -1.000000 -0.000000 0.000001 -1.000000 0.000000 0.000001 -1.000000 0.000000 -0.000000 1.000000 -0.000000 -0.000000 1.000000 -0.000000 -0.000000 1.000000 0.000000 -0.000000 1.000000 -0.032707 -0.999465 -0.000001 0.032707 -0.999465 -0.000000 0.032707 -0.999465 -0.000000 -0.032707 -0.999465 -0.000000 0.998795 -0.049068 -0.000001 0.998796 -0.049068 -0.000000 0.999465 -0.032707 0.000000 0.999465 0.032707 0.000002 0.999465 0.032707 -0.000000 0.999465 -0.032707 0.000000 -0.637671 0.758014 0.137078 -0.641528 0.767100 -0.000000 -0.707563 0.706651 0.000000 -0.705284 0.695384 0.137897 -0.989780 0.047627 0.134411 -0.998300 0.058284 0.000000 -0.999002 -0.044672 0.000000 -0.989542 -0.052358 0.134410 0.032707 -0.999465 -0.000000 -0.032707 -0.999465 0.000000 -0.032707 -0.999465 -0.000000 0.032707 -0.999465 0.000000 0.553958 0.832545 0.000270 0.553321 0.832968 0.000000 0.381753 0.924264 -0.000000 0.380512 0.924776 0.000328 0.047389 -0.989792 0.134411 0.057747 -0.998331 0.000000 -0.043524 -0.999052 -0.000000 -0.051368 -0.989593 0.134411 -0.000000 -0.000000 1.000000 0.000000 -0.000000 1.000000 0.000000 -0.000000 1.000000 -0.000000 -0.000000 1.000000 -0.107470 0.073276 0.991504 -0.120053 0.050050 0.991505 0.120199 -0.049698 0.991505 0.108518 -0.071708 0.991505 -0.000000 0.000000 -1.000000 0.000000 0.000000 -1.000000 
						0.000000 0.000000 -1.000000 -0.000000 0.000000 -1.000000 -0.383812 -0.923411 0.000170 -0.383587 -0.923505 0.000000 -0.554753 -0.832015 0.000000 -0.556767 -0.830669 0.000201 0.923879 0.382683 -0.000000 0.923879 0.382684 0.000000 0.980785 0.195090 -0.000001 0.980785 0.195090 -0.000001 0.980785 0.195090 0.000001 0.923879 0.382684 0.000002 0.831469 0.555571 -0.000001 0.831469 0.555571 -0.000001 0.831469 0.555571 0.000000 0.000000 0.000000 -1.000000 -0.000003 -0.000003 -1.000000 -0.000000 -0.000000 -1.000000 0.000000 0.000000 -1.000000 0.000009 0.000006 -1.000000 0.000000 0.000000 -1.000000 0.000003 0.000004 -1.000000 0.000006 0.000009 -1.000000 0.000000 0.000000 -1.000000 0.000000 0.000000 -1.000000 0.000000 0.000000 -1.000000 0.000000 0.000000 -1.000000 0.000000 0.000000 -1.000000 0.000000 0.000000 -1.000000 0.000000 0.000000 -1.000000 -0.000000 0.000000 -1.000000 -0.000000 0.000000 -1.000000 -0.000000 0.000000 -1.000000 -0.000000 0.000000 -1.000000 -0.000000 0.000000 -1.000000 0.000006 -0.000014 -1.000000 0.000000 -0.000000 1.000000 0.000000 -0.000000 1.000000 0.000000 -0.000000 1.000000 0.000000 -0.000000 1.000000 -0.382684 0.923879 -0.000000 -0.555571 0.831469 0.000000 0.000000 -0.000000 1.000000 0.000000 -0.000000 1.000000 -0.707107 0.707107 0.000001 0.000000 -0.000000 1.000000 0.000000 -0.000000 1.000000 -0.831469 0.555571 -0.000001 0.000000 -0.000000 1.000000 0.000000 -0.000000 1.000000 -0.923879 0.382683 0.000000 0.000000 -0.000000 1.000000 0.000000 -0.000000 1.000000 0.000000 -0.000000 1.000000 0.000005 -0.000002 1.000000 0.000000 -0.000000 1.000000 0.000000 -0.000000 1.000000 -0.000000 -0.000000 1.000000 -0.000000 -0.000000 1.000000 -0.000000 -0.000000 1.000000 -0.000000 -0.000000 1.000000 -0.000000 -0.000000 1.000000 -0.000000 -0.000000 1.000000 -0.000000 -0.000000 1.000000 
						-0.000000 -0.000000 1.000000 -0.000000 -0.000000 1.000000 0.000000 0.000000 -1.000000 0.000000 0.000000 -1.000000 0.000000 0.000000 -1.000000 0.000000 0.000000 -1.000000 -0.831469 -0.555571 0.000003 -0.707107 -0.707107 0.000001 -0.000000 -0.000000 -1.000000 0.000001 0.000001 -1.000000 -0.555571 -0.831469 0.000002 0.000000 0.000000 -1.000000 0.000008 0.000020 -1.000000 -0.382684 -0.923879 0.000001 0.000000 0.000001 -1.000000 0.000000 0.000000 -1.000000 -0.195090 -0.980785 0.000001 0.382684 -0.923879 -0.000000 0.382683 -0.923880 0.000000 0.195090 -0.980785 0.000001 0.195090 -0.980785 0.000001 0.195090 -0.980785 -0.000000 0.382684 -0.923879 0.000001 0.555570 -0.831470 0.000000 0.555570 -0.831470 0.000000 0.555571 -0.831469 -0.000002 0.707106 -0.707107 0.000000 0.707107 -0.707107 0.000001 0.555570 -0.831470 -0.000000 0.555570 -0.831470 0.000000 0.555571 -0.831469 0.000001 0.707107 -0.707107 0.000001 0.831469 -0.555571 0.000000 0.831469 -0.555571 0.000000 0.831469 -0.555571 0.000002 0.923880 -0.382683 -0.000000 0.923879 -0.382684 -0.000000 0.923879 -0.382684 0.000001 0.980785 -0.195090 0.000000 0.980785 -0.195090 0.000000 0.980785 -0.195090 0.000000 0.998796 0.049068 0.000000 0.998796 -0.049068 0.000000 -0.000000 0.000000 -1.000000 -0.000000 -0.000000 -1.000000 -0.000000 -0.000000 1.000000 0.000000 -0.000000 1.000000 0.049068 -0.998796 0.000000 -0.049068 -0.998796 -0.000000 0.000000 0.000000 -1.000000 -0.000000 -0.000000 -1.000000 0.980785 0.195090 -0.000000 0.923880 0.382683 -0.000001 0.923879 0.382684 0.000000 0.980785 0.195090 -0.000002 0.831469 0.555571 0.000000 0.831469 0.555571 -0.000001 0.000000 0.000000 -1.000000 0.000004 0.000004 -1.000000 0.000000 0.000000 -1.000000 0.000000 0.000000 -1.000000 0.000000 0.000000 -1.000000 0.000000 0.000000 -1.000000 0.000000 0.000000 -1.000000 
						-0.000000 -0.000001 -1.000000 0.000000 0.000000 -1.000000 0.000000 0.000000 -1.000000 -0.000000 0.000000 -1.000000 -0.000000 0.000000 -1.000000 0.000000 -0.000001 -1.000000 -0.000000 0.000000 -1.000000 0.000000 -0.000000 1.000000 0.000000 -0.000000 1.000000 -0.555570 0.831470 0.000000 -0.382683 0.923880 -0.000001 0.000000 -0.000000 1.000000 -0.707107 0.707107 0.000001 0.000000 -0.000000 1.000000 -0.831469 0.555570 -0.000000 0.000000 -0.000000 1.000000 -0.923879 0.382684 0.000000 0.000010 -0.000004 1.000000 0.000000 -0.000000 1.000000 0.000000 -0.000000 1.000000 0.000000 -0.000000 1.000000 -0.000000 -0.000000 1.000000 -0.000000 -0.000000 1.000000 -0.000000 -0.000000 1.000000 -0.000000 -0.000000 1.000000 -0.000000 -0.000000 1.000000 -0.000000 -0.000000 1.000000 0.000000 0.000000 -1.000000 0.000000 0.000000 -1.000000 -0.707107 -0.707107 0.000000 -0.831469 -0.555571 0.000000 0.000000 0.000000 -1.000000 -0.555570 -0.831470 0.000000 -0.000008 -0.000019 -1.000000 -0.382683 -0.923880 -0.000000 -0.000000 -0.000001 -1.000000 -0.195090 -0.980785 -0.000000 0.195090 -0.980785 0.000001 0.382684 -0.923879 -0.000000 0.382683 -0.923880 0.000000 0.195090 -0.980785 0.000001 0.555570 -0.831470 0.000000 0.555570 -0.831470 0.000000 0.555570 -0.831470 0.000001 0.707106 -0.707107 0.000000 0.707107 -0.707107 -0.000000 0.555570 -0.831470 -0.000001 0.831469 -0.555571 0.000001 0.831469 -0.555571 -0.000001 0.923880 -0.382683 -0.000001 0.923879 -0.382684 -0.000001 0.980785 -0.195090 -0.000000 0.980785 -0.195090 -0.000001 0.000000 0.000000 -1.000000 0.923879 -0.382684 0.000000 0.980948 -0.194270 -0.000000 0.980948 -0.194270 -0.000000 0.923879 -0.382684 0.000000 0.831469 -0.555570 0.000000 0.831469 -0.555570 0.000000 0.707107 -0.707107 -0.000000 0.707107 -0.707107 -0.000000 0.555571 -0.831469 -0.000000 0.555571 -0.831469 -0.000000 
						-0.000000 0.000000 -1.000000 -0.000000 0.000000 -1.000000 -0.000000 0.000000 -1.000000 -0.000000 0.000000 -1.000000 -0.000000 0.000000 -1.000000 -0.000000 0.000000 -1.000000 0.000000 -0.000000 -1.000000 0.000000 -0.000000 -1.000000 0.000000 -0.000000 -1.000000 0.000000 -0.000000 -1.000000 0.000001 0.000003 1.000000 0.000001 0.000003 1.000000 0.000001 0.000003 1.000000 0.000001 0.000003 1.000000 0.000002 0.000002 1.000000 0.000002 0.000002 1.000000 0.000002 0.000002 1.000000 0.000002 0.000002 1.000000 0.000000 0.000000 1.000000 -0.000000 -0.000000 1.000000 0.923879 0.382684 -0.000000 0.831469 0.555570 -0.000000 0.831469 0.555570 -0.000000 0.923879 0.382683 -0.000000 0.980948 0.194270 0.000000 0.980948 0.194270 0.000000 0.000000 0.000000 -1.000000 -0.000001 -0.000000 -1.000000 0.000000 0.000000 -1.000000 0.000000 0.000000 -1.000000 -0.923879 0.382684 0.000000 -0.980948 0.194270 0.000000 -0.980948 0.194270 0.000000 -0.923879 0.382684 0.000000 0.831469 -0.555570 0.000000 0.923879 -0.382684 0.000000 0.923879 -0.382684 0.000000 0.831469 -0.555570 0.000000 0.707107 -0.707107 -0.000000 0.707107 -0.707107 -0.000000 0.555571 -0.831469 -0.000000 0.555571 -0.831469 -0.000000 0.382684 -0.923879 -0.000002 0.382684 -0.923879 -0.000002 -0.000000 0.000000 1.000000 0.000000 -0.000000 1.000000 0.000000 -0.000000 1.000000 -0.000000 0.000000 1.000000 -0.000000 0.000000 -1.000000 -0.000000 0.000000 -1.000000 -0.000000 0.000000 -1.000000 -0.000000 0.000000 -1.000000 -0.000000 -0.000000 1.000000 -0.000000 -0.000000 1.000000 -0.000000 -0.000000 1.000000 -0.000000 -0.000000 1.000000 -0.000000 -0.000000 1.000000 -0.000000 -0.000000 1.000000 -0.000000 -0.000000 1.000000 -0.000000 -0.000000 1.000000 -0.000000 -0.000000 1.000000 -0.000000 -0.000000 1.000000 -0.000000 -0.000000 1.000000 -0.000000 -0.000000 1.000000 
						-0.000000 -0.000000 1.000000 -0.000000 -0.000000 1.000000 -0.000000 0.000001 1.000000 -0.000000 0.000001 1.000000 -0.000000 0.000002 1.000000 -0.000000 0.000002 1.000000 -0.000000 0.000001 1.000000 -0.000000 0.000001 1.000000 -0.000000 0.000002 1.000000 0.000000 0.000002 1.000000 0.000000 0.000002 1.000000 0.000000 0.000002 1.000000 0.000000 0.000001 1.000000 0.000000 0.000001 1.000000 -0.000000 -0.000000 1.000000 -0.000000 -0.000000 1.000000 -0.000000 -0.000000 1.000000 -0.000000 -0.000000 1.000000 -0.707107 -0.707107 -0.000000 -0.707107 -0.707107 -0.000000 -0.831469 -0.555571 -0.000001 -0.831469 -0.555571 -0.000001 -0.555570 -0.831469 -0.000000 -0.555570 -0.831470 -0.000000 -0.382683 -0.923880 -0.000000 -0.382683 -0.923879 -0.000000 -0.194270 -0.980948 0.000001 -0.194270 -0.980948 0.000001 -0.000000 -0.000000 1.000000 -0.000000 -0.000000 1.000000 -0.096352 -0.995347 0.000001 -0.096352 -0.995347 0.000000 0.000000 -0.000000 1.000000 0.000000 -0.000000 1.000000 -0.000000 0.000000 -1.000000 -0.000000 0.000000 -1.000000 -0.555570 0.831470 0.000000 -0.555570 0.831469 0.000000 -0.382683 0.923880 -0.000000 -0.382683 0.923880 -0.000000 -0.707107 0.707107 0.000000 -0.707107 0.707107 0.000000 -0.831469 0.555571 -0.000000 -0.831469 0.555571 -0.000000 -0.923879 0.382684 -0.000000 -0.923879 0.382684 -0.000000 0.000000 -0.000000 1.000000 0.000000 -0.000000 1.000000 0.000000 -0.000000 1.000000 0.000000 -0.000000 1.000000 -0.995347 0.096352 0.000000 -0.995347 0.096352 0.000000 0.000000 -0.000000 1.000000 0.000000 -0.000000 1.000000 0.995347 0.096352 0.000000 0.995347 0.096352 0.000000 -0.000007 -0.000003 -1.000000 -0.000007 -0.000003 -1.000000 -0.000001 -0.000001 -1.000000 0.000000 0.000000 -1.000000 0.707107 0.707107 0.000000 0.707107 0.707107 0.000000 0.831469 0.555571 0.000000 0.831469 0.555571 0.000000 
						0.555570 0.831469 -0.000001 0.555570 0.831469 -0.000001 0.382683 0.923880 -0.000001 0.382683 0.923880 -0.000001 0.194270 0.980948 0.000001 0.194270 0.980948 0.000001 -0.000000 -0.000000 1.000000 0.000000 0.000000 1.000000 0.096352 0.995347 -0.000001 0.096352 0.995347 -0.000002 -0.000000 0.000000 -1.000000 -0.000000 0.000000 -1.000000 -0.000000 0.000000 -1.000000 -0.000000 0.000000 -1.000000 -0.000000 0.000000 -1.000000 -0.000000 0.000000 -1.000000 0.000000 -0.000000 1.000000 0.000000 -0.000000 1.000000 0.000000 -0.000000 1.000000 0.000000 -0.000000 1.000000 0.000000 -0.000000 1.000000 0.000000 -0.000000 1.000000 0.000000 -0.000000 1.000000 0.000000 -0.000000 1.000000 0.995347 -0.096352 -0.000000 0.995347 -0.096352 -0.000000 0.098018 -0.995185 -0.000000 0.098018 -0.995185 -0.000000 0.098018 -0.995185 -0.000000 0.098018 -0.995185 -0.000000 -0.707106 0.707107 -0.000000 -0.707106 0.707107 -0.000000 -0.484867 -0.874588 0.000000 -0.484867 -0.874588 -0.000000 -0.204430 0.978881 -0.000000 -0.204430 0.978881 -0.000000 0.302513 -0.953145 0.000000 0.302513 -0.953145 0.000000 0.707112 0.707102 -0.000000 0.707112 0.707102 -0.000000 0.874590 -0.484864 0.000000 0.874590 -0.484864 -0.000000 0.874588 -0.484867 0.000001 0.874588 -0.484867 0.000001 -0.302515 0.953145 -0.000000 -0.302516 0.953144 -0.000000 -0.302513 0.953145 -0.000000 -0.302513 0.953145 -0.000000 -0.707107 0.707107 -0.000000 -0.707107 0.707107 -0.000000 0.098018 0.995185 0.000000 0.098018 0.995185 0.000000 0.098018 0.995185 0.000000 0.098018 0.995185 0.000000 -0.484867 -0.874588 -0.000000 -0.484867 -0.874588 -0.000000 -0.484867 -0.874588 0.000000 -0.484867 -0.874588 0.000000 -0.484865 -0.874589 0.000000 -0.484865 -0.874589 0.000000 0.707107 0.707107 0.000000 0.707105 0.707108 0.000000 0.874589 -0.484865 0.000000 0.874589 -0.484866 0.000000 
						0.484866 0.874588 0.000000 0.484866 0.874588 0.000000 0.484866 0.874588 0.000000 0.484866 0.874588 -0.000000 -0.978881 0.204429 -0.000000 -0.978882 0.204429 -0.000000 0.978880 0.204434 -0.000000 0.978880 0.204434 -0.000000 0.978881 0.204429 0.000000 0.978882 0.204427 0.000000 -0.302519 0.953143 -0.000000 -0.302518 0.953144 -0.000000 -0.302514 0.953145 0.000000 -0.302513 0.953145 0.000000 0.978881 -0.204429 0.000000 0.978881 -0.204429 0.000000 -0.204429 0.978881 0.000000 -0.204429 0.978881 0.000000 -0.204429 0.978881 0.000000 -0.204429 0.978881 0.000000 -0.302512 0.953146 -0.000000 -0.302512 0.953146 -0.000000 -0.302510 0.953146 -0.000000 -0.302510 0.953146 -0.000000 -0.302514 0.953145 0.000000 -0.302513 0.953145 0.000000 0.707107 -0.707106 0.000000 0.707108 -0.707106 0.000000 0.707106 -0.707107 -0.000000 0.707106 -0.707108 0.000000 0.204426 0.978882 0.000000 0.204425 0.978882 0.000000 0.204430 0.978881 0.000000 0.204430 0.978881 0.000000 -0.302510 0.953146 0.000000 -0.302510 0.953146 -0.000000 -0.707107 0.707106 0.000000 -0.707107 0.707106 -0.000000 -0.707108 0.707105 0.000000 -0.707108 0.707105 0.000000 0.978881 -0.204429 -0.000000 0.978882 -0.204429 -0.000000 0.978882 -0.204428 -0.000000 0.978882 -0.204428 -0.000000 -0.302514 0.953145 0.000000 -0.302515 0.953145 0.000000 0.995185 0.098018 0.000000 0.995185 0.098018 0.000000 0.995185 0.098018 0.000000 0.995185 0.098018 0.000000 0.707107 -0.707107 -0.000000 0.707107 -0.707107 -0.000000 -0.204429 0.978881 0.000000 -0.204429 0.978881 0.000000 -0.302512 0.953145 -0.000000 -0.302513 0.953145 -0.000000 -0.707108 0.707106 0.000000 -0.707107 0.707106 0.000000 0.978881 0.204429 -0.000001 0.978882 0.204427 -0.000001 -0.484866 -0.874588 0.000000 -0.484866 -0.874588 0.000000 -0.484866 -0.874588 0.000000 -0.484866 -0.874588 0.000000 
						0.995185 -0.098018 -0.000000 0.995185 -0.098018 -0.000000 0.995185 -0.098018 -0.000000 0.995185 -0.098018 -0.000000 0.707107 -0.707107 -0.000000 0.707107 -0.707107 -0.000000 0.874588 -0.484867 0.000000 0.874588 -0.484867 -0.000000 -0.874588 0.484866 0.000000 -0.874588 0.484867 0.000000 -0.874589 0.484865 0.000000 -0.874589 0.484865 0.000000 -0.707105 0.707109 -0.000000 -0.707105 0.707109 -0.000000 -0.484868 -0.874587 -0.000000 -0.484868 -0.874587 -0.000000 -0.484867 -0.874588 0.000000 -0.484867 -0.874588 -0.000000 0.707107 -0.707107 0.000000 0.707107 -0.707107 0.000000 -0.874589 0.484865 -0.000000 -0.874589 0.484865 0.000000 -0.707106 0.707107 -0.000000 -0.707107 0.707107 -0.000000 -0.484867 -0.874588 -0.000000 -0.484867 -0.874588 -0.000000 0.978881 -0.204429 0.000000 0.978881 -0.204429 0.000000 -0.874590 0.484864 -0.000000 -0.874590 0.484863 -0.000000 0.204428 0.978882 0.000000 0.204427 0.978882 0.000000 -0.302510 0.953146 0.000000 -0.302510 0.953146 0.000000 -0.302510 0.953146 0.000000 -0.302510 0.953146 0.000000 0.302514 -0.953145 0.000000 0.302514 -0.953145 0.000000 0.000000 -0.000000 1.000000 0.000000 -0.000000 1.000000 0.000000 -0.000000 1.000000 0.000000 -0.000000 1.000000 -0.302513 0.953145 -0.000000 -0.302513 0.953145 -0.000000 -0.953146 -0.302510 0.000000 -0.953146 -0.302511 -0.000000 0.000000 0.000000 -1.000000 0.000000 0.000000 -1.000000 0.000000 0.000000 -1.000000 0.000000 0.000000 -1.000000 -0.302509 0.953147 0.000000 -0.302508 0.953147 0.000000 0.302513 -0.953145 -0.000000 0.302513 -0.953145 -0.000000 0.484868 0.874588 0.000000 0.484868 0.874587 0.000000 0.484868 0.874587 0.000000 0.484868 0.874588 0.000000 -0.953144 -0.302516 -0.000000 -0.953144 -0.302518 -0.000000 -0.484866 -0.874589 0.000000 -0.484866 -0.874589 0.000000 -0.484865 -0.874589 0.000000 -0.484866 -0.874589 0.000000 
						0.874587 -0.484868 -0.000001 0.874587 -0.484868 -0.000001 0.874587 -0.484869 -0.000000 0.874587 -0.484869 -0.000000 0.484867 0.874588 0.000000 0.484867 0.874588 -0.000000 -0.484866 -0.874588 -0.000000 -0.484866 -0.874588 -0.000000 -0.484868 -0.874587 -0.000000 -0.484869 -0.874587 -0.000000 -0.484866 -0.874588 0.000000 -0.484866 -0.874588 0.000000 0.874588 -0.484867 -0.000000 0.874588 -0.484867 -0.000000 0.484867 0.874588 0.000000 0.484867 0.874588 0.000000 -0.484870 -0.874586 -0.000000 -0.484870 -0.874586 -0.000000 -0.484867 -0.874588 0.000000 -0.484867 -0.874588 0.000000 0.874588 -0.484867 -0.000000 0.874588 -0.484867 -0.000000 -0.000000 0.000000 1.000000 -0.000000 0.000000 1.000000 -0.000000 0.000000 1.000000 -0.000000 0.000000 1.000000 -0.000000 -0.000000 1.000000 -0.000000 -0.000000 1.000000 -0.000000 -0.000000 1.000000 -0.000000 -0.000000 1.000000 0.000000 -0.000000 -1.000000 -0.000000 -0.000000 -1.000000 -0.000000 -0.000000 -1.000000 0.000000 -0.000000 -1.000000 0.000000 0.000000 1.000000 0.000000 -0.000000 1.000000 0.000000 -0.000000 1.000000 -0.000000 -0.000000 1.000000 0.000000 -0.000000 -1.000000 -0.000000 -0.000000 -1.000000 0.000000 0.000000 -1.000000 -0.000000 0.000000 -1.000000 -0.000000 -0.000000 1.000000 0.000000 -0.000000 1.000000 0.000000 -0.000000 1.000000 -0.000000 -0.000000 1.000000 -0.555750 0.831348 0.001658 -0.707140 0.707074 0.000360 -0.707072 0.707142 0.000380 -0.555769 0.831335 -0.001829 0.554648 0.832085 0.000154 0.554877 0.831933 0.000000 0.701412 0.712756 -0.000000 0.701368 0.712799 0.001125 -0.923908 -0.382615 -0.000567 -0.832408 -0.553985 -0.014026 -0.832590 -0.553628 0.017054 -0.924011 -0.382356 0.002693 0.381625 0.924317 0.000160 0.381590 0.924332 -0.000000 0.053981 0.998542 -0.000582 0.054524 0.998512 0.000000 0.198565 0.980088 0.000000 0.198092 0.980183 -0.000336 
						0.555721 0.831368 0.001390 0.382819 0.923823 0.001123 0.382573 0.923925 0.000908 0.555354 0.831612 0.001974 0.101381 0.082373 0.991432 0.090720 0.093227 0.991503 -0.087622 -0.096322 0.991486 -0.098218 -0.087086 0.991347 -0.197678 0.980267 0.000277 -0.198336 0.980134 -0.000000 -0.051652 0.998665 -0.000000 -0.051214 0.998688 0.000206 -0.378827 -0.915136 0.137901 -0.375010 -0.927021 0.000000 -0.548491 -0.836157 -0.000000 -0.549810 -0.823828 0.137901 -0.375876 0.926669 -0.001024 -0.375541 0.926806 -0.000000 -0.093497 0.090449 0.991503 0.096009 -0.087934 0.991489 -0.129889 -0.008632 0.991491 -0.127583 -0.025334 0.991504 0.128509 0.020682 0.991493 0.130076 0.004868 0.991492 -0.460209 0.887677 -0.015387 -0.458171 0.888864 -0.000000 0.005089 -0.130067 0.991492 -0.007739 -0.129934 0.991492 0.005430 0.130049 0.991493 -0.008419 0.129901 0.991491 -0.692474 -0.708142 0.137892 -0.695405 -0.718618 0.000000 -0.758598 -0.651559 -0.000000 -0.754410 -0.641949 0.136992 0.368048 -0.919525 0.137892 0.377469 -0.926022 0.000000 0.204535 -0.978859 0.000000 0.195287 -0.971009 0.137853 -0.998758 -0.049810 -0.001052 -0.998767 0.049641 -0.000233 -0.998761 0.049768 -0.000732 -0.998758 -0.049816 0.001098 0.026718 0.127307 0.991503 -0.027117 -0.127227 0.991503 -0.924493 0.380940 0.014066 -0.980651 0.195763 -0.000630 -0.980730 0.195353 -0.002545 -0.924591 0.380588 -0.016834 0.451175 -0.881859 0.136989 0.458168 -0.888866 0.000000 0.707206 0.707007 0.001080 0.706671 0.707527 0.004618 -0.049884 0.998754 -0.001620 -0.195986 0.980604 -0.002374 -0.195520 0.980699 -0.001255 -0.049619 0.998768 -0.000405 -0.197904 -0.970480 0.137852 -0.192098 -0.981376 0.000000 0.707823 -0.692801 0.137893 0.718301 -0.695732 0.000000 0.651216 -0.758893 0.000000 0.641587 -0.754717 0.137000 0.823566 -0.550202 0.137901 0.835891 -0.548895 0.000000 
						0.050336 0.119936 0.991505 -0.049318 -0.120357 0.991505 -0.998626 -0.052407 -0.000368 -0.998605 -0.052795 0.000000 -0.998517 0.054436 -0.000000 -0.998567 0.053505 0.000518 0.914949 -0.379277 0.137902 0.926827 -0.375487 0.000000 0.048383 0.989744 0.134411 0.058984 0.998259 0.000000 -0.043547 0.999051 0.000000 -0.051566 0.989583 0.134411 0.052577 0.998617 0.000391 0.053106 0.998589 0.000000 -0.054728 0.998501 -0.000000 -0.054179 0.998531 -0.000609 0.049856 0.998755 -0.001407 0.049776 0.998760 0.000792 -0.998557 0.053699 -0.000544 -0.998509 0.054587 0.000000 -0.998549 -0.053850 -0.000000 -0.998573 -0.053396 0.000503 0.379707 0.914771 0.137901 0.390747 0.920498 -0.000000 0.206514 0.978444 -0.000000 0.197093 0.970645 0.137853 0.551864 0.822453 0.137901 0.563805 0.825908 -0.000000 0.695649 0.705023 0.137897 0.706912 0.707302 -0.000000 -0.382759 0.923848 -0.000623 -0.382187 0.924076 -0.004070 -0.379583 0.925158 0.000467 -0.379644 0.925133 -0.000001 -0.463499 0.886097 -0.000000 -0.466215 0.884553 0.014451 0.199770 0.979843 0.000574 0.200266 0.979742 0.000000 -0.201444 0.979500 -0.000000 -0.200623 0.979668 -0.000695 0.195883 0.980626 0.001570 0.195762 0.980651 -0.000624 0.383648 0.923479 0.000145 0.383705 0.923456 -0.000000 0.557472 0.830196 0.000318 0.557710 0.830036 0.000000 0.705760 0.708451 -0.000265 0.705575 0.708635 -0.000000 -0.980630 -0.195862 0.001407 -0.980665 -0.195695 -0.000104 -0.925571 -0.378575 -0.000618 -0.925545 -0.378638 0.000000 -0.886667 -0.462409 -0.000000 -0.885115 -0.465143 -0.014618 -0.979661 -0.200661 0.000000 -0.979831 -0.199828 0.000583 -0.980607 0.195984 -0.000037 -0.980553 0.196256 -0.000000 -0.959257 0.282146 0.014818 -0.959973 0.280093 -0.000000 -0.828099 0.560582 -0.000841 -0.828135 0.560529 0.000000 -0.876014 0.482286 -0.000000 -0.877433 0.479467 -0.014924 
						-0.707356 0.706857 0.000049 -0.707407 0.706807 0.000000 -0.124864 -0.038408 0.991430 0.127048 0.033108 0.991344 -0.479876 0.877208 0.014989 -0.481903 0.876225 0.000001 -0.559849 0.828595 0.000000 -0.559551 0.828796 0.000667 -0.970699 0.196826 0.137852 -0.978492 0.206286 0.000000 -0.982186 -0.187909 0.000001 -0.971869 -0.190966 0.137852 -0.127371 0.026396 0.991504 -0.130075 0.004903 0.991492 0.129928 -0.007845 0.991492 0.127158 -0.027459 0.991502 -0.914861 0.379490 0.137902 -0.920582 0.390550 -0.000000 -0.822620 0.551615 0.137900 -0.826070 0.563568 0.000000 -0.029532 0.126745 0.991496 -0.048936 0.120516 0.991504 0.043555 -0.122741 0.991482 0.025033 -0.127644 0.991504 -0.373335 0.917390 0.137899 -0.372024 0.928223 -0.000000 -0.456481 0.889733 -0.000000 -0.456371 0.879167 0.137080 -0.194615 0.980880 -0.000000 -0.200377 0.969972 0.137850 0.763711 0.645559 -0.000000 0.765691 0.643029 0.015213 -0.887017 -0.461487 0.015189 -0.888182 -0.459491 0.000000 -0.926224 -0.376974 0.000000 -0.926105 -0.377265 0.000816 -0.062678 0.114544 0.991439 0.056999 -0.118322 0.991338 -0.979814 -0.199909 0.000000 -0.979960 -0.199193 -0.000492 0.073570 0.107276 0.991504 -0.071348 -0.108761 0.991504 0.758277 0.637357 0.137084 0.767355 0.641222 0.000001 -0.981461 0.191659 -0.000577 -0.981343 0.192263 -0.000000 -0.960766 0.277362 -0.000000 -0.959750 0.280450 -0.015062 -0.831288 0.555837 -0.002455 -0.831397 0.555678 0.000993 -0.877655 0.479063 0.014861 -0.876621 0.481182 -0.000000 -0.828853 0.559466 -0.000000 -0.829090 0.559116 0.000595 -0.706668 0.707546 -0.000000 -0.706744 0.707469 0.000071 0.768654 0.639499 -0.014575 0.767349 0.641229 -0.000000 -0.560015 0.828482 0.000000 -0.560080 0.828438 -0.000757 -0.481549 0.876419 -0.000000 -0.478745 0.877829 -0.014810 0.952819 0.270864 0.136996 0.961098 0.276209 -0.000000 
						0.981055 0.193731 -0.000001 0.972822 0.186053 0.137849 -0.554132 0.832331 0.012764 -0.553466 0.832668 -0.018417 0.830480 0.556905 -0.012647 0.829974 0.557494 0.018528 0.998319 0.057961 -0.000000 0.989781 0.047618 0.134411 -0.922926 0.384625 -0.016453 -0.923047 0.384411 0.014595 0.970397 -0.198308 0.137851 0.981295 -0.192508 -0.000001 -0.961763 -0.273883 0.000002 -0.951446 -0.275612 0.137073 0.989599 -0.051266 0.134411 0.999058 -0.043395 -0.000000 -0.384529 0.922981 0.015619 -0.384527 0.922982 -0.015605 -0.082724 0.101147 0.991426 0.086701 -0.098478 0.991355 -0.184363 0.459037 0.869077 -0.103243 0.483835 0.869048 -0.323104 0.796949 0.510369 -0.174517 0.842103 0.510299 -0.230901 0.439818 0.867897 -0.398182 0.763693 0.508157 -0.354621 0.344911 0.869069 -0.318625 0.381178 0.867860 -0.613063 0.603058 0.510366 -0.553180 0.660127 0.508157 -0.410553 0.275915 0.869090 -0.713949 0.479364 0.510379 -0.456903 0.189528 0.869091 -0.794164 0.329873 0.510380 -0.484631 0.099288 0.869065 -0.842702 0.171581 0.510307 -0.476720 -0.139854 0.867859 -0.485697 -0.093946 0.869064 -0.826897 -0.240931 0.508128 -0.844049 -0.164829 0.510306 -0.556602 0.830777 0.002185 -0.407788 0.911766 0.048896 -0.558311 0.829629 0.001959 -0.456018 0.888664 0.048209 -0.707193 0.707021 0.000215 -0.707274 0.706940 0.000140 -0.830168 0.557499 -0.004088 -0.828743 0.559623 -0.002899 -0.912307 0.406807 -0.046938 -0.889355 0.454759 -0.047361 -0.980575 0.196143 -0.000827 -0.932870 0.357046 0.047661 -0.980601 0.196014 -0.000191 -0.950533 0.306957 0.047577 -0.924429 -0.381345 -0.002543 -0.980484 -0.196592 0.001631 -0.925197 -0.379481 -0.002055 -0.980161 -0.198196 0.001511 -0.844565 -0.533564 -0.044930 -0.871323 -0.488527 -0.046225 0.707180 0.707034 0.000183 0.815618 0.576729 -0.046382 0.706464 0.707749 -0.000540 0.784231 0.618706 -0.046732 
						0.556204 0.831045 0.001342 0.556917 0.830568 0.000962 0.383184 0.923672 0.000952 0.383495 0.923543 0.000521 0.197042 0.980392 0.002438 0.198599 0.980079 0.001755 -0.381866 0.924216 0.001553 -0.197018 0.980397 -0.002394 -0.380362 0.924836 0.001491 -0.198903 0.980017 -0.001939 -0.534097 0.844284 0.043877 -0.489439 0.870843 0.045617 0.345180 0.354354 0.869071 0.381416 0.318284 0.867881 0.603337 0.612788 0.510368 0.660386 0.552852 0.508178 0.276194 0.410370 0.869088 0.479639 0.713765 0.510378 0.189777 0.456802 0.869090 0.330119 0.794061 0.510380 0.099602 0.484570 0.869063 0.171885 0.842641 0.510305 -0.026791 0.496196 0.867797 0.023246 0.496373 0.867798 -0.044026 0.861609 0.505660 0.041695 0.861726 0.505658 -0.496176 -0.027170 0.867797 -0.496410 0.022474 0.867797 -0.861581 -0.044593 0.505658 -0.861762 0.040922 0.505659 -0.998706 -0.050817 0.002002 -0.998730 0.050360 -0.001203 -0.998632 -0.052259 0.001513 -0.998647 0.051979 -0.001349 -0.051068 0.998692 -0.002441 0.050293 0.998734 0.001085 -0.052814 0.998603 -0.001839 0.051457 0.998675 0.001042 0.496214 -0.026432 0.867798 0.496414 0.022406 0.867797 0.861627 -0.043676 0.505659 0.861765 0.040877 0.505658 -0.998737 0.050230 0.000977 -0.998730 -0.050359 -0.001202 -0.998659 0.051765 0.001224 -0.998675 -0.051457 -0.001043 0.051005 0.998696 -0.002330 -0.049658 0.998766 -0.000024 0.052673 0.998610 -0.001756 -0.050345 0.998732 0.000390 -0.026552 -0.496208 0.867798 0.022626 -0.496403 0.867797 -0.043801 -0.861621 0.505659 0.040915 -0.861763 0.505659 -0.172006 -0.842617 0.510304 -0.100750 -0.484339 0.869060 -0.328659 -0.794667 0.510380 -0.477043 -0.715502 0.510379 -0.189399 -0.456958 0.869090 -0.274572 -0.411454 0.869089 -0.599869 -0.616202 0.510345 -0.342390 -0.357121 0.869042 -0.656469 -0.557779 0.507870 -0.378216 -0.322800 0.867613 
						-0.483431 0.873975 -0.049615 -0.377613 0.925958 -0.003252 -0.530346 0.846230 -0.051257 -0.380405 0.924810 -0.004323 -0.196552 0.980493 0.000516 -0.195712 0.980661 0.000053 0.197130 0.980377 -0.000866 0.196176 0.980568 -0.000886 0.381841 0.924228 0.000541 0.382247 0.924060 0.000830 0.554482 0.832196 0.000776 0.554793 0.831987 0.001640 0.702373 0.711798 0.003955 0.704700 0.709481 0.005940 0.782423 0.620864 0.048393 0.814767 0.577740 0.048690 -0.873427 -0.484492 0.048910 -0.925487 -0.378770 0.002511 -0.845921 -0.530952 0.050069 -0.924545 -0.381061 0.003080 -0.980241 -0.197801 -0.001272 -0.980520 -0.196414 -0.001311 -0.981429 0.191813 -0.002350 -0.981084 0.193543 -0.003827 -0.950620 0.306660 -0.047759 -0.932827 0.357194 -0.047391 -0.889098 0.455228 0.047677 -0.829918 0.557883 0.001653 -0.912027 0.407317 0.047955 -0.830950 0.556344 0.001638 -0.706876 0.707337 0.000194 -0.707001 0.707213 0.000263 -0.559200 0.829029 -0.002596 -0.557257 0.830332 -0.003574 -0.454146 0.889690 -0.046950 -0.406450 0.912503 -0.046229 0.828433 0.236128 0.507880 0.844933 0.160278 0.510292 0.478805 0.134397 0.867573 0.486737 0.088657 0.869038 0.842539 -0.172385 0.510305 0.484265 -0.101106 0.869060 0.794479 -0.329112 0.510380 0.456771 -0.189847 0.869090 0.715240 -0.477435 0.510380 0.411187 -0.274968 0.869090 0.615875 -0.600202 0.510348 0.356792 -0.342722 0.869046 0.557393 -0.656778 0.507894 0.322404 -0.378501 0.867637 0.392957 -0.766590 0.507863 0.317992 -0.799019 0.510343 0.225134 -0.443446 0.867566 0.178402 -0.461477 0.869029 0.170038 -0.843014 0.510308 0.097769 -0.484938 0.869066 -0.000000 -0.000000 1.000000 0.000000 -0.000000 1.000000 0.000000 -0.000000 -1.000000 -0.000000 -0.000000 -1.000000 -0.000000 -0.000000 1.000000 0.000000 -0.000000 1.000000 0.000000 -0.000000 -1.000000 0.000000 0.000000 -1.000000 
						0.000000 -0.000000 1.000000 0.000000 -0.000000 1.000000 -0.000000 0.000000 1.000000 0.000000 -0.000000 1.000000 0.000000 -0.000000 1.000000 -0.000000 0.000000 1.000000 -0.000000 0.000000 1.000000 -0.000000 0.000000 1.000000 -0.000000 0.000000 1.000000 -0.000000 0.000000 1.000000 -0.000000 0.000000 -1.000000 0.000001 -0.000001 -1.000000 0.000000 -0.000000 -1.000000 -0.000000 0.000000 -1.000000 -0.000000 0.000001 -1.000000 -0.000000 0.000000 -1.000000 -0.000000 -0.000001 -1.000000 -0.000000 -0.000000 -1.000000 -0.000000 -0.000000 -1.000000 -0.000000 -0.000000 -1.000000 -0.000000 -0.000001 -1.000000 0.000000 0.000000 -1.000000 -0.000000 -0.000000 -1.000000 -0.000000 -0.000000 -1.000000 -0.000001 -0.000000 -1.000000 -0.000001 -0.000001 -1.000000 -0.000000 -0.000000 1.000000 0.000000 0.000000 1.000000 -0.000000 -0.000000 1.000000 -0.000000 -0.000000 1.000000 -0.000000 -0.000000 1.000000 0.000002 0.000000 1.000000 0.000000 -0.000000 1.000000 0.000000 -0.000000 1.000000 0.000000 -0.000000 1.000000 0.000000 -0.000000 1.000000 0.831469 -0.555570 0.000000 0.923880 -0.382683 0.000000 0.923880 -0.382683 -0.000000 0.831469 -0.555570 0.000000 0.707107 -0.707107 0.000000 0.707107 -0.707107 0.000000 0.555570 -0.831469 0.000001 0.555570 -0.831469 0.000000 0.382683 -0.923880 0.000001 0.382683 -0.923880 0.000000 -0.000000 0.000000 -1.000000 -0.000001 0.000001 -1.000000 -0.000000 0.000000 -1.000000 0.000000 -0.000002 -1.000000 -0.000000 -0.000001 -1.000000 -0.000000 -0.000001 -1.000000 -0.000000 -0.000000 -1.000000 -0.000000 -0.000000 -1.000000 -0.000000 -0.000000 -1.000000 0.000000 0.000000 -1.000000 0.000001 0.000001 -1.000000 -0.000001 -0.000001 -1.000000 0.000001 0.000001 -1.000000 0.000000 0.000000 -1.000000 -0.000000 -0.000000 1.000000 0.000000 0.000000 1.000000 -0.000000 -0.000000 1.000000 -0.000000 -0.000000 1.000000 
						-0.000000 -0.000000 1.000000 -0.000000 -0.000000 1.000000 -0.982705 0.185178 0.000000 -0.972706 0.186641 -0.137868 0.959280 0.282458 -0.000000 0.949910 0.280822 -0.137147 0.872199 0.469515 -0.137204 0.881187 0.472768 -0.000000 0.832641 0.553812 -0.000000 0.823514 0.550282 -0.137896 0.382087 -0.924113 -0.004880 0.383273 -0.923622 -0.004902 0.000000 -0.000000 1.000000 0.000000 -0.000000 1.000000 0.000000 -0.000000 1.000000 0.000000 -0.000000 1.000000 0.000000 -0.000000 1.000000 -0.000000 0.000000 -1.000000 0.000000 -0.000000 -1.000000 -0.000000 0.000000 -1.000000 0.000000 0.000000 -1.000000 -0.000000 -0.000000 -1.000000 0.000001 0.000001 -1.000000 -0.000000 -0.000000 -1.000000 -0.000001 -0.000001 -1.000000 -0.000000 -0.000000 1.000000 0.000000 0.000000 1.000000 0.000003 0.000001 1.000000 0.000000 -0.000000 1.000000 0.000000 -0.000000 1.000000 0.923880 -0.382683 -0.000000 0.831469 -0.555570 0.000000 0.707107 -0.707107 -0.000000 0.555570 -0.831469 0.000000 0.382684 -0.923879 0.000000 0.000000 -0.000001 -1.000000 0.000001 -0.000003 -1.000000 0.000000 0.000000 -1.000000 -0.000000 -0.000000 -1.000000 -0.000000 -0.000000 -1.000000 -0.000002 -0.000002 -1.000000 0.000000 0.000000 -1.000000 -0.000000 -0.000000 1.000000 -0.000000 -0.000000 1.000000 -0.000000 -0.000000 1.000000 -0.379020 -0.915057 0.137896 -0.381035 -0.924561 0.000000 -0.552251 -0.833678 0.000000 -0.548648 -0.824603 0.137897 -0.193006 0.971463 0.137872 -0.193129 0.981173 -0.000000 0.382975 -0.913408 0.137896 0.388520 -0.921440 0.000000 0.468143 -0.872927 0.137264 0.473815 -0.880624 0.000000 -0.703048 0.697645 -0.137895 -0.711062 0.703129 -0.000000 -0.640767 0.767736 -0.000000 -0.633843 0.761206 -0.137147 0.119183 -0.052164 -0.991501 -0.121225 0.047233 -0.991501 -0.916397 0.375769 -0.137895 -0.926279 0.376838 0.000000 -0.832618 0.553847 -0.000000 
						-0.823502 0.550299 -0.137896 -0.970732 -0.196650 -0.137871 -0.979673 -0.200599 0.000000 -0.948070 -0.286931 -0.137236 -0.956738 -0.290950 0.000000 -0.822628 -0.551605 -0.137895 -0.829557 -0.558422 0.000000 -0.879077 -0.476680 0.000000 -0.871321 -0.471149 -0.137179 -0.699796 -0.700907 -0.137896 -0.704648 -0.709557 0.000000 -0.040254 -0.124109 0.991452 0.034478 0.126487 0.991369 -0.469528 -0.872192 -0.137205 -0.472757 -0.881193 -0.000000 -0.553802 -0.832648 0.000000 -0.550283 -0.823513 -0.137897 -0.200907 0.969860 0.137866 -0.205994 0.978553 -0.000000 0.023372 -0.127977 0.991502 -0.029123 0.126830 0.991497 -0.381366 0.914081 0.137896 -0.386951 0.922100 0.000000 -0.466593 0.873760 0.137240 -0.472274 0.881452 0.000000 -0.703700 -0.710497 -0.000669 -0.703805 -0.710394 0.000000 -0.768378 -0.639996 0.000000 -0.769686 -0.638261 -0.014352 -0.384299 -0.923209 0.000243 -0.385301 -0.922791 0.000000 -0.555384 -0.831594 -0.000000 -0.554871 -0.831936 -0.000117 0.206081 -0.978534 -0.001517 0.207074 -0.978325 -0.000000 0.387739 -0.921769 -0.000763 0.387969 -0.921672 -0.000000 0.475307 -0.879723 0.013024 0.473781 -0.880643 0.000000 -0.696211 -0.704469 0.137893 -0.701699 -0.712473 0.000000 -0.766439 -0.642317 0.000000 -0.759897 -0.635418 0.137116 0.054968 0.118019 0.991489 -0.046364 -0.121582 0.991498 0.044767 -0.989917 0.134389 0.042093 -0.999114 -0.000000 0.194472 -0.980908 0.000000 0.194511 -0.971163 0.137870 0.055084 -0.998481 0.000775 0.056769 -0.998387 -0.000000 0.196585 -0.980487 -0.000000 0.195750 -0.980654 0.000049 -0.052235 0.998635 0.000000 -0.053182 0.989500 0.134390 0.046831 -0.121389 0.991500 0.058472 -0.117346 0.991368 -0.063686 0.113878 0.991451 -0.052380 0.119093 0.991500 0.378217 -0.925717 -0.000672 0.378357 -0.925660 0.000000 0.464970 -0.885326 0.000000 0.466840 -0.884225 -0.014352 -0.029497 -0.999565 -0.000000 
						-0.033400 -0.990368 0.134374 -0.199528 -0.979892 -0.000586 -0.199628 -0.979872 0.000000 -0.042017 -0.999117 0.000000 -0.043715 -0.999044 0.000768 -0.393731 -0.919224 -0.001669 -0.394938 -0.918708 -0.000000 0.072829 0.107777 -0.991504 0.062730 0.114793 -0.991407 -0.061656 -0.115237 -0.991423 -0.072029 -0.108309 -0.991504 -0.563294 -0.826255 -0.001298 -0.563965 -0.825798 -0.000000 0.076618 0.105243 0.991491 -0.068853 -0.110430 0.991496 -0.710967 -0.703225 -0.000762 -0.711129 -0.703062 -0.000000 -0.775779 -0.630870 0.013025 -0.774721 -0.632303 0.000000 0.092251 0.091702 -0.991504 -0.091703 -0.092249 -0.991504 -0.187867 -0.982195 -0.000000 -0.188678 -0.972313 0.137869 0.375247 -0.916610 0.137895 0.377242 -0.926115 -0.000000 0.463827 -0.885926 -0.000000 0.460431 -0.877038 0.137143 0.108312 0.072028 -0.991504 -0.107783 -0.072819 -0.991504 0.095182 0.088768 0.991494 -0.088490 -0.095460 0.991492 -0.196932 -0.970675 0.137871 -0.200860 -0.979620 -0.000000 -0.061139 -0.998129 -0.000000 -0.056757 -0.989302 0.134386 -0.287215 -0.947984 0.137241 -0.291282 -0.956637 0.000000 0.115238 0.061658 -0.991422 -0.114795 -0.062725 -0.991407 0.103391 0.079385 0.991468 -0.097953 -0.087492 0.991338 0.551592 0.822636 -0.137897 0.558421 0.829557 0.000000 0.476702 0.879065 0.000000 0.471166 0.871312 -0.137179 0.126388 0.034723 -0.991373 -0.124217 -0.039993 -0.991449 0.553511 -0.832647 -0.018034 0.554652 -0.832041 0.008237 0.700908 0.699795 -0.137896 0.709545 0.704660 -0.000000 -0.187360 -0.457809 0.869084 -0.092278 -0.486012 0.869067 -0.327930 -0.794975 0.510370 -0.163340 -0.844323 0.510333 -0.272247 -0.413013 0.869081 -0.475566 -0.716491 0.510370 -0.346047 -0.353502 0.869073 -0.604009 -0.612129 0.510364 -0.379784 -0.320606 0.867742 -0.660344 -0.552912 0.508167 0.385071 -0.922876 -0.004551 0.536305 -0.843099 0.039494 0.386840 -0.922143 -0.002673 
						0.495321 -0.867710 0.041680 0.199198 -0.979935 -0.006850 0.203232 -0.979119 -0.004752 -0.381800 -0.924243 -0.001678 -0.193679 -0.981060 -0.003044 -0.382583 -0.923921 -0.000065 -0.192578 -0.981280 -0.001700 -0.554312 -0.832305 -0.002653 -0.554178 -0.832397 -0.000993 -0.705281 -0.708913 -0.004512 -0.704030 -0.710166 -0.002575 -0.815326 -0.577078 -0.047176 -0.784703 -0.618141 -0.046297 -0.191465 0.456109 0.869083 -0.235024 0.437218 0.868104 -0.331229 0.793605 0.510370 -0.405923 0.759342 0.508553 -0.101497 0.484173 0.869065 -0.174086 0.842174 0.510330 0.139377 0.476912 0.867830 0.093737 0.485726 0.869071 0.243641 0.826026 0.508253 0.164919 0.844014 0.510335 -0.275021 -0.411162 -0.869085 -0.235360 -0.437256 -0.867994 -0.477994 -0.714872 -0.510372 -0.408191 -0.758203 -0.508437 -0.349648 -0.349909 -0.869085 -0.607735 -0.608423 -0.510372 -0.410799 -0.275565 -0.869085 -0.714242 -0.478935 -0.510372 -0.436831 -0.236314 -0.867948 -0.757534 -0.409512 -0.508373 -0.484635 -0.099208 -0.869072 -0.474759 -0.144965 -0.868095 -0.842852 -0.170757 -0.510336 -0.824017 -0.249757 -0.508544 -0.458055 0.186763 -0.869083 -0.485996 0.092363 -0.869067 -0.795693 0.326182 -0.510370 -0.844475 0.162559 -0.510330 -0.411834 0.274016 -0.869085 -0.715343 0.477289 -0.510373 -0.352050 0.347504 -0.869081 -0.610679 0.605471 -0.510369 -0.318897 0.380996 -0.867841 -0.551259 0.661650 -0.508266 0.193098 -0.455430 0.869078 0.236551 -0.436248 0.868177 0.332893 -0.792910 0.510368 0.407476 -0.758459 0.508629 0.103358 -0.483796 0.869056 0.176031 -0.841774 0.510322 0.054201 -0.861058 0.505611 -0.029785 -0.862251 0.505604 0.033461 -0.495848 0.867764 -0.014817 -0.496767 0.867757 0.060608 -0.998140 -0.006598 -0.039283 -0.999211 -0.005916 0.054410 -0.998480 -0.008828 -0.044878 -0.998962 -0.007840 -0.044961 0.861570 0.505644 0.042710 0.861684 0.505644 -0.026925 0.496191 0.867796 
						0.023912 0.496343 0.867797 -0.861366 -0.048830 -0.505632 -0.862046 0.034902 -0.505627 -0.496073 -0.029260 -0.867788 -0.496582 0.018906 -0.867784 0.861797 -0.040411 -0.505641 0.861656 0.043299 -0.505642 0.496351 -0.023748 -0.867797 0.496320 0.024369 -0.867797 -0.048808 -0.861366 0.505635 0.038782 -0.861871 0.505642 -0.029344 -0.496066 0.867789 0.021422 -0.496459 0.867796 -0.046964 -0.998896 0.001410 0.051788 -0.998657 0.001420 -0.049307 -0.998784 0.000098 0.049367 -0.998781 0.000007 0.039461 0.861841 0.505642 -0.044469 0.861596 0.505642 0.023788 0.496348 0.867797 -0.024366 0.496319 0.867798 0.101449 0.484183 0.869066 0.173077 0.842380 0.510333 0.195751 0.454322 0.869064 0.279835 0.407936 0.869069 0.336860 0.791242 0.510354 0.483600 0.711101 0.510360 0.352675 0.346877 0.869078 0.610945 0.605203 0.510368 0.385478 0.312531 0.868177 0.666713 0.544783 0.508630 0.532424 -0.845162 -0.047179 0.380302 -0.924851 -0.004520 0.488414 -0.871383 -0.046300 0.378652 -0.925535 -0.002587 0.194100 -0.980979 -0.002292 0.194425 -0.980917 -0.000583 -0.197334 -0.980330 -0.003503 -0.198844 -0.980029 -0.002092 -0.386374 -0.922315 -0.007043 -0.390543 -0.920571 -0.005061 -0.558422 -0.829535 -0.006054 -0.561312 -0.827594 -0.004111 -0.708934 -0.705260 -0.004563 -0.710291 -0.703903 -0.002681 -0.818121 -0.573688 0.039497 -0.789673 -0.612111 0.041682 0.229710 -0.440577 0.867828 0.186086 -0.458335 0.869081 0.400057 -0.762650 0.508251 0.325436 -0.796001 0.510366 0.096044 -0.485267 0.869075 0.168107 -0.843383 0.510339 -0.099454 -0.484586 0.869072 -0.171038 -0.842794 0.510337 -0.145233 -0.474657 0.868106 -0.250009 -0.823934 0.508554 0.236315 0.436832 -0.867947 0.275570 0.410797 -0.869084 0.409514 0.757533 -0.508372 0.478918 0.714253 -0.510372 0.349910 0.349648 -0.869085 0.608427 0.607731 -0.510372 0.411161 0.275022 -0.869085 
						0.714873 0.477992 -0.510373 0.437246 0.235379 -0.867993 0.758201 0.408193 -0.508439 0.476810 0.139641 -0.867844 0.485668 0.094021 -0.869072 0.825938 0.243907 -0.508268 0.843956 0.165214 -0.510335 0.485028 -0.097244 -0.869075 0.843411 -0.167969 -0.510338 0.456109 -0.191461 -0.869084 0.793515 -0.331445 -0.510371 0.409078 -0.278133 -0.869078 0.712261 -0.481882 -0.510366 0.348343 -0.351213 -0.869084 0.606650 -0.609505 -0.510371 0.314243 -0.384274 -0.868092 0.546438 -0.665426 -0.508540 -0.228180 0.441540 0.867742 -0.184430 0.459017 0.869074 -0.398501 0.763520 0.508167 -0.323794 0.796673 0.510362 -0.094374 0.485597 0.869073 -0.166538 0.843695 0.510337 0.200918 -0.979608 0.000691 0.200590 -0.979675 0.000000 0.360373 -0.932808 0.000000 0.363829 -0.931461 -0.002830 0.054830 0.989405 0.134427 0.030496 0.999535 -0.000000 0.165824 0.986155 -0.000000 0.188433 0.972366 0.137828 -0.057957 0.998318 0.001079 -0.054566 0.998510 0.000000 -0.179808 0.983702 0.000000 -0.181752 0.983342 -0.002027 -0.202247 -0.979334 0.000880 -0.205465 -0.978665 0.000000 0.202482 -0.979285 -0.000913 0.202730 -0.979235 -0.000000 0.053869 -0.998548 -0.000000 0.054192 -0.998530 -0.000567 0.207136 0.978312 -0.000000 0.203043 0.979169 -0.000993 0.364633 -0.931148 0.002709 0.359403 -0.933182 -0.000000 0.437322 -0.899106 0.018921 0.426633 -0.904425 -0.000000 -0.564345 -0.813944 0.137879 -0.592253 -0.805752 -0.000000 -0.531845 -0.846842 0.000000 -0.523658 -0.840990 0.136079 -0.059008 -0.998257 0.001222 -0.063289 -0.997995 0.000000 0.693000 0.707628 -0.137894 0.678483 0.734617 -0.000000 0.731721 0.681604 0.000000 0.725858 0.674228 -0.136185 -0.040837 -0.990083 -0.134420 -0.077156 -0.997019 -0.000000 0.030673 -0.999529 -0.000000 0.055909 -0.989346 -0.134422 0.555602 0.819933 -0.137900 0.538139 0.842856 -0.000000 -0.554642 -0.832089 0.000155 
						-0.553730 -0.832696 0.000000 -0.381877 -0.924213 -0.000000 -0.381095 -0.924536 0.000240 -0.358919 0.923130 -0.137871 -0.368230 0.929735 -0.000000 -0.217050 0.976161 0.000000 -0.189447 0.972169 -0.137829 0.387070 0.911680 -0.137898 0.365228 0.930918 -0.000000 -0.404542 0.904352 -0.135988 -0.426633 0.904425 -0.000000 0.694543 0.719447 -0.002452 0.691821 0.722069 0.000000 0.749778 0.661690 0.000000 0.757662 0.652427 -0.016923 -0.040603 0.990092 0.134423 -0.076320 0.997083 -0.000000 -0.052920 0.998599 -0.000395 -0.049432 0.998778 -0.000000 0.066225 0.997805 0.000000 0.060105 0.998191 0.001371 -0.542138 -0.828898 -0.137892 -0.569331 -0.822109 0.000000 -0.400879 -0.916131 -0.000000 -0.371660 -0.918071 -0.137895 -0.037760 0.990205 -0.134419 -0.073213 0.997316 0.000000 0.034777 0.999395 0.000000 0.058737 0.989182 -0.134423 -0.684710 -0.715658 -0.137865 -0.696542 -0.717516 0.000000 -0.719849 -0.680680 -0.135984 -0.740703 -0.671833 -0.000000 0.437562 -0.899188 -0.000000 0.448682 -0.893526 -0.017174 0.057191 -0.998363 0.000975 0.057116 -0.998368 -0.000000 -0.203538 -0.979066 -0.001063 -0.206779 -0.978388 -0.000000 -0.060611 -0.998161 0.000000 -0.056232 -0.998417 -0.000844 -0.227206 -0.964283 0.136143 -0.244334 -0.969691 0.000000 -0.187462 -0.982272 0.000000 -0.178761 -0.974194 0.137809 -0.694082 -0.719892 0.002540 -0.689581 -0.724209 0.000000 -0.748582 -0.662775 0.018821 -0.740704 -0.671832 0.000000 0.370395 -0.918582 0.137893 0.347519 -0.937673 0.000000 0.416317 -0.909219 -0.000000 0.416478 -0.898875 0.136273 0.205495 -0.968906 0.137817 0.185764 -0.982594 0.000000 0.059221 -0.989154 0.134418 0.035068 -0.999385 0.000000 -0.069590 -0.997576 0.000000 -0.037080 -0.990231 0.134415 -0.695601 -0.705071 0.137895 -0.719602 -0.694387 -0.000000 -0.809853 -0.570204 0.137858 -0.821396 -0.570358 0.000000 -0.837532 -0.529210 0.135928 
						-0.855547 -0.517725 0.000000 -0.254838 0.966984 0.000000 -0.266367 0.963720 -0.017085 0.062009 0.998076 0.000000 0.055168 0.998477 -0.000700 0.693367 0.720580 0.002678 0.689012 0.724750 0.000000 0.747971 0.663460 0.018948 0.740100 0.672497 0.000000 0.369285 -0.919029 -0.137892 0.345835 -0.938295 -0.000000 0.414689 -0.909963 -0.000000 0.412748 -0.900607 -0.136185 0.203620 -0.969301 -0.137820 0.182913 -0.983129 -0.000000 0.186200 0.982512 0.000000 0.206964 0.968593 -0.137819 -0.690652 -0.723187 0.000000 -0.693467 -0.720484 -0.002660 -0.748819 -0.662774 0.000000 -0.756840 -0.653376 -0.017096 -0.407618 0.902959 0.136064 -0.427602 0.903967 0.000000 -0.369090 0.929394 0.000000 -0.359418 0.922936 0.137873 -0.218819 0.975765 -0.000000 -0.190560 0.971952 0.137829 0.232989 0.972479 0.000000 0.235316 0.962311 0.136325 0.207988 0.978131 0.000000 0.204100 0.978949 0.001143 0.488550 0.861732 0.136880 0.496472 0.868053 0.000000 0.560264 0.828314 0.000000 0.561365 0.816000 0.137890 0.693596 0.720364 0.000000 0.705315 0.695352 0.137898 0.810710 0.585449 -0.000000 0.819583 0.556118 0.137899 0.853402 0.521253 0.000000 0.847778 0.512520 0.136363 -0.252928 0.967298 0.019005 -0.242334 0.970193 -0.000000 -0.179180 0.983816 -0.000000 -0.184255 0.982877 0.001672 0.385664 0.922639 -0.000000 0.385445 0.922731 0.000416 0.556336 0.830957 0.000000 0.558082 0.829786 0.000421 -0.222081 -0.975028 -0.000000 -0.191675 -0.971733 -0.137826 -0.096340 -0.485232 -0.869062 0.001584 -0.000319 -0.999999 0.002188 -0.000908 -0.999997 -0.187306 -0.457814 -0.869093 -0.169182 -0.843204 -0.510278 -0.327502 -0.795141 -0.510386 0.002083 -0.001394 -0.999997 -0.272508 -0.412820 -0.869091 -0.475328 -0.716641 -0.510381 0.001367 -0.001370 -0.999998 -0.346717 -0.352810 -0.869087 -0.603602 -0.612524 -0.510371 0.001069 -0.001603 -0.999998 
						-0.354061 -0.356047 -0.864796 -0.622762 -0.598027 -0.504511 0.533181 -0.844766 -0.045687 0.555559 -0.831450 0.006697 0.382684 -0.923878 -0.001448 0.378852 -0.925429 -0.007260 0.482199 -0.874609 -0.050431 0.370663 -0.928735 -0.007694 0.195979 -0.980608 -0.000580 0.196785 -0.980446 0.001431 0.199265 -0.979944 0.001969 -0.197370 -0.980326 -0.002481 -0.195979 -0.980608 -0.000690 -0.382683 -0.923877 0.001948 -0.381724 -0.924275 0.001821 -0.200230 -0.979746 -0.002554 -0.380908 -0.924612 0.001140 -0.555570 -0.831468 0.001833 -0.554959 -0.831877 0.001291 -0.554760 -0.832011 0.000577 -0.707106 -0.707106 -0.001633 -0.705428 -0.708769 0.004151 -0.700326 -0.713801 0.005653 -0.831451 -0.555559 0.006538 -0.811690 -0.581310 0.056911 -0.773145 -0.631682 0.056792 0.200716 -0.458492 0.865735 0.002128 0.001420 0.999997 0.002057 0.000850 0.999997 0.189618 -0.456857 0.869095 0.356622 -0.785772 0.505354 0.327379 -0.795191 0.510386 0.001829 0.000363 0.999998 0.099336 -0.484630 0.869060 0.171301 -0.842778 0.510276 -0.094957 -0.485508 0.869060 0.000969 -0.000196 0.999999 0.001824 -0.000758 0.999998 -0.104429 -0.489923 0.865488 -0.165874 -0.843862 0.510278 -0.195152 -0.840612 0.505260 -0.278620 -0.417432 0.864940 -0.030695 0.012712 0.999448 -0.005239 0.003498 0.999980 -0.281582 -0.406739 0.869065 -0.463426 -0.728392 0.504659 -0.486328 -0.709240 0.510355 0.001207 -0.001211 0.999999 -0.348632 -0.350901 0.869094 -0.607158 -0.608991 0.510381 0.002474 -0.003706 0.999990 -0.407599 -0.280306 0.869075 -0.710269 -0.484815 0.510365 0.003346 -0.008081 0.999962 -0.415970 -0.281709 0.864644 -0.726734 -0.466302 0.504400 -0.358467 0.932454 -0.045072 -0.382673 0.923853 0.007554 -0.195978 0.980604 -0.002787 -0.192403 0.981295 -0.006410 -0.302775 0.951742 -0.050145 -0.186042 0.982523 -0.006025 0.196818 0.980439 -0.001490 0.195979 0.980608 0.000591 
						0.382682 0.923875 0.003173 0.381224 0.924478 0.002769 0.199394 0.979917 -0.002048 0.380149 0.924924 0.001627 0.555568 0.831465 0.003059 0.554491 0.832187 0.002277 0.554014 0.832507 0.001109 0.707107 0.707107 -0.000334 0.704995 0.709193 0.005217 0.699617 0.714491 0.006241 0.831445 0.555555 0.007554 0.811370 0.581673 0.057753 0.772618 0.632283 0.057262 0.195503 -0.461646 -0.865253 0.001715 0.001143 -0.999998 0.001679 0.000693 -0.999998 0.189143 -0.457054 -0.869095 0.351047 -0.788572 -0.504897 0.326774 -0.795440 -0.510386 0.001351 0.000268 -0.999999 0.098611 -0.484778 -0.869060 0.170276 -0.842984 -0.510279 -0.038243 -0.861880 -0.505668 0.038108 -0.861886 -0.505668 -0.021749 -0.496445 -0.867796 0.023037 -0.496382 -0.867798 0.001032 -0.000056 -0.999999 0.001217 0.000057 -0.999999 -0.052742 -0.998607 -0.001612 0.054737 -0.998497 0.002783 -0.050450 -0.998726 -0.000816 0.051688 -0.998659 0.002981 -0.049979 -0.998749 0.001339 0.049980 -0.998749 0.001363 -0.036338 -0.861965 0.505664 0.040260 -0.861785 0.505673 -0.020528 -0.496504 0.867791 0.024231 -0.496322 0.867800 0.001654 -0.000087 0.999999 0.001504 0.000071 0.999999 0.051234 0.998686 -0.000727 -0.056213 0.998412 0.003649 0.049684 0.998765 0.000523 -0.052393 0.998618 0.004215 0.049979 0.998747 0.002682 -0.049979 0.998747 0.002509 0.039360 0.861829 -0.505669 0.171572 0.842724 -0.510274 0.023544 0.496357 -0.867799 0.099295 0.484644 -0.869058 0.052355 0.998620 0.004149 -0.049895 0.998755 0.000154 0.055922 0.998429 0.003479 -0.051834 0.998655 -0.001079 0.023578 0.496356 0.867799 -0.021488 0.496458 0.867795 0.038759 0.861856 0.505670 -0.038190 0.861883 0.505667 -0.051786 -0.998653 0.003153 0.050326 -0.998733 -0.000600 -0.055103 -0.998476 0.002998 0.052332 -0.998629 -0.001371 -0.036599 0.861954 -0.505663 -0.020859 0.496487 -0.867794 
						0.331063 0.793666 -0.510383 0.191450 0.456100 -0.869091 0.478753 0.714358 -0.510380 0.276467 0.410179 -0.869091 0.606223 0.609926 -0.510377 0.349659 0.349878 -0.869094 0.625564 0.594822 -0.504834 0.356821 0.352324 -0.865186 0.472084 -0.879702 0.057102 0.372845 -0.927872 0.006302 0.527273 -0.847765 0.057244 0.380162 -0.924908 0.004787 0.200244 -0.979743 -0.002561 0.197349 -0.980330 -0.002440 -0.199047 -0.979988 0.001837 -0.196700 -0.980463 0.001277 -0.168434 0.843356 0.510276 -0.095900 0.485321 0.869061 -0.383989 -0.923337 0.000839 -0.383503 -0.923538 0.001557 -0.557384 -0.830254 0.001297 -0.556466 -0.830868 0.001897 -0.698422 -0.715650 -0.007229 -0.704289 -0.709879 -0.006943 -0.780353 -0.623314 -0.050285 -0.815893 -0.576399 -0.045632 -0.351873 0.788161 0.504964 -0.323562 0.796759 0.510375 -0.195851 0.461439 0.865284 -0.185349 0.458624 0.869086 0.167628 0.843514 0.510279 0.097118 0.485079 0.869061 -0.190616 0.981659 0.003264 -0.195089 0.980784 0.001609 0.199177 0.839489 0.505556 0.108688 0.488378 0.865837 0.404319 0.760140 0.508639 0.475430 0.716575 0.510378 0.217936 0.444872 0.868673 0.270982 0.413839 0.869084 0.608961 0.607191 0.510378 0.350874 0.348663 0.869093 0.715111 0.477627 0.510381 0.412671 0.272737 0.869090 0.735085 0.451633 0.505645 0.423542 0.265570 0.866074 -0.290447 0.955151 0.057679 -0.351271 0.934469 0.058113 0.200357 0.979719 0.002630 0.197387 0.980322 0.002509 0.385167 0.922846 0.001596 0.384121 0.923279 0.002736 0.558384 0.829580 0.002012 0.557005 0.830504 0.003039 0.699308 0.714791 -0.006497 0.704775 0.709407 -0.005753 0.780972 0.622584 -0.049721 0.816231 0.575993 -0.044709 -0.347007 0.790578 -0.504552 -0.323584 0.796749 -0.510376 -0.191318 0.464164 -0.864840 -0.185525 0.458552 -0.869086 -0.168375 0.843366 -0.510279 -0.096132 0.485276 -0.869060 
						0.995185 0.098017 -0.000000 0.995185 0.098017 0.000000 0.995185 0.098017 0.000000 0.995185 0.098017 0.000000 0.995185 0.098017 0.000000 0.995185 0.098017 -0.000000 0.995185 0.098017 -0.000000 0.995185 0.098017 -0.000000 0.995185 0.098017 -0.000000 0.995185 0.098017 -0.000000 0.995185 0.098017 0.000000 0.995185 0.098018 0.000000 0.995185 0.098018 0.000000 0.995185 0.098018 -0.000000 0.995185 0.098018 -0.000000 0.995185 0.098017 0.000000 0.995185 0.098018 -0.000000 0.995185 0.098017 -0.000000 0.995185 0.098017 -0.000000 0.995185 0.098017 0.000000 0.995185 0.098018 0.000000 0.995185 0.098017 0.000000 0.995185 0.098017 0.000000 0.995185 0.098018 0.000000 0.995185 0.098018 -0.000000 0.995185 0.098017 -0.000000 0.995185 0.098017 -0.000000 0.995185 0.098018 0.000000 0.995185 0.098017 -0.000000 0.995185 0.098017 0.000000 0.995185 0.098017 -0.000000 0.995185 0.098017 -0.000000 0.995185 0.098017 0.000000 0.995185 0.098017 -0.000000 0.995185 0.098017 -0.000000 0.995185 0.098017 0.000000 0.995185 0.098017 -0.000000 
					</float_array>
					<technique_common>
						<accessor count="2277" offset="0" source="#meshId0-tangents-array" stride="3">
							<param name="X" type="float" />
							<param name="Y" type="float" />
							<param name="Z" type="float" />
						</accessor>
					</technique_common>
				</source>
				<source id="meshId0-bitangents" name="meshId0-bitangents">
					<float_array id="meshId0-bitangents-array" count="6831"> 
						0.000000 -0.000000 -1.000000 0.000000 -0.000001 -1.000000 0.000000 -0.000001 -1.000000 -0.000000 0.000000 -1.000000 0.953146 0.302510 0.000000 0.953146 0.302511 0.000000 0.953146 0.302511 0.000000 0.953146 0.302511 0.000000 -0.000001 -0.000000 -1.000000 -0.000001 -0.000000 -1.000000 -0.000002 -0.000000 -1.000000 -0.000001 -0.000000 -1.000000 -0.204429 0.978881 0.000000 -0.204428 0.978882 0.000000 -0.204430 0.978881 -0.000000 -0.204430 0.978881 -0.000000 -0.130140 -0.003564 -0.991489 -0.128335 -0.021558 -0.991496 0.126415 0.031195 -0.991487 0.129663 0.013170 -0.991471 0.874588 -0.484866 -0.000000 0.874588 -0.484866 -0.000000 0.874589 -0.484865 0.000000 0.874589 -0.484865 0.000000 -0.953146 -0.302510 0.000000 -0.953146 -0.302509 0.000000 -0.953144 -0.302518 0.000000 -0.953144 -0.302518 0.000000 0.874589 -0.484864 0.000000 0.874589 -0.484865 0.000000 0.000000 -0.000000 1.000000 0.000000 -0.000000 1.000000 0.000000 -0.000000 1.000000 0.000000 -0.000000 1.000000 0.978881 0.204429 -0.000000 0.978881 0.204429 -0.000000 0.978881 0.204429 0.000000 0.978881 0.204429 0.000000 0.953146 0.302512 -0.000000 0.953146 0.302512 -0.000000 -0.049068 -0.998795 0.000000 -0.049068 -0.998796 -0.000000 -0.195090 -0.980785 0.000000 -0.195090 -0.980785 -0.000000 -0.953146 -0.302512 -0.000000 -0.953146 -0.302512 -0.000000 -0.953145 -0.302514 0.000000 -0.953145 -0.302514 0.000000 -0.204428 0.978882 -0.000000 -0.204427 0.978882 0.000000 -0.953145 -0.302513 -0.000000 -0.953145 -0.302514 -0.000000 -0.484867 -0.874588 0.000000 -0.484867 -0.874588 0.000000 -0.484865 -0.874589 0.000000 -0.484865 -0.874589 0.000000 0.707107 0.707107 0.000000 0.707107 0.707107 0.000000 0.707106 0.707107 -0.000000 0.707106 0.707107 -0.000000 0.874588 -0.484866 -0.000000 0.874588 -0.484866 -0.000000 0.874587 -0.484868 -0.000000 0.874587 -0.484868 -0.000000 
						-0.953145 -0.302513 0.000000 -0.953145 -0.302513 0.000000 -0.953145 -0.302513 0.000001 -0.953145 -0.302513 0.000001 -0.998796 0.049068 0.000000 -0.998796 0.049068 0.000000 -0.980785 0.195090 0.000000 -0.980785 0.195090 0.000000 0.953144 0.302517 0.000000 0.953143 0.302518 0.000000 -0.707108 0.707105 0.000000 -0.707108 0.707106 0.000000 -0.707110 0.707103 0.000000 -0.707110 0.707103 0.000000 -0.484868 -0.874587 0.000000 -0.484868 -0.874587 0.000000 -0.484866 -0.874588 -0.000000 -0.484866 -0.874589 -0.000000 -0.874586 0.484871 0.000001 -0.874585 0.484872 0.000001 -0.874588 0.484868 0.000000 -0.874588 0.484867 0.000000 -0.484868 -0.874587 0.000000 -0.484868 -0.874587 0.000000 -0.484869 -0.874587 0.000000 -0.484869 -0.874587 0.000000 0.707107 0.707107 0.000001 0.707107 0.707107 0.000001 0.874588 -0.484867 0.000000 0.874588 -0.484867 0.000000 -0.000000 -0.000000 -1.000000 -0.000000 -0.000001 -1.000000 -0.000000 -0.000000 -1.000000 -0.000000 -0.000000 -1.000000 0.953145 0.302514 -0.000000 0.953145 0.302514 -0.000000 0.953146 0.302511 -0.000000 0.953146 0.302510 -0.000000 -0.484868 -0.874587 0.000000 -0.484868 -0.874587 0.000000 -0.484869 -0.874587 0.000000 -0.484868 -0.874587 0.000000 -0.707107 0.707106 0.000001 -0.707106 0.707107 0.000001 -0.484866 -0.874588 0.000000 -0.484865 -0.874589 0.000000 0.204429 0.978881 0.000000 0.204429 0.978881 0.000000 0.204429 0.978881 0.000000 0.204429 0.978881 0.000000 -0.953145 -0.302515 -0.000000 -0.953145 -0.302514 -0.000000 0.978839 0.204629 -0.001311 0.978162 0.207841 -0.000000 0.997671 0.068205 0.000000 0.997970 0.063660 -0.001940 -0.000001 -0.000000 -1.000000 -0.000000 -0.000000 -1.000000 0.631861 -0.774969 0.013202 0.632295 -0.774728 0.000000 0.702631 -0.711555 0.000000 0.704138 -0.710062 -0.000583 0.000000 0.000000 -1.000000 -0.000000 -0.000000 -1.000000 
						-0.831470 -0.555570 -0.000002 -0.707107 -0.707107 0.000000 -0.707107 -0.707107 -0.000000 -0.831469 -0.555570 -0.000002 -0.126567 0.030432 -0.991491 -0.129831 0.009813 -0.991488 0.130334 0.000407 -0.991470 0.128526 -0.020596 -0.991492 -0.555571 -0.831469 -0.000001 -0.555570 -0.831470 -0.000001 0.825168 -0.564888 0.000000 0.826981 -0.562229 -0.001118 -0.382683 -0.923880 -0.000000 -0.382683 -0.923880 0.000000 0.926064 0.377365 -0.000801 0.926757 0.375660 0.000000 0.886747 0.462254 -0.000000 0.885190 0.464999 -0.014640 -0.195090 -0.980785 0.000000 -0.195090 -0.980785 -0.000000 -0.079172 0.103531 -0.991470 -0.088474 0.095476 -0.991492 0.095458 -0.088493 -0.991492 0.087375 -0.098031 -0.991340 0.924114 0.382085 -0.004899 0.832655 0.553494 -0.018181 0.832057 0.554626 0.008470 0.923644 0.383226 -0.004509 -0.484865 -0.874589 -0.000000 -0.484865 -0.874589 -0.000000 -0.484867 -0.874588 0.000000 -0.484867 -0.874588 0.000000 -0.049068 -0.998795 -0.000000 -0.049068 -0.998795 -0.000000 -0.981318 0.192394 -0.000427 -0.981628 0.190805 -0.000000 -0.959377 0.282127 0.000000 -0.958391 0.285095 -0.014392 0.195090 -0.980785 0.000000 0.382683 -0.923880 -0.000000 0.382683 -0.923880 0.000001 0.195090 -0.980785 -0.000000 0.920029 -0.391849 -0.001384 0.918603 -0.395182 0.000000 0.979116 -0.203301 -0.000000 0.979683 -0.200549 -0.000731 0.000000 -0.000001 -1.000000 -0.000000 0.000000 -1.000000 0.000000 -0.000000 -1.000000 0.000001 -0.000001 -1.000000 -0.773690 -0.633420 -0.013481 -0.773446 -0.633862 0.000000 -0.710168 -0.704033 0.000000 -0.708666 -0.705544 0.000307 -0.000001 0.000001 -1.000000 -0.000001 0.000001 -1.000000 -0.980647 0.195763 -0.002984 -0.998751 0.049840 -0.003638 -0.998792 0.049092 -0.002073 -0.980800 0.194992 -0.003004 0.000000 -0.000000 -1.000000 0.000000 -0.000000 -1.000000 0.988777 0.065303 -0.134374 0.997713 0.067586 0.000000 
						0.999463 -0.032780 0.000000 0.990344 -0.034083 -0.134377 -0.000001 0.000001 -1.000000 -0.000001 0.000000 -1.000000 -0.563251 -0.826286 0.000000 -0.560560 -0.828114 0.000837 -0.923879 0.382683 0.000000 -0.980785 0.195090 0.000000 -0.980785 0.195090 0.000000 -0.923879 0.382684 0.000000 -0.105031 0.076935 -0.991489 0.110461 -0.068810 -0.991496 -0.830657 -0.556686 -0.010511 -0.707335 -0.706874 0.002481 -0.706835 -0.707373 0.002898 -0.830182 -0.557258 0.016148 0.049068 -0.998795 0.000000 0.049068 -0.998795 0.000000 -0.998795 0.049068 0.000000 -0.998796 0.049068 0.000000 0.049134 -0.998791 0.001747 0.195028 -0.980794 0.002730 0.195730 -0.980654 0.002725 0.049817 -0.998752 0.003458 -0.980785 -0.195090 -0.000000 -0.923879 -0.382683 -0.000000 -0.923879 -0.382683 -0.000000 -0.980785 -0.195090 -0.000000 -0.998651 -0.051920 -0.000346 -0.998475 -0.055199 0.000000 -0.998828 0.048409 0.000000 -0.998720 0.050590 0.000165 -0.831470 -0.555570 0.000000 -0.831469 -0.555570 0.000000 -0.387558 -0.921845 0.000000 -0.385104 -0.922873 0.000365 -0.000000 -0.000000 -1.000000 0.000000 0.000000 -1.000000 -0.000000 -0.000000 -1.000000 -0.000000 -0.000000 -1.000000 -0.195623 -0.980677 0.001896 -0.049553 -0.998770 0.001449 -0.048878 -0.998798 0.003704 -0.194947 -0.980808 0.003352 0.000000 0.000000 -1.000000 0.000000 0.000000 -1.000000 0.057264 -0.998358 0.001072 0.061192 -0.998126 0.000000 -0.036234 -0.999343 0.000000 -0.040023 -0.999198 0.001269 -0.000000 -0.000000 -1.000000 -0.000000 -0.000000 -1.000000 0.998951 -0.045793 -0.000000 0.999030 -0.044025 0.000726 0.000000 0.000001 -1.000000 0.000000 0.000000 -1.000000 0.981341 -0.192274 0.000000 0.971987 -0.190349 -0.137871 -0.555916 -0.831232 0.003200 -0.555349 -0.831615 0.002020 -0.998795 -0.049068 -0.000000 -0.998796 -0.049068 -0.000000 0.000000 0.000001 -1.000000 0.000000 0.000002 -1.000000 
						-0.998759 -0.049730 -0.002798 -0.998796 -0.048980 -0.002920 0.000000 -0.000001 -1.000000 0.000000 -0.000000 -1.000000 0.998796 0.048964 -0.003047 0.980818 0.194889 -0.003802 0.980572 0.196084 -0.005499 0.998721 0.050180 -0.006231 0.000000 -0.000000 -1.000000 0.000000 -0.000000 -1.000000 0.051266 -0.998685 -0.000257 0.049219 -0.998788 0.000000 0.191055 -0.981579 0.000000 0.192658 -0.981266 0.000389 -0.000001 0.000001 -1.000000 -0.000001 0.000001 -1.000000 -0.000000 0.000000 -1.000000 -0.000001 0.000001 -1.000000 -0.196255 -0.980553 0.000000 -0.194394 -0.980923 -0.000143 -0.000001 0.000000 -1.000000 -0.000000 0.000000 -1.000000 0.980592 -0.195998 -0.004821 0.998760 -0.049717 -0.002700 0.998802 -0.048517 -0.006449 0.980835 -0.194787 -0.004594 -0.000000 0.000000 -1.000000 -0.000000 0.000000 -1.000000 -0.048334 -0.998831 0.000000 -0.046048 -0.998939 -0.000452 -0.000001 0.000000 -1.000000 -0.000001 0.000000 -1.000000 -0.117828 0.055430 -0.991486 0.121643 -0.046222 -0.991497 0.000001 0.000000 -1.000000 0.000001 0.000000 -1.000000 -0.000000 -0.000000 -1.000000 -0.000001 -0.000000 -1.000000 0.000000 0.000000 -1.000000 0.000000 0.000000 -1.000000 0.000000 0.000000 -1.000000 0.000000 0.000000 -1.000000 -0.000000 0.000000 -1.000000 -0.000000 0.000000 -1.000000 0.000001 -0.000000 -1.000000 0.000001 -0.000000 -1.000000 0.995185 0.098017 -0.000000 0.995185 0.098017 -0.000000 0.995185 0.098017 -0.000000 0.995185 0.098017 -0.000000 0.000001 0.000000 -1.000000 0.000001 0.000000 -1.000000 0.204429 0.978881 0.000000 0.204429 0.978881 0.000000 0.204429 0.978881 -0.000000 0.204429 0.978881 -0.000000 0.000000 0.000000 -1.000000 0.000000 0.000000 -1.000000 0.874588 -0.484867 0.000000 0.874588 -0.484867 -0.000000 -0.707107 -0.707107 0.000000 -0.707107 -0.707107 -0.000000 -0.831469 -0.555570 -0.000001 -0.831469 -0.555571 -0.000006 
						0.995185 -0.098017 -0.000000 0.995185 -0.098017 -0.000000 0.995185 -0.098017 -0.000000 0.995185 -0.098017 -0.000000 -0.555570 -0.831469 -0.000001 -0.555570 -0.831470 -0.000002 -0.953146 -0.302512 -0.000000 -0.953146 -0.302512 -0.000000 -0.953146 -0.302510 -0.000000 -0.953146 -0.302510 -0.000000 -0.382684 -0.923879 -0.000000 -0.382683 -0.923879 0.000000 -0.484866 -0.874589 0.000000 -0.484866 -0.874588 -0.000000 -0.484866 -0.874589 0.000000 -0.484866 -0.874588 0.000000 -0.484862 -0.874591 0.000000 -0.484861 -0.874591 0.000000 0.874588 -0.484866 0.000000 0.874588 -0.484866 0.000000 0.302508 -0.953147 0.000000 0.302508 -0.953147 0.000000 0.302509 -0.953146 0.000000 0.302510 -0.953146 0.000000 -0.484869 -0.874587 -0.000000 -0.484869 -0.874587 -0.000000 0.382684 -0.923879 0.000008 0.382683 -0.923879 0.000000 0.195090 -0.980785 0.000000 0.195090 -0.980785 0.000000 -0.484867 -0.874588 0.000000 -0.484866 -0.874588 0.000000 -0.000000 0.000000 -1.000000 -0.000000 0.000000 -1.000000 0.000000 -0.000000 -1.000000 0.000000 -0.000000 -1.000000 0.953145 0.302514 -0.000000 0.953145 0.302514 -0.000000 0.953146 0.302510 -0.000000 0.953146 0.302510 -0.000000 -0.000000 0.000000 -1.000000 0.000000 -0.000000 -1.000000 0.874588 -0.484867 0.000000 0.874587 -0.484868 0.000000 0.000000 -0.000000 -1.000000 0.000000 -0.000000 -1.000000 -0.484868 -0.874587 0.000000 -0.484868 -0.874587 0.000000 -0.000000 0.000000 -1.000000 -0.000000 0.000000 -1.000000 0.874591 -0.484862 -0.000000 0.874590 -0.484863 -0.000000 0.874590 -0.484863 0.000000 0.874590 -0.484863 0.000000 -0.923879 0.382684 0.000000 -0.923879 0.382684 0.000000 0.049068 -0.998795 -0.000000 0.049068 -0.998795 -0.000000 -0.484867 -0.874588 -0.000000 -0.484866 -0.874588 -0.000000 -0.000000 0.000000 -1.000000 -0.000000 0.000000 -1.000000 -0.000000 0.000000 -1.000000 -0.000000 0.000000 -1.000000 
						-0.484868 -0.874587 0.000000 -0.484868 -0.874587 0.000000 0.953146 0.302512 0.000000 0.953146 0.302512 0.000000 0.953145 0.302514 -0.000000 0.953145 0.302514 0.000000 -0.923879 -0.382684 -0.000000 -0.923879 -0.382683 -0.000000 -0.980785 -0.195090 -0.000000 -0.980785 -0.195090 -0.000000 -0.484866 -0.874588 -0.000000 -0.484866 -0.874588 -0.000000 -0.831469 -0.555570 0.000000 -0.831469 -0.555570 0.000000 -0.953145 -0.302515 -0.000000 -0.953145 -0.302515 -0.000000 -0.953145 -0.302514 -0.000000 -0.953145 -0.302513 -0.000000 -0.000001 -0.000001 -1.000000 -0.000001 -0.000001 -1.000000 -0.000001 -0.000001 -1.000000 -0.000002 -0.000001 -1.000000 0.000000 0.000000 -1.000000 0.000000 0.000000 -1.000000 0.000000 0.000000 -1.000000 0.000000 0.000000 -1.000000 -0.000001 -0.000001 -1.000000 -0.000001 -0.000001 -1.000000 -0.484868 -0.874587 0.000000 -0.484868 -0.874587 0.000000 -0.000000 -0.000001 -1.000000 -0.000000 -0.000001 -1.000000 -0.098018 0.995185 0.000000 -0.098018 0.995185 0.000000 -0.098018 0.995185 0.000000 -0.098018 0.995185 0.000000 -0.998796 -0.049068 -0.000000 -0.998796 -0.049068 -0.000000 -0.484868 -0.874587 -0.000000 -0.484868 -0.874587 -0.000000 0.098018 0.995185 0.000000 0.098018 0.995185 0.000000 0.098018 0.995185 0.000000 0.098018 0.995185 0.000000 0.000000 -0.000000 -1.000000 -0.000000 0.000001 -1.000000 0.000000 -0.000001 -1.000000 0.000000 -0.000001 -1.000000 -0.484869 -0.874587 0.000000 -0.484869 -0.874587 0.000000 -0.000001 0.000001 -1.000000 0.000000 -0.000000 -1.000000 -0.484865 -0.874589 -0.000000 -0.484865 -0.874589 0.000000 0.000001 -0.000001 -1.000000 0.000002 -0.000002 -1.000000 0.000001 -0.000001 -1.000000 0.000001 -0.000001 -1.000000 -0.953145 -0.302514 0.000000 -0.953145 -0.302514 0.000000 -0.953145 -0.302515 0.000000 -0.953145 -0.302515 0.000000 0.000001 -0.000001 -1.000000 0.000000 -0.000000 -1.000000 
						-0.953145 -0.302514 0.000000 -0.953145 -0.302513 0.000000 -0.953145 -0.302513 0.000000 -0.953145 -0.302513 0.000000 0.000000 -0.000000 -1.000000 0.000000 -0.000000 -1.000000 -0.953145 -0.302513 0.000000 -0.953145 -0.302513 0.000000 0.874587 -0.484869 -0.000000 0.874586 -0.484870 -0.000000 -0.000000 0.000000 -1.000000 -0.000000 0.000000 -1.000000 -0.000000 -0.000001 -1.000000 0.000000 -0.000001 -1.000000 -0.000000 -0.000001 -1.000000 -0.000001 -0.000001 -1.000000 -0.032707 -0.999465 -0.000001 0.032707 -0.999465 0.000000 0.032707 -0.999465 -0.000001 -0.032707 -0.999465 -0.000001 -0.999465 0.032707 0.000000 -0.999465 -0.032707 -0.000000 -0.999465 -0.032707 -0.000000 -0.999465 0.032707 0.000000 0.000000 0.000001 -1.000000 -0.000000 0.000000 -1.000000 -0.000000 0.000000 -1.000000 0.000000 0.000000 -1.000000 -0.000001 0.000000 -1.000000 -0.000000 0.000000 -1.000000 0.000000 -0.000000 -1.000000 0.000002 -0.000000 -1.000000 -0.000000 -0.000000 -1.000000 0.000000 -0.000000 -1.000000 0.766489 0.642081 0.015041 0.767100 0.641528 0.000000 0.706651 0.707563 0.000000 0.702186 0.711993 0.000966 0.048092 0.998843 0.000218 0.058284 0.998300 0.000000 -0.044672 0.999002 0.000000 -0.052781 0.998606 0.000419 -0.000000 0.000000 -1.000000 -0.000000 -0.000000 -1.000000 0.000000 0.000000 -1.000000 0.000000 -0.000000 -1.000000 0.824612 -0.548634 -0.137898 0.832968 -0.553321 -0.000000 0.924264 -0.381753 -0.000000 0.915958 -0.376835 -0.137898 0.998854 0.047857 0.000250 0.998331 0.057747 -0.000000 0.999052 -0.043524 0.000000 0.998657 -0.051800 0.000286 -0.999465 -0.032707 -0.000000 -0.999465 0.032707 0.000000 -0.999465 0.032707 0.000000 -0.999465 -0.032707 -0.000000 0.555701 0.831381 -0.001209 0.382719 0.923865 -0.000296 0.382674 0.923884 -0.000082 0.555498 0.831517 -0.000661 0.032707 -0.999465 -0.000000 -0.032707 -0.999465 -0.000000 
						-0.032707 -0.999465 -0.000000 0.032707 -0.999465 -0.000000 0.914580 -0.380166 -0.137903 0.923505 -0.383587 0.000000 0.832015 -0.554753 0.000000 0.822717 -0.551471 -0.137902 -0.000000 -0.000000 -1.000000 0.000000 0.000000 -1.000000 -0.000001 -0.000000 -1.000000 -0.000001 -0.000000 -1.000000 0.000001 0.000000 -1.000000 0.000002 0.000001 -1.000000 -0.000000 -0.000000 -1.000000 -0.000001 -0.000001 -1.000000 0.000000 0.000000 -1.000000 -0.707106 -0.707107 -0.000000 -0.707107 -0.707107 0.000005 -0.831469 -0.555570 0.000000 -0.831469 -0.555571 -0.000000 -0.831469 -0.555571 -0.000011 -0.707107 -0.707107 -0.000001 -0.555570 -0.831470 -0.000005 -0.555570 -0.831470 -0.000011 -0.555571 -0.831469 -0.000000 -0.382684 -0.923879 -0.000000 -0.382683 -0.923879 -0.000000 -0.382684 -0.923879 -0.000000 -0.195090 -0.980785 -0.000000 -0.195090 -0.980785 -0.000000 -0.195090 -0.980785 -0.000000 0.382684 -0.923879 -0.000000 0.382683 -0.923879 -0.000000 0.195090 -0.980785 -0.000000 0.195090 -0.980785 -0.000000 0.195090 -0.980785 -0.000000 0.382684 -0.923879 0.000015 -0.555570 0.831470 0.000000 -0.555570 0.831470 0.000000 -0.382683 0.923879 0.000000 -0.382684 0.923879 0.000000 0.000000 -0.000000 -1.000000 -0.000000 0.000000 -1.000000 -0.707106 0.707107 0.000000 -0.707107 0.707107 0.000000 -0.000000 0.000000 -1.000000 -0.831469 0.555571 0.000000 -0.831469 0.555571 0.000000 0.000001 -0.000000 -1.000000 -0.923880 0.382683 0.000000 -0.923879 0.382684 0.000000 -0.000000 0.000000 -1.000000 -0.980785 0.195090 0.000000 -0.980785 0.195090 0.000000 -0.923879 0.382684 0.000000 -0.923880 0.382683 0.000005 -0.923879 0.382684 0.000000 -0.980785 0.195090 0.000000 -0.923880 -0.382683 -0.000000 -0.923879 -0.382684 -0.000000 -0.980785 -0.195090 -0.000000 -0.980785 -0.195090 -0.000000 -0.980785 -0.195090 -0.000000 -0.923879 -0.382684 -0.000000 -0.831469 -0.555571 -0.000000 
						-0.831469 -0.555571 -0.000000 -0.831469 -0.555571 -0.000000 0.707106 0.707107 0.000000 0.707107 0.707107 0.000000 0.831469 0.555571 0.000000 0.831469 0.555571 0.000000 -0.000002 -0.000001 -1.000000 -0.000001 -0.000001 -1.000000 0.555570 0.831470 -0.000000 0.555570 0.831470 0.000001 -0.000001 -0.000002 -1.000000 0.382684 0.923879 0.000000 0.382683 0.923879 0.000021 -0.000000 -0.000001 -1.000000 0.195090 0.980785 0.000001 0.195090 0.980785 0.000000 -0.000000 -0.000001 -1.000000 -0.000000 0.000000 -1.000000 0.000000 -0.000000 -1.000000 0.000000 -0.000001 -1.000000 0.000000 -0.000001 -1.000000 -0.000000 0.000000 -1.000000 0.000000 -0.000001 -1.000000 0.000000 -0.000000 -1.000000 0.000000 -0.000000 -1.000000 -0.000001 0.000002 -1.000000 0.000000 -0.000000 -1.000000 0.000000 -0.000000 -1.000000 -0.000000 0.000000 -1.000000 0.000000 -0.000000 -1.000000 0.000001 -0.000001 -1.000000 0.000000 -0.000000 -1.000000 0.000000 -0.000000 -1.000000 0.000000 -0.000000 -1.000000 0.000002 -0.000001 -1.000000 -0.000000 0.000000 -1.000000 -0.000000 0.000000 -1.000000 0.000001 -0.000000 -1.000000 0.000000 -0.000000 -1.000000 0.000000 -0.000000 -1.000000 0.000000 -0.000000 -1.000000 0.000000 0.000000 -1.000000 0.000000 -0.000000 -1.000000 0.049068 -0.998795 -0.000000 -0.049068 -0.998796 0.000000 -0.998796 -0.049068 -0.000000 -0.998796 0.049068 0.000000 0.000000 -0.000000 -1.000000 0.000000 0.000000 -1.000000 0.049068 0.998796 0.000000 0.032707 0.999465 -0.000000 -0.000000 -0.000000 -1.000000 -0.000000 -0.000000 -1.000000 0.000000 0.000000 -1.000000 -0.000002 -0.000000 -1.000000 0.000000 0.000000 -1.000000 -0.000001 -0.000001 -1.000000 -0.831469 -0.555571 -0.000000 -0.707106 -0.707107 -0.000005 -0.707107 -0.707107 -0.000000 -0.831469 -0.555570 -0.000000 -0.555570 -0.831470 -0.000000 -0.555570 -0.831470 -0.000000 -0.382684 -0.923879 -0.000000 
						-0.382683 -0.923880 0.000001 -0.195090 -0.980785 -0.000000 -0.195090 -0.980785 -0.000000 0.195090 -0.980785 -0.000000 0.382684 -0.923879 -0.000000 0.382683 -0.923880 0.000001 0.195090 -0.980785 -0.000000 -0.382684 0.923879 0.000000 -0.555570 0.831470 0.000000 -0.000000 0.000000 -1.000000 0.000001 -0.000001 -1.000000 -0.707106 0.707107 0.000000 -0.000000 0.000000 -1.000000 -0.831469 0.555571 0.000000 0.000000 -0.000000 -1.000000 -0.923880 0.382683 0.000000 -0.000000 0.000000 -1.000000 -0.923880 0.382683 0.000011 -0.980785 0.195090 0.000000 -0.980785 0.195090 0.000000 -0.923879 0.382684 0.000000 -0.980785 -0.195090 -0.000000 -0.923880 -0.382683 -0.000000 -0.923879 -0.382684 -0.000000 -0.980785 -0.195090 -0.000000 -0.831469 -0.555571 -0.000000 -0.831469 -0.555571 -0.000000 0.831469 0.555571 0.000000 0.707106 0.707107 0.000000 -0.000000 -0.000000 -1.000000 -0.000000 -0.000000 -1.000000 0.555570 0.831470 0.000000 -0.000000 -0.000000 -1.000000 0.382684 0.923879 -0.000021 0.000000 0.000000 -1.000000 0.195090 0.980785 -0.000001 0.000000 0.000000 -1.000000 0.000000 -0.000001 -1.000000 -0.000000 0.000000 -1.000000 0.000000 -0.000000 -1.000000 0.000000 -0.000001 -1.000000 0.000000 -0.000000 -1.000000 0.000000 -0.000000 -1.000000 0.000001 -0.000001 -1.000000 0.000000 -0.000000 -1.000000 -0.000000 0.000000 -1.000000 -0.000001 0.000001 -1.000000 0.000001 -0.000000 -1.000000 -0.000000 0.000000 -1.000000 -0.000001 0.000000 -1.000000 -0.000001 0.000000 -1.000000 -0.000000 0.000000 -1.000000 -0.000001 0.000000 -1.000000 0.032707 0.999465 0.000000 0.000000 -0.000000 -1.000000 -0.000000 0.000000 -1.000000 -0.000000 0.000000 -1.000000 0.000000 -0.000000 -1.000000 0.000000 -0.000000 -1.000000 0.000000 -0.000000 -1.000000 -0.000000 0.000000 -1.000000 -0.000000 0.000000 -1.000000 -0.000000 0.000000 -1.000000 -0.000000 0.000000 -1.000000 
						-0.382684 0.923879 0.000000 -0.555571 0.831469 0.000000 -0.555571 0.831469 0.000000 -0.382684 0.923879 0.000000 -0.194269 0.980948 0.000000 -0.194269 0.980948 0.000000 -0.194270 0.980948 -0.000000 -0.194270 0.980948 -0.000000 -0.096352 0.995347 -0.000000 -0.096352 0.995347 -0.000000 -0.382684 -0.923879 0.000003 -0.194269 -0.980948 0.000003 -0.194269 -0.980948 0.000003 -0.382684 -0.923879 0.000003 -0.555571 -0.831469 0.000003 -0.555571 -0.831469 0.000003 -0.707107 -0.707107 0.000003 -0.707107 -0.707107 0.000003 -0.831469 -0.555570 0.000000 -0.831469 -0.555570 -0.000000 0.000000 0.000000 1.000000 0.000000 0.000000 1.000000 0.000000 0.000000 1.000000 0.000000 0.000000 1.000000 -0.000000 -0.000000 1.000000 -0.000000 -0.000000 1.000000 0.980948 0.194270 0.000000 0.980948 0.194270 -0.000001 0.995347 0.096352 0.000000 0.995347 0.096352 0.000000 -0.000000 0.000000 -1.000000 -0.000000 0.000000 -1.000000 -0.000000 0.000000 -1.000000 -0.000000 0.000000 -1.000000 -0.000000 0.000000 1.000000 -0.000000 0.000000 1.000000 -0.000000 0.000000 1.000000 -0.000000 0.000000 1.000000 0.000000 -0.000000 1.000000 0.000000 -0.000000 1.000000 0.000000 -0.000000 1.000000 0.000000 -0.000000 1.000000 0.000001 -0.000002 1.000000 0.000001 -0.000002 1.000000 -0.194269 0.980948 -0.000000 -0.382684 0.923879 0.000000 -0.382684 0.923879 0.000000 -0.194269 0.980948 -0.000000 0.194270 -0.980948 -0.000000 0.194270 -0.980948 -0.000000 0.096352 -0.995347 -0.000000 0.096352 -0.995347 -0.000000 0.382684 0.923879 0.000000 0.194269 0.980948 0.000000 0.194269 0.980948 0.000000 0.382684 0.923879 0.000000 0.555571 0.831469 0.000000 0.555571 0.831469 0.000000 0.707107 0.707107 0.000000 0.707107 0.707107 0.000000 0.831469 0.555570 0.000000 0.831469 0.555570 0.000000 0.923879 0.382684 0.000000 0.831469 0.555570 0.000000 
						0.831469 0.555570 0.000000 0.923879 0.382684 0.000000 0.980948 0.194270 0.000000 0.980948 0.194270 0.000000 0.995347 0.096352 0.000000 0.995347 0.096352 0.000000 0.980948 0.194270 0.000000 0.980948 0.194270 0.000000 0.995347 0.096352 -0.000000 0.995347 0.096352 -0.000000 0.995347 -0.096352 0.000000 0.995347 -0.096352 0.000000 0.980948 -0.194270 -0.000000 0.980948 -0.194270 -0.000000 0.923879 0.382684 0.000000 0.923879 0.382684 0.000000 0.831469 0.555571 0.000000 0.831469 0.555571 0.000000 -0.000000 -0.000000 1.000000 -0.000000 -0.000000 1.000000 -0.000001 -0.000001 1.000000 -0.000001 -0.000001 1.000000 -0.000000 -0.000000 1.000000 -0.000000 -0.000000 1.000000 -0.000000 -0.000000 1.000000 -0.000000 -0.000000 1.000000 0.000000 0.000001 1.000000 0.000000 0.000001 1.000000 0.096351 0.995347 0.000000 0.096351 0.995347 0.000000 0.000000 0.000001 1.000000 0.000000 0.000000 1.000000 -0.096351 0.995347 0.000000 -0.096351 0.995347 0.000000 0.382683 -0.923879 -0.000000 0.382683 -0.923879 -0.000000 -0.000000 0.000000 -1.000000 -0.000000 0.000000 -1.000000 0.000000 -0.000000 -1.000000 0.000000 -0.000000 -1.000000 -0.000000 0.000000 -1.000000 -0.000000 0.000000 -1.000000 0.000000 -0.000000 -1.000000 0.000000 -0.000000 -1.000000 0.000000 -0.000000 -1.000000 0.000000 -0.000000 -1.000000 -0.980948 0.194270 0.000000 -0.980948 0.194270 0.000000 -0.923879 0.382684 0.000000 -0.923879 0.382684 0.000000 -0.000000 0.000000 -1.000000 -0.000000 0.000000 -1.000000 -0.995347 0.096352 0.000000 -0.995347 0.096352 0.000000 -0.000000 -0.000000 1.000000 -0.000000 -0.000000 1.000000 0.923879 0.382684 -0.000008 0.923879 0.382684 -0.000008 0.831469 0.555571 -0.000002 0.831469 0.555571 0.000000 -0.000000 -0.000000 1.000000 -0.000000 -0.000000 1.000000 -0.000000 -0.000000 1.000000 -0.000000 -0.000000 1.000000 
						0.000000 0.000001 1.000000 0.000000 0.000001 1.000000 0.000000 0.000001 1.000000 0.000000 0.000000 1.000000 -0.000000 -0.000001 1.000000 -0.000000 -0.000001 1.000000 -0.096351 -0.995347 -0.000000 -0.096351 -0.995347 0.000000 0.000000 0.000001 1.000000 0.000000 0.000002 1.000000 -0.096351 0.995347 0.000000 -0.096351 0.995347 0.000000 -0.382683 0.923879 0.000000 -0.382683 0.923879 0.000000 -0.555570 0.831469 0.000000 -0.555570 0.831469 0.000000 0.707107 -0.707107 -0.000000 0.707107 -0.707107 -0.000000 0.555570 -0.831469 -0.000000 0.555570 -0.831469 -0.000000 0.831469 -0.555571 -0.000000 0.831469 -0.555571 -0.000000 0.923879 -0.382684 -0.000000 0.923879 -0.382684 -0.000000 -0.000000 0.000000 -1.000000 -0.000000 0.000000 -1.000000 -0.000000 0.000000 -1.000000 -0.000000 0.000000 -1.000000 -0.000000 0.000000 -1.000000 -0.000000 0.000000 -1.000000 0.707107 0.707106 0.000000 0.707107 0.707106 0.000000 0.874588 -0.484867 -0.000000 0.874588 -0.484867 -0.000000 0.978881 0.204430 0.000001 0.978881 0.204430 0.000001 -0.953145 -0.302513 0.000000 -0.953145 -0.302513 0.000000 -0.707102 0.707112 0.000000 -0.707102 0.707112 0.000000 -0.484864 -0.874590 0.000000 -0.484864 -0.874590 0.000000 -0.484867 -0.874588 -0.000000 -0.484867 -0.874588 -0.000000 -0.953145 -0.302515 -0.000001 -0.953144 -0.302516 -0.000001 -0.953145 -0.302513 -0.000000 -0.953145 -0.302513 -0.000000 0.707107 0.707107 0.000000 0.707107 0.707107 0.000000 0.000000 0.000000 -1.000000 0.000000 0.000000 -1.000000 0.000000 0.000000 -1.000000 0.000000 0.000000 -1.000000 0.874588 -0.484867 0.000000 0.874588 -0.484867 0.000000 -0.874588 0.484867 0.000000 -0.874588 0.484867 0.000000 -0.874589 0.484865 -0.000000 -0.874589 0.484865 0.000000 -0.707107 0.707107 -0.000000 -0.707108 0.707105 -0.000000 -0.484865 -0.874589 0.000000 -0.484866 -0.874589 0.000000 
						-0.874588 0.484866 0.000000 -0.874588 0.484866 0.000000 -0.874588 0.484866 0.000000 -0.874588 0.484866 0.000000 0.204429 0.978881 0.000000 0.204429 0.978882 0.000000 -0.204434 0.978880 0.000000 -0.204434 0.978880 0.000000 -0.204429 0.978881 0.000000 -0.204427 0.978882 -0.000000 0.953143 0.302519 0.000000 0.953144 0.302518 0.000000 0.953145 0.302514 -0.000000 0.953145 0.302513 -0.000000 0.204429 0.978881 0.000000 0.204429 0.978881 0.000000 0.978881 0.204429 0.000000 0.978881 0.204429 0.000000 0.978881 0.204429 -0.000000 0.978881 0.204429 -0.000000 -0.953146 -0.302512 -0.000000 -0.953146 -0.302512 -0.000000 -0.953146 -0.302510 -0.000000 -0.953146 -0.302510 -0.000000 0.953145 0.302514 -0.000000 0.953145 0.302513 -0.000000 0.707106 0.707107 0.000000 0.707106 0.707108 0.000000 0.707107 0.707106 0.000000 0.707108 0.707106 0.000000 0.978882 -0.204426 0.000000 0.978882 -0.204425 0.000000 0.978881 -0.204430 0.000000 0.978881 -0.204430 0.000000 -0.953146 -0.302510 0.000000 -0.953146 -0.302510 0.000000 0.707106 0.707107 0.000000 0.707106 0.707107 0.000000 0.707105 0.707108 0.000000 0.707105 0.707108 0.000000 0.204429 0.978881 -0.000000 0.204429 0.978882 -0.000000 0.204428 0.978882 -0.000000 0.204428 0.978882 -0.000000 0.953145 0.302514 -0.000000 0.953145 0.302515 -0.000000 0.000000 0.000000 -1.000000 0.000000 0.000000 -1.000000 0.000000 0.000000 -1.000000 0.000000 0.000000 -1.000000 0.707107 0.707107 -0.000000 0.707107 0.707107 -0.000000 0.978881 0.204429 0.000000 0.978881 0.204429 -0.000000 -0.953145 -0.302512 0.000000 -0.953145 -0.302513 0.000000 0.707106 0.707108 -0.000000 0.707106 0.707107 0.000000 -0.204429 0.978881 0.000000 -0.204427 0.978882 0.000000 -0.874588 0.484866 0.000001 -0.874588 0.484866 0.000001 -0.874588 0.484866 0.000000 -0.874588 0.484866 0.000000 
						0.000000 -0.000000 1.000000 0.000000 -0.000000 1.000000 0.000000 -0.000000 1.000000 0.000000 -0.000000 1.000000 0.707107 0.707107 -0.000000 0.707107 0.707107 -0.000000 -0.484867 -0.874588 0.000000 -0.484867 -0.874588 0.000000 -0.484866 -0.874588 0.000000 -0.484867 -0.874588 0.000000 -0.484865 -0.874589 0.000000 -0.484865 -0.874589 0.000000 0.707109 0.707105 0.000000 0.707109 0.707105 0.000000 0.874587 -0.484868 0.000000 0.874587 -0.484868 0.000000 -0.874588 0.484867 0.000000 -0.874588 0.484867 -0.000000 0.707107 0.707107 0.000000 0.707107 0.707107 0.000000 -0.484865 -0.874589 -0.000000 -0.484865 -0.874589 0.000000 0.707107 0.707106 0.000000 0.707107 0.707107 0.000000 -0.874588 0.484867 -0.000000 -0.874588 0.484867 -0.000000 0.204429 0.978881 0.000000 0.204429 0.978881 0.000000 -0.484864 -0.874590 -0.000000 -0.484863 -0.874590 -0.000000 0.978882 -0.204428 0.000000 0.978882 -0.204427 0.000000 -0.953146 -0.302510 0.000000 -0.953146 -0.302510 0.000000 0.953146 0.302510 -0.000000 0.953146 0.302510 0.000000 -0.953145 -0.302514 -0.000000 -0.953145 -0.302514 -0.000000 -0.098018 0.995185 0.000000 -0.098018 0.995185 0.000000 -0.098018 0.995185 0.000000 -0.098018 0.995185 0.000000 -0.953145 -0.302513 -0.000000 -0.953145 -0.302513 -0.000000 0.302510 -0.953146 0.000000 0.302511 -0.953146 0.000000 0.098018 0.995185 0.000000 0.098018 0.995185 0.000000 0.098018 0.995185 0.000000 0.098018 0.995185 0.000000 0.953147 0.302509 -0.000000 0.953147 0.302508 -0.000000 -0.953145 -0.302513 0.000000 -0.953145 -0.302513 0.000000 -0.874588 0.484868 -0.000000 -0.874587 0.484868 -0.000000 -0.874587 0.484868 -0.000000 -0.874588 0.484868 -0.000000 0.302516 -0.953144 0.000000 0.302518 -0.953144 0.000000 -0.874589 0.484866 0.000000 -0.874589 0.484866 0.000000 -0.874589 0.484865 0.000000 -0.874589 0.484866 0.000000 
						-0.484868 -0.874587 0.000000 -0.484868 -0.874587 0.000000 -0.484869 -0.874587 0.000000 -0.484869 -0.874587 0.000000 -0.874588 0.484867 0.000000 -0.874588 0.484867 0.000000 0.874588 -0.484866 0.000000 0.874588 -0.484866 0.000000 0.874587 -0.484868 0.000001 0.874587 -0.484869 0.000001 -0.874588 0.484866 -0.000000 -0.874588 0.484866 -0.000000 -0.484867 -0.874588 0.000000 -0.484867 -0.874588 0.000000 -0.874588 0.484867 0.000000 -0.874588 0.484867 0.000000 0.874586 -0.484870 0.000000 0.874586 -0.484870 0.000000 -0.874588 0.484867 0.000000 -0.874588 0.484867 -0.000000 -0.484867 -0.874588 0.000000 -0.484867 -0.874588 0.000000 -0.995185 0.098017 -0.000000 -0.995185 0.098017 -0.000000 -0.995185 0.098017 -0.000000 -0.995185 0.098017 -0.000000 0.995185 0.098017 0.000000 0.995185 0.098017 0.000000 0.995185 0.098017 0.000000 0.995185 0.098017 0.000000 0.049068 -0.998795 0.000000 -0.049068 -0.998795 0.000000 -0.049068 -0.998795 0.000000 0.049068 -0.998795 0.000000 -0.998796 -0.049068 0.000000 -0.998796 0.049068 0.000000 -0.998796 0.049068 0.000000 -0.998796 -0.049068 -0.000000 -0.049068 0.998795 -0.000000 0.049068 0.998795 -0.000000 0.049068 0.998795 0.000000 -0.049068 0.998795 0.000000 0.998796 0.049068 0.000000 0.998796 -0.049068 -0.000000 0.998796 -0.049068 -0.000000 0.998796 0.049068 0.000000 0.107219 0.073652 -0.991504 0.091717 0.092230 -0.991505 -0.092245 -0.091702 -0.991505 -0.107123 -0.073796 -0.991503 -0.824147 0.549331 0.137901 -0.831933 0.554877 -0.000000 -0.712756 0.701412 0.000000 -0.706098 0.694557 0.137896 -0.049247 0.120387 -0.991505 -0.060494 0.115998 -0.991406 0.057951 -0.117689 -0.991358 0.047266 -0.121207 -0.991501 -0.915495 0.377959 0.137901 -0.924332 0.381590 -0.000000 -0.989477 0.053570 0.134410 -0.998512 0.054524 -0.000001 -0.980088 0.198565 -0.000001 -0.970816 0.196246 0.137852 
						0.107369 -0.073428 0.991504 0.119734 -0.050821 0.991504 -0.120517 0.048928 0.991505 -0.109254 0.070607 0.991503 0.556845 -0.830529 0.012063 0.707268 -0.706943 0.001758 0.707659 -0.706528 -0.006099 0.557412 -0.830048 -0.017691 -0.970901 -0.195828 0.137853 -0.980134 -0.198336 -0.000001 -0.998665 -0.051652 -0.000001 -0.989624 -0.050777 0.134411 0.923962 -0.382485 -0.000030 0.927021 -0.375010 0.000000 0.836157 -0.548491 0.000000 0.831769 -0.555122 -0.000075 -0.917870 -0.372154 0.137898 -0.926806 -0.375541 0.000000 0.706906 0.707304 0.002137 0.706570 0.707620 -0.005661 -0.049954 0.998749 0.002151 -0.195666 0.980671 -0.000121 -0.195059 0.980780 0.004824 -0.049464 0.998775 0.001586 -0.880375 -0.454048 0.137040 -0.888864 -0.458171 0.000000 0.998774 0.049493 0.001367 0.998757 -0.049838 0.001265 0.998772 -0.049537 0.001028 0.998751 0.049926 0.001940 0.714823 -0.699304 -0.001528 0.718618 -0.695405 0.000000 0.651559 -0.758598 0.000000 0.646311 -0.762910 -0.015808 0.928308 0.371808 0.001635 0.926022 0.377469 0.000000 0.978859 0.204535 0.000000 0.980375 0.197142 -0.000201 0.007525 -0.129944 -0.991493 -0.006231 -0.130010 -0.991493 0.007203 0.129962 -0.991493 -0.007571 0.129942 -0.991493 0.980634 -0.195846 -0.001279 0.980623 -0.195898 0.001682 0.036663 0.125585 -0.991405 0.026077 0.127436 -0.991504 -0.022936 -0.128062 -0.991501 -0.034082 -0.126648 -0.991362 0.889141 0.457360 0.015831 0.888866 0.458168 0.000000 0.091203 -0.092744 0.991504 -0.095266 0.088679 0.991494 0.129916 0.008097 0.991492 0.127090 0.027800 0.991502 -0.127806 -0.024212 0.991504 -0.130018 -0.006057 0.991493 0.979850 -0.199734 0.000569 0.981376 -0.192098 0.000000 0.699628 0.714506 -0.001465 0.695732 0.718301 0.000000 0.758893 0.651216 0.000000 0.763215 0.645953 -0.015743 0.555511 0.831509 -0.000010 0.548895 0.835891 0.000000 
						0.923849 -0.382757 -0.000602 0.923904 -0.382624 -0.000490 0.051981 -0.989561 -0.134412 0.052795 -0.998605 0.000000 -0.054436 -0.998517 0.000000 -0.053089 -0.989503 -0.134411 0.382931 0.923777 0.000037 0.375487 0.926827 0.000000 0.998807 -0.048842 0.000116 0.998259 -0.058984 -0.000000 0.999051 0.043547 0.000000 0.998647 0.051995 0.000313 0.989552 -0.052152 0.134410 0.998589 -0.053106 0.000000 0.998501 0.054728 -0.000000 0.989466 0.053769 0.134410 -0.129927 0.007882 0.991492 0.129958 -0.007263 0.991493 0.053285 0.989492 -0.134410 0.054587 0.998509 0.000000 -0.053850 0.998549 -0.000000 -0.052979 0.989508 -0.134411 0.923600 -0.383357 -0.000101 0.920498 -0.390747 -0.000000 0.978444 -0.206514 -0.000000 0.980013 -0.198931 -0.000455 0.830407 -0.557157 -0.000266 0.825908 -0.563805 0.000000 0.711734 -0.702449 0.000914 0.707302 -0.706912 0.000000 0.119926 0.050355 0.991505 -0.121737 -0.045982 0.991497 0.916343 0.375897 0.137901 0.925133 0.379644 0.000002 0.886097 0.463499 0.000001 0.877210 0.460104 0.137141 0.970473 -0.197940 0.137851 0.979742 -0.200266 0.000000 0.979500 0.201444 0.000001 0.970296 0.198802 0.137851 0.127249 -0.027006 0.991503 -0.127435 0.026070 0.991504 0.914649 -0.380001 0.137901 0.923456 -0.383705 -0.000000 0.822240 -0.552183 0.137900 0.830036 -0.557710 0.000000 0.701708 -0.698991 0.137900 0.708635 -0.705575 0.000000 -0.026844 0.127281 -0.991503 0.025556 -0.127538 -0.991504 -0.374879 0.916760 -0.137900 -0.378638 0.925545 0.000000 -0.462409 0.886667 -0.000000 -0.459023 0.877778 -0.137124 -0.200661 0.979661 0.000000 -0.197999 0.970460 -0.137852 0.194118 0.971244 -0.137853 0.196256 0.980553 0.000000 0.277563 0.950874 -0.137103 0.280093 0.959973 0.000000 0.555323 0.820122 -0.137898 0.560529 0.828135 0.000000 0.482286 0.876014 0.000000 0.476788 0.868262 -0.137092 
						0.700099 0.700603 -0.137900 0.706807 0.707407 0.000000 -0.381177 0.924422 -0.012194 -0.380455 0.924627 0.017878 0.868036 0.477201 -0.137085 0.876225 0.481903 -0.000001 0.828595 0.559849 -0.000001 0.820826 0.554281 -0.137899 0.198666 0.980067 -0.000417 0.206286 0.978492 -0.000000 -0.187909 0.982186 0.000000 -0.192863 0.981226 -0.000406 0.195804 0.980643 -0.000953 0.049469 0.998774 0.001551 0.049851 0.998756 0.001369 0.195942 0.980613 0.002029 0.383142 0.923689 -0.000069 0.390550 0.920582 0.000000 0.556910 0.830573 -0.000224 0.563568 0.826070 0.000000 0.980553 0.196211 0.004124 0.923924 0.382574 -0.000901 0.924194 0.381866 0.006674 0.980678 0.195627 0.000425 0.926194 0.377045 -0.000848 0.928223 0.372024 0.000000 0.889733 0.456481 -0.000000 0.886485 0.462513 -0.015029 0.980880 0.194615 0.000000 0.979347 0.202183 0.000917 -0.645559 0.763711 0.000000 -0.638630 0.757210 0.137059 0.455336 -0.879706 -0.137062 0.459491 -0.888182 -0.000000 0.376974 -0.926224 -0.000000 0.373557 -0.917300 -0.137899 0.832247 0.554288 -0.011424 0.832655 0.553493 0.018187 0.199909 -0.979814 -0.000000 0.197358 -0.970591 -0.137853 0.831355 -0.555740 -0.001559 0.831549 -0.555451 -0.001091 0.641771 -0.766750 0.014985 0.641222 -0.767355 0.000001 -0.189751 -0.972107 -0.137852 -0.192263 -0.981343 0.000000 -0.277362 -0.960766 0.000000 -0.275852 -0.951376 -0.137077 0.074322 0.106773 -0.991502 -0.073096 -0.107593 -0.991504 -0.476379 -0.868485 -0.137099 -0.481182 -0.876621 -0.000000 -0.559466 -0.828853 -0.000000 -0.553842 -0.821123 -0.137900 -0.707546 -0.706668 0.000000 -0.700717 -0.699985 -0.137901 0.635060 -0.760193 0.137129 0.641229 -0.767349 0.000000 -0.828482 -0.560015 0.000000 -0.820466 -0.554815 -0.137899 -0.876419 -0.481549 0.000000 -0.868661 -0.476058 -0.137104 -0.275506 0.961170 0.015774 -0.276209 0.961098 0.000000 
						-0.193731 0.981055 0.000000 -0.187997 0.982169 0.001096 0.115291 0.061553 0.991423 -0.118449 -0.056805 0.991334 0.082863 -0.101054 0.991424 -0.087788 0.097749 0.991332 -0.057961 0.998319 0.000000 -0.048084 0.998843 0.000219 0.065099 0.113802 -0.991368 -0.063370 -0.114522 -0.991398 0.200134 0.979768 0.000626 0.192508 0.981295 -0.000000 -0.273883 0.961763 0.000000 -0.280212 0.959819 -0.015096 0.051699 0.998663 0.000272 0.043395 0.999058 -0.000000 0.114124 0.064322 -0.991382 -0.114129 -0.064310 -0.991382 0.830494 0.556888 0.012481 0.830088 0.557366 -0.017230 0.924876 0.380239 -0.004638 0.980010 0.198865 0.005710 0.925989 0.377535 -0.003302 0.979577 0.201045 0.003238 0.844719 0.533272 -0.045508 0.872382 0.486505 -0.047572 0.704688 0.709492 0.005967 0.815686 0.576647 0.046197 0.702787 0.711391 0.003611 0.783320 0.619795 0.047570 0.556114 0.831105 -0.001151 0.556947 0.830547 -0.000984 0.382799 0.923832 -0.000219 0.383358 0.923600 -0.000433 0.196911 0.980419 -0.002203 0.198521 0.980095 -0.001708 -0.357817 0.932645 -0.046257 -0.194268 0.980945 -0.002531 -0.306433 0.950686 -0.047899 -0.192714 0.981253 -0.001806 0.409891 0.276904 -0.869088 0.434746 0.240974 -0.867714 0.712883 0.480950 -0.510376 0.754789 0.414884 -0.508098 0.349599 0.349949 -0.869089 0.607882 0.608270 -0.510379 0.278724 0.408673 -0.869079 0.482477 0.711855 -0.510371 0.238918 0.435666 -0.867821 0.413402 0.755549 -0.508178 0.097736 0.484945 -0.869066 0.138346 0.477300 -0.867782 0.168666 0.843289 -0.510310 0.241534 0.826703 -0.508158 -0.186592 0.458119 -0.869086 -0.098643 0.484763 -0.869066 -0.325365 0.796023 -0.510376 -0.171203 0.842779 -0.510307 -0.231463 0.439463 -0.867927 -0.400493 0.762401 -0.508282 0.349625 -0.349923 0.869089 0.318799 -0.381055 0.867850 0.608823 -0.607328 0.510379 0.551887 -0.661148 0.508235 
						0.410431 -0.276097 0.869089 0.713973 -0.479328 0.510379 0.456580 -0.190307 0.869090 0.794098 -0.330032 0.510380 0.484578 -0.099553 0.869065 0.842684 -0.171672 0.510306 0.457683 0.187644 0.869089 0.484588 0.099504 0.869065 0.795603 0.326389 0.510378 0.842612 0.172026 0.510306 0.438813 0.232487 0.867982 0.761816 0.401535 0.508337 0.709360 -0.704823 0.005638 0.576488 -0.815819 0.045836 0.711155 -0.703027 0.003411 0.619519 -0.783551 0.047357 0.831013 -0.556252 -0.001441 0.830388 -0.557184 -0.001153 0.923781 -0.382921 -0.000452 0.923511 -0.383570 -0.000570 0.980387 -0.197066 -0.002481 0.980042 -0.198782 -0.001866 0.998711 0.050720 0.001832 0.998800 -0.048958 0.001248 0.998715 0.050685 0.000590 0.998815 -0.048674 0.000590 -0.050908 0.998701 0.002161 0.048574 0.998818 0.001919 -0.051175 0.998689 0.000877 0.048007 0.998846 0.000982 -0.026987 0.496186 -0.867797 0.026068 0.496232 -0.867799 -0.045850 0.861516 -0.505657 0.045525 0.861532 -0.505659 0.496160 0.027492 0.867796 0.496238 -0.025932 0.867799 0.861481 0.046493 0.505656 0.861564 -0.044920 0.505658 0.050541 0.998721 0.001520 -0.048540 0.998819 0.001978 0.050383 0.998730 0.000412 -0.047969 0.998848 0.001005 -0.025807 -0.496246 -0.867798 0.026066 -0.496233 -0.867798 -0.045278 -0.861545 -0.505658 0.044920 -0.861564 -0.505657 -0.496167 0.027365 0.867796 -0.496303 -0.024655 0.867799 -0.861490 0.046330 0.505656 -0.861629 -0.043631 0.505659 0.998718 -0.050600 0.001624 0.998814 0.048650 0.001787 0.998724 -0.050492 0.000476 0.998847 0.048001 0.000985 0.980021 -0.198886 0.001929 0.980270 -0.197633 0.003499 0.924032 -0.382314 -0.000237 0.831883 -0.554951 -0.000442 0.923858 -0.382735 0.000097 0.831550 -0.555449 -0.000255 0.714083 -0.700037 -0.005895 0.710712 -0.703425 -0.009053 0.623669 -0.780052 -0.050559 0.578593 -0.814042 -0.050645 
						-0.765642 -0.394671 0.507963 -0.796911 -0.323194 0.510370 -0.443340 -0.225298 0.867577 -0.458898 -0.184697 0.869080 -0.843164 -0.169291 0.510309 -0.485117 -0.096862 0.869068 -0.843029 0.169964 0.510309 -0.484930 0.097802 0.869067 -0.794894 0.328108 0.510380 -0.457365 0.188413 0.869090 -0.715866 0.476496 0.510380 -0.412337 0.273246 0.869089 -0.613538 0.602578 0.510364 -0.354599 0.344934 0.869069 -0.554448 0.659123 0.508080 -0.320967 0.379520 0.867724 0.395883 -0.764972 -0.508030 0.324539 -0.796362 -0.510374 0.226458 -0.442615 -0.867645 0.186021 -0.458355 -0.869084 0.170744 -0.842872 -0.510307 0.098283 -0.484835 -0.869066 -0.163782 -0.844254 -0.510304 -0.092483 -0.485988 -0.869058 -0.241192 -0.826813 -0.508140 -0.138636 -0.477189 -0.867796 -0.413954 -0.755267 -0.508148 -0.480453 -0.713219 -0.510376 -0.239986 -0.435190 -0.867765 -0.276383 -0.410244 -0.869087 -0.608344 -0.607808 -0.510379 -0.349988 -0.349560 -0.869089 -0.712186 -0.481985 -0.510374 -0.409001 -0.278232 -0.869083 -0.755917 -0.412680 -0.508216 -0.435997 -0.238170 -0.867860 -0.302254 0.951891 0.050463 -0.188800 0.982007 0.004171 -0.355023 0.933447 0.051332 -0.191647 0.981437 0.007216 0.199212 0.979954 0.002126 0.197810 0.980233 0.003815 0.382704 0.923871 0.000013 0.382956 0.923766 0.000519 0.555289 0.831658 -0.000201 0.555646 0.831419 0.000160 0.700324 0.713802 -0.005656 0.703592 0.710552 -0.008646 0.780328 0.623344 -0.050308 0.814200 0.578408 -0.050221 0.874748 0.481928 0.050611 0.927757 0.373134 0.006117 0.846274 0.530259 0.051426 0.926045 0.377275 0.010236 0.980364 0.197194 -0.000905 0.980572 0.196160 -0.000857 0.998795 0.049068 0.000000 0.998795 -0.049068 -0.000000 -0.049068 0.998796 -0.000000 0.049068 0.998796 -0.000000 -0.998795 -0.049068 -0.000000 -0.998795 0.049068 0.000000 0.049068 -0.998795 0.000000 -0.049068 -0.998796 -0.000000 
						0.980785 -0.195090 -0.000000 0.980785 -0.195090 -0.000000 0.831469 -0.555570 0.000000 0.923879 -0.382683 -0.000000 0.923880 -0.382683 -0.000000 0.831469 -0.555570 0.000000 0.707107 -0.707107 0.000000 0.707107 -0.707107 0.000000 0.555570 -0.831469 0.000000 0.555570 -0.831469 0.000000 -0.382683 0.923880 0.000000 -0.555570 0.831469 -0.000001 -0.555570 0.831469 -0.000000 -0.382683 0.923880 0.000000 -0.195090 0.980785 0.000001 -0.195090 0.980785 0.000000 0.195090 0.980785 -0.000001 0.195090 0.980785 -0.000000 0.382683 0.923880 -0.000000 0.382683 0.923880 -0.000000 0.555570 0.831469 -0.000001 0.555570 0.831469 0.000000 0.707107 0.707107 -0.000001 0.707107 0.707107 -0.000000 0.831469 0.555570 -0.000001 0.831469 0.555570 -0.000001 -0.923879 -0.382683 -0.000000 -0.831469 -0.555570 0.000000 -0.831469 -0.555570 -0.000000 -0.923880 -0.382683 -0.000000 -0.980785 -0.195090 -0.000000 -0.980785 -0.195090 0.000002 -0.980785 0.195090 0.000000 -0.980785 0.195090 0.000000 -0.923880 0.382683 0.000000 -0.923880 0.382683 0.000000 -0.000000 0.000000 1.000000 -0.000000 0.000000 1.000000 0.000000 -0.000000 1.000000 -0.000000 0.000000 1.000000 -0.000000 0.000000 1.000000 -0.000000 0.000000 1.000000 -0.000000 0.000000 1.000000 -0.000000 0.000000 1.000000 -0.000000 0.000001 1.000000 -0.000000 0.000000 1.000000 0.195090 -0.980785 -0.000000 0.382683 -0.923880 -0.000002 0.382683 -0.923880 -0.000000 0.195090 -0.980785 0.000002 -0.195090 -0.980785 0.000001 -0.195090 -0.980785 0.000001 -0.382683 -0.923880 0.000000 -0.382683 -0.923880 0.000000 -0.555570 -0.831469 0.000000 -0.555570 -0.831469 -0.000000 -0.707107 -0.707107 -0.000001 -0.707107 -0.707107 0.000001 -0.831469 -0.555570 -0.000002 -0.831469 -0.555570 -0.000000 0.923879 0.382683 0.000000 0.831469 0.555570 -0.000000 0.831469 0.555570 0.000000 0.923880 0.382683 0.000000 
						0.980785 0.195090 0.000000 0.980785 0.195090 0.000000 -0.185178 -0.982705 0.000000 -0.188573 -0.982059 0.000968 0.282458 -0.959280 -0.000000 0.285376 -0.958308 0.014351 0.472270 -0.881346 -0.013789 0.472768 -0.881187 -0.000000 0.553812 -0.832641 -0.000000 0.555589 -0.831457 -0.000003 -0.122054 -0.045229 -0.991492 0.118279 0.054344 -0.991492 0.980785 -0.195090 -0.000000 0.923880 -0.382683 -0.000000 0.831469 -0.555570 -0.000000 0.707107 -0.707107 -0.000000 0.555571 -0.831469 -0.000000 -0.555571 0.831469 0.000000 -0.382684 0.923880 -0.000000 -0.195090 0.980785 0.000000 0.195090 0.980785 0.000000 0.382684 0.923880 -0.000000 0.555571 0.831469 0.000001 0.707107 0.707107 -0.000000 0.831469 0.555570 -0.000001 -0.831469 -0.555570 -0.000000 -0.923880 -0.382683 0.000000 -0.980785 -0.195090 0.000003 -0.980785 0.195090 0.000000 -0.923880 0.382683 0.000000 0.000000 -0.000000 1.000000 -0.000000 0.000000 1.000000 0.000000 -0.000000 1.000000 -0.000000 0.000000 1.000000 -0.000000 0.000000 1.000000 0.382684 -0.923879 0.000001 0.195090 -0.980785 0.000003 -0.195090 -0.980785 -0.000000 -0.382684 -0.923879 0.000000 -0.555571 -0.831469 0.000000 -0.707107 -0.707107 0.000003 -0.831470 -0.555570 -0.000000 0.831470 0.555570 0.000000 0.923880 0.382683 0.000000 0.980785 0.195090 0.000000 0.923883 -0.382676 -0.000001 0.924561 -0.381035 0.000000 0.833678 -0.552251 0.000000 0.832536 -0.553971 -0.000268 0.980828 0.194878 -0.000074 0.981173 0.193129 0.000000 0.922250 0.386593 -0.000590 0.921440 0.388520 0.000000 0.880326 0.474186 0.013200 0.880624 0.473815 -0.000000 -0.704426 -0.709777 0.000527 -0.703129 -0.711062 0.000000 -0.767736 -0.640767 0.000000 -0.769659 -0.638294 0.014358 -0.382993 -0.923748 0.002562 -0.382351 -0.924013 0.002730 -0.379456 -0.925210 0.000486 -0.376838 -0.926279 0.000000 -0.553847 -0.832618 0.000000 
						-0.555606 -0.831446 -0.000006 0.198486 -0.980104 0.000438 0.200599 -0.979673 0.000000 0.291432 -0.956497 -0.013475 0.290950 -0.956738 0.000000 0.556900 -0.830580 0.000223 0.558422 -0.829557 0.000000 0.476680 -0.879077 0.000000 0.473887 -0.880474 0.014044 0.707657 -0.706556 0.000108 0.709557 -0.704648 0.000000 -0.924343 0.381425 0.010217 -0.924577 0.380642 -0.016410 0.881339 -0.472283 -0.013792 0.881193 -0.472757 0.000000 0.832648 -0.553802 0.000000 0.831456 -0.555590 -0.000003 -0.979240 -0.202703 -0.001037 -0.978553 -0.205994 -0.000000 -0.980778 -0.195114 -0.002065 -0.980624 -0.195861 -0.003750 -0.922917 -0.385000 -0.000349 -0.922100 -0.386951 0.000000 -0.881148 -0.472649 0.013442 -0.881452 -0.472274 0.000000 0.703775 -0.696912 -0.137894 0.710394 -0.703805 0.000000 0.639996 -0.768378 0.000000 0.633809 -0.761233 -0.137148 0.914376 -0.380658 -0.137895 0.922791 -0.385301 0.000000 0.831594 -0.555384 0.000000 0.823998 -0.549557 -0.137896 0.969148 0.204318 -0.137863 0.978325 0.207074 0.000000 0.912923 0.384132 -0.137893 0.921672 0.387969 0.000000 0.872317 0.469273 -0.137279 0.880643 0.473781 -0.000000 0.711184 -0.703005 -0.000805 0.712473 -0.701699 0.000000 0.642317 -0.766439 0.000000 0.639852 -0.768358 -0.014638 0.923585 -0.383353 -0.005572 0.924057 -0.382237 -0.003661 -0.998975 -0.045252 -0.000560 -0.999114 -0.042093 0.000000 -0.980908 -0.194472 0.000000 -0.980530 -0.196368 0.000137 -0.989418 -0.054688 -0.134389 -0.998387 -0.056769 0.000000 -0.980487 -0.196585 0.000000 -0.971287 -0.193887 -0.137872 0.998635 0.052235 -0.000000 0.998563 0.053591 0.000573 -0.924034 -0.382299 -0.003160 -0.832553 -0.553701 -0.016435 -0.832171 -0.554425 0.010227 -0.923736 -0.383020 -0.002794 -0.916909 -0.374518 -0.137894 -0.925660 -0.378357 -0.000000 -0.885326 -0.464970 -0.000000 -0.876878 -0.460734 -0.137147 0.999565 -0.029497 0.000000 
						0.999420 -0.033989 -0.002088 -0.970518 0.197701 -0.137870 -0.979872 0.199628 0.000000 -0.999117 0.042017 0.000000 -0.989986 0.043215 -0.134389 -0.910355 0.390182 -0.137886 -0.918708 0.394938 -0.000000 0.831420 -0.555643 0.000672 0.923090 -0.384331 0.013906 0.923163 -0.384197 -0.012754 0.831490 -0.555540 0.000281 -0.818263 0.558062 -0.137890 -0.825798 0.563965 -0.000000 0.831080 -0.556129 -0.005191 0.831759 -0.555122 -0.004067 -0.696433 0.704249 -0.137894 -0.703062 0.711129 -0.000000 -0.626336 0.767370 -0.137280 -0.632303 0.774721 0.000000 0.707071 -0.707142 0.000385 0.707142 -0.707071 0.000383 0.982195 -0.187867 0.000000 0.981669 -0.190590 -0.000683 -0.925421 -0.378939 -0.000564 -0.926115 -0.377242 0.000000 -0.885926 -0.463827 0.000000 -0.884383 -0.466539 -0.014399 0.555539 -0.831490 0.000284 0.555642 -0.831421 0.000660 0.706682 -0.707517 -0.004497 0.707551 -0.706645 -0.004887 -0.980047 0.198765 -0.000478 -0.979620 0.200860 -0.000000 -0.998129 0.061139 -0.000000 -0.998366 0.057134 -0.001054 -0.956412 0.291713 0.013435 -0.956637 0.291282 0.000000 0.384198 -0.923163 -0.012756 0.384331 -0.923091 0.013901 0.556476 -0.830820 0.008492 0.557459 -0.830006 -0.018171 0.830588 -0.556887 0.000221 0.829557 -0.558421 0.000000 0.879065 -0.476702 0.000000 0.880464 -0.473904 0.014047 0.380675 -0.924568 0.016148 0.381390 -0.924355 -0.010497 -0.118240 -0.057131 -0.991340 0.112765 0.065356 -0.991470 0.706555 -0.707658 0.000108 0.704660 -0.709545 -0.000000 0.924274 -0.381724 -0.001823 0.981149 -0.193215 -0.003874 0.924292 -0.381685 -0.000641 0.981518 -0.191355 -0.002439 0.832316 -0.554296 -0.002688 0.832729 -0.553679 -0.001349 0.708941 -0.705253 -0.004581 0.710587 -0.703603 -0.002931 0.577570 -0.814911 -0.048302 0.619569 -0.783510 -0.047394 0.454997 0.194133 -0.869074 0.436119 0.236751 -0.868187 0.792478 0.333925 -0.510366 
						0.758008 0.408265 -0.508668 0.483591 0.104377 -0.869048 0.841543 0.177153 -0.510316 0.457745 -0.187514 -0.869085 0.485828 -0.093214 -0.869070 0.794542 -0.328973 -0.510373 0.844045 -0.164761 -0.510335 0.412991 -0.272280 -0.869081 0.716105 -0.476146 -0.510372 0.353446 -0.346103 -0.869074 0.611639 -0.604504 -0.510365 0.319550 -0.380534 -0.867803 0.551219 -0.661681 -0.508268 -0.923433 -0.383754 -0.002038 -0.843583 -0.535411 0.041273 -0.923115 -0.384522 -0.001182 -0.868808 -0.493274 0.043053 -0.980238 -0.197775 -0.004296 -0.979669 -0.200596 -0.003154 -0.932717 0.357572 -0.046703 -0.981010 0.193938 -0.002582 -0.949996 0.308787 -0.046450 -0.981254 0.192713 -0.001618 0.831403 -0.555670 -0.000211 0.913232 -0.405105 -0.043553 0.831338 -0.555768 -0.000141 0.891759 -0.450329 -0.044386 0.707171 -0.707042 0.000160 0.707403 -0.706811 0.000248 0.555938 -0.831223 0.000779 0.556577 -0.830796 0.000719 0.405562 -0.912986 0.044460 0.451452 -0.891153 0.045139 0.196645 -0.980472 0.002267 0.360423 -0.931865 -0.041501 0.197734 -0.980255 0.001420 0.314104 -0.948407 -0.043174 -0.381428 -0.924395 0.002385 -0.193258 -0.981141 0.003798 -0.380183 -0.924910 0.001605 -0.190683 -0.981647 0.002845 -0.555172 -0.831735 0.000840 -0.555161 -0.831743 0.000292 -0.705979 -0.708227 0.002794 -0.704862 -0.709342 0.001880 -0.815581 -0.576773 0.046481 -0.784675 -0.618174 0.046322 0.923093 0.384560 -0.003575 0.843156 0.536202 0.039701 0.922516 0.385953 -0.002102 0.868081 0.494631 0.042143 0.980043 0.198695 -0.005947 0.979321 0.202269 -0.004167 0.998218 0.059383 -0.005879 0.999245 -0.038318 -0.006482 0.998522 0.053800 -0.007761 0.998972 -0.044536 -0.008438 0.860974 0.055621 -0.505599 0.862210 -0.030903 -0.505608 0.495784 0.034689 -0.867752 0.496738 -0.015506 -0.867762 -0.998677 -0.051412 -0.001200 -0.998776 0.049470 0.000060 -0.998719 -0.050554 -0.002082 
						-0.998796 0.049056 -0.000537 0.054750 -0.998495 0.003159 -0.042733 -0.999079 0.003892 0.051714 -0.998653 0.004110 -0.046568 -0.998903 0.004886 -0.047486 -0.998871 -0.001104 0.049978 -0.998750 -0.000358 -0.048975 -0.998800 -0.000679 0.049284 -0.998785 0.000140 -0.998496 0.054731 -0.003148 -0.998936 -0.046081 -0.001929 -0.998651 0.051755 -0.004183 -0.998852 -0.047819 -0.002700 -0.861826 0.039806 -0.505640 -0.861549 -0.045397 -0.505640 -0.496318 0.024417 -0.867797 -0.496312 -0.024537 -0.867797 0.998909 -0.046667 0.001585 0.998699 0.050987 0.000950 0.998799 -0.048995 0.000644 0.998785 0.049282 -0.000142 0.980243 -0.197752 -0.004254 0.979848 -0.199729 -0.002628 0.922534 -0.385868 -0.006074 0.829795 -0.558044 -0.005247 0.921075 -0.389362 -0.004299 0.828089 -0.560585 -0.003589 0.705667 -0.708535 -0.003564 0.704632 -0.709570 -0.002072 0.573786 -0.818042 0.039717 0.612709 -0.789184 0.042139 -0.440850 -0.229278 -0.867804 -0.458991 -0.184491 -0.869075 -0.762477 -0.400365 -0.508268 -0.796422 -0.324403 -0.510366 -0.485660 -0.094064 -0.869072 -0.843622 -0.166909 -0.510337 -0.484355 0.100603 -0.869068 -0.842591 0.172047 -0.510333 -0.453891 0.196779 -0.869058 -0.790659 0.338235 -0.510348 -0.407417 0.280605 -0.869064 -0.710527 0.484446 -0.510356 -0.346061 0.353487 -0.869073 -0.604356 0.611785 -0.510365 -0.312323 0.385623 -0.868187 -0.544075 0.667263 -0.508667 -0.845045 -0.532649 -0.046735 -0.924532 -0.381093 -0.003021 -0.871525 -0.488144 -0.046480 -0.925173 -0.379540 -0.002018 -0.980787 -0.195080 -0.000537 -0.980713 -0.195455 0.000041 -0.980447 0.196766 -0.002484 -0.980206 0.197976 -0.001566 -0.931823 0.360560 0.041251 -0.948340 0.314323 0.043038 0.912986 -0.405562 0.044461 0.831221 -0.555941 0.000784 0.891152 -0.451453 0.045140 0.830806 -0.556562 0.000708 0.707042 -0.707171 0.000161 0.706807 -0.707406 0.000251 0.555670 -0.831403 -0.000212 
						0.555766 -0.831339 -0.000140 0.405114 -0.913227 -0.043571 0.450331 -0.891758 -0.044387 0.357707 -0.932678 0.046458 0.194079 -0.980983 0.002330 0.309019 -0.949928 0.046307 0.192968 -0.981204 0.001464 -0.195674 -0.980669 0.000526 -0.195337 -0.980736 -0.000031 -0.383753 -0.923434 0.002035 -0.384708 -0.923037 0.001301 -0.557206 -0.830367 0.003465 -0.559109 -0.829090 0.002531 -0.707815 -0.706395 0.001763 -0.708333 -0.705878 0.001030 -0.817385 -0.574592 -0.041535 -0.788039 -0.614107 -0.043206 0.845459 0.531851 -0.048305 0.924864 0.380271 -0.004578 0.872237 0.486782 -0.047387 0.925749 0.378127 -0.002923 0.980949 0.194253 -0.002017 0.980980 0.194106 -0.000775 -0.970240 -0.199094 -0.137824 -0.979675 -0.200590 -0.000000 -0.932808 -0.360373 -0.000000 -0.922712 -0.359993 -0.137869 -0.998473 0.055237 0.000709 -0.999535 0.030496 0.000000 -0.986155 0.165824 0.000000 -0.981714 0.190359 -0.000807 0.989251 0.057576 -0.134417 0.998510 0.054566 -0.000000 0.983702 0.179808 -0.000000 0.974013 0.179744 -0.137809 0.969964 -0.200435 -0.137827 0.978665 -0.205465 -0.000001 0.969914 0.200673 -0.137827 0.979235 0.202730 -0.000001 0.998548 0.053869 -0.000001 0.989463 0.053776 -0.134429 0.978312 -0.207136 -0.000000 0.969798 -0.201239 -0.137822 0.922394 0.360804 -0.137877 0.933182 0.359403 0.000000 0.891965 0.430974 -0.136598 0.904425 0.426633 0.000000 -0.821977 0.569516 -0.002348 -0.805752 0.592253 -0.000000 -0.846842 0.531845 -0.000000 -0.850293 0.525836 -0.022335 0.989187 -0.058636 -0.134425 0.997995 -0.063289 -0.000001 -0.714313 0.699825 0.001426 -0.734617 0.678483 0.000000 -0.681604 0.731721 0.000000 -0.678220 0.734539 0.021697 -0.999143 0.041370 -0.001174 -0.997019 0.077156 -0.000000 -0.999529 -0.030673 0.000000 -0.998413 -0.056305 -0.000854 -0.827911 0.560859 -0.000888 -0.842856 0.538139 0.000000 -0.824151 0.549326 -0.137898 
						-0.832696 0.553730 -0.000000 -0.924213 0.381877 -0.000000 -0.915716 0.377424 -0.137898 -0.931876 -0.362766 -0.002987 -0.929735 -0.368230 -0.000000 -0.976161 -0.217050 0.000000 -0.981519 -0.191363 -0.000665 -0.920539 0.390649 -0.001204 -0.930918 0.365228 0.000000 -0.911305 -0.411096 -0.022900 -0.904425 -0.426633 -0.000001 -0.712813 0.687668 -0.137879 -0.722069 0.691821 -0.000000 -0.661690 0.749778 -0.000000 -0.648134 0.749127 -0.136860 -0.999153 -0.041138 0.001206 -0.997083 -0.076320 -0.000000 -0.989532 -0.052493 -0.134430 -0.998778 -0.049432 -0.000001 -0.997805 0.066225 -0.000001 -0.989121 0.059743 -0.134424 -0.836790 0.547523 -0.001344 -0.822109 0.569331 0.000000 -0.916131 0.400879 0.000000 -0.926868 0.375386 -0.001098 -0.999264 -0.038321 -0.001588 -0.997316 -0.073213 0.000000 -0.999395 0.034777 -0.000000 -0.998251 0.059108 -0.001235 -0.722263 0.691611 -0.003019 -0.717516 0.696542 0.000000 -0.684595 0.728564 -0.022896 -0.671833 0.740703 0.000000 -0.899188 -0.437562 -0.000000 -0.886306 -0.442427 -0.136825 -0.989295 -0.056803 -0.134420 -0.998368 -0.057116 0.000000 -0.969694 0.201739 -0.137822 -0.978388 0.206779 -0.000000 -0.998161 0.060611 -0.000000 -0.989350 0.055835 -0.134421 -0.972416 0.232220 0.021940 -0.969691 0.244334 -0.000000 -0.982272 0.187462 0.000000 -0.983521 0.180778 0.002163 -0.713262 0.687203 -0.137875 -0.724209 0.689581 0.000000 -0.658601 0.739988 -0.136608 -0.671832 0.740704 0.000000 -0.927374 -0.374133 -0.001286 -0.937673 -0.347519 0.000000 -0.909219 -0.416317 0.000000 -0.905912 -0.422939 -0.021113 -0.978285 -0.207257 0.001593 -0.982594 -0.185764 -0.000000 -0.998222 -0.059587 0.001300 -0.999385 -0.035068 -0.000000 -0.997576 0.069590 0.000000 -0.999290 0.037647 0.001680 -0.711781 0.702401 0.000925 -0.694387 0.719602 -0.000000 -0.575318 0.817923 0.003334 -0.570358 0.821396 -0.000000 -0.531328 0.846848 0.023224 
						-0.517725 0.855547 0.000000 0.966984 0.254838 -0.000000 0.955415 0.261646 -0.136836 0.998076 -0.062009 0.000000 0.989410 -0.054761 -0.134422 0.713957 -0.686482 -0.137872 0.724750 -0.689012 0.000000 0.659294 -0.739374 -0.136591 0.672497 -0.740100 0.000000 -0.927817 -0.373034 0.001451 -0.938295 -0.345835 -0.000000 -0.909963 -0.414689 -0.000000 -0.907617 -0.419239 0.021673 -0.978677 -0.205400 -0.001329 -0.983129 -0.182913 0.000000 -0.982512 0.186200 -0.000000 -0.977975 0.208712 -0.001799 0.723187 -0.690652 -0.000000 0.713860 -0.686582 -0.137875 0.662774 -0.748819 -0.000000 0.649094 -0.748299 -0.136839 -0.909933 -0.414148 0.022441 -0.903967 -0.427602 0.000001 -0.929394 -0.369090 0.000000 -0.931683 -0.363260 0.002914 -0.975765 -0.218819 -0.000000 -0.981303 -0.192466 0.000509 -0.972479 0.232989 -0.000000 -0.970485 0.240262 -0.020803 -0.978131 0.207988 -0.000001 -0.969575 0.202307 -0.137825 -0.870938 0.491106 0.016769 -0.868053 0.496472 -0.000000 -0.828314 0.560264 -0.000000 -0.824014 0.566566 0.001850 -0.720364 0.693596 -0.000000 -0.702155 0.712023 0.000972 -0.585449 0.810710 -0.000000 -0.561370 0.827564 -0.000974 -0.521253 0.853402 -0.000000 -0.514820 0.857052 -0.020558 -0.959059 -0.248091 -0.136588 -0.970193 -0.242334 0.000000 -0.983816 -0.179180 -0.000001 -0.973542 -0.182270 -0.137820 -0.922639 0.385664 0.000000 -0.913893 0.381815 -0.137903 -0.830957 0.556336 0.000000 -0.821826 0.552798 -0.137902 -0.975028 0.222081 -0.000000 -0.981086 0.193570 -0.000352 -0.980667 0.195682 -0.000545 -0.980607 0.195979 -0.001616 -0.923877 0.382683 -0.002369 -0.924284 0.381700 -0.001868 -0.980496 0.196536 0.000318 -0.924443 0.381320 -0.000875 -0.831466 0.555569 -0.002507 -0.832227 0.554430 -0.002406 -0.832863 0.553477 -0.001492 -0.707106 0.707105 -0.001935 -0.708607 0.705593 -0.003745 -0.710928 0.703257 -0.003221 -0.555570 0.831468 -0.001927 
						-0.593678 0.800058 -0.086333 -0.657327 0.749641 -0.077198 -0.439921 -0.230722 -0.867893 0.003719 -0.005570 -0.999978 -0.000555 0.001337 -0.999999 -0.460173 -0.181568 -0.869065 -0.766417 -0.393264 -0.507885 -0.800165 -0.315122 -0.510327 -0.000116 0.000569 -1.000000 -0.484787 -0.098570 -0.869060 -0.842562 -0.172355 -0.510277 -0.484548 0.099754 -0.869058 0.000134 0.000677 -1.000000 -0.000746 -0.001799 -0.999998 -0.457793 0.187356 -0.869093 -0.842333 0.173477 -0.510274 -0.795339 0.327023 -0.510384 -0.001020 -0.001523 -0.999998 -0.412108 0.273576 -0.869093 -0.715649 0.476819 -0.510383 0.001153 0.001157 -0.999999 -0.353140 0.346385 -0.869085 -0.615872 0.600204 -0.510350 -0.005437 -0.003631 -0.999979 -0.328668 0.374020 -0.867229 -0.567314 0.648760 -0.507213 -0.852394 -0.517298 -0.076337 -0.831466 -0.555569 0.002559 -0.923877 -0.382683 0.002226 -0.923813 -0.382845 0.000307 -0.890179 -0.449971 -0.071469 -0.924486 -0.381215 -0.000942 -0.980606 -0.195979 0.001865 -0.980368 -0.197164 0.002111 -0.980128 -0.198359 0.001421 -0.980802 0.194998 0.001771 -0.980608 0.195979 0.000989 -0.923878 0.382683 0.001975 -0.937272 0.339506 0.079093 -0.981062 0.193691 0.001403 -0.961128 0.266506 0.072164 -0.900975 0.425487 -0.084882 -0.923369 0.382473 -0.033223 -0.831453 0.555560 -0.006299 -0.829201 0.558906 -0.007087 -0.864342 0.497089 -0.076256 -0.826488 0.562930 -0.005275 -0.707106 0.707106 0.001710 -0.707667 0.706545 0.001394 -0.707894 0.706319 0.000663 -0.555566 0.831461 0.004456 -0.558279 0.829633 0.005750 -0.561630 0.827377 0.004341 -0.382669 0.923844 0.008747 -0.426916 0.900014 0.087849 -0.499512 0.862794 0.077935 0.476223 0.141124 -0.867926 -0.002890 0.006979 -0.999971 0.000549 -0.002732 -0.999996 0.486541 0.089720 -0.869038 0.828240 0.236726 -0.507916 0.845581 0.156983 -0.510245 0.484772 -0.098636 -0.869061 0.000118 0.000579 -1.000000 
						0.001215 0.002931 -0.999995 0.458209 -0.186347 -0.869091 0.842531 -0.172505 -0.510278 0.795702 -0.326140 -0.510383 0.001701 0.002542 -0.999995 0.412737 -0.272632 -0.869091 0.716226 -0.475952 -0.510382 -0.000234 -0.000238 -1.000000 0.354005 -0.345516 -0.869079 0.616677 -0.599382 -0.510343 0.006282 0.004195 -0.999971 0.329456 -0.373456 -0.867173 0.568031 -0.648174 -0.507160 -0.853605 -0.514486 0.081627 -0.831467 -0.555570 -0.002061 -0.923878 -0.382684 -0.001817 -0.923910 -0.382610 0.000140 -0.892392 -0.445047 0.074629 -0.924700 -0.380694 0.001276 -0.980607 -0.195979 -0.001378 -0.980441 -0.196805 -0.001467 -0.980307 -0.197477 -0.000887 -0.998949 0.045777 -0.002475 -0.998954 -0.045661 0.002544 -0.998822 0.048448 -0.002683 -0.998793 -0.049088 0.001564 -0.998750 0.049979 -0.001033 -0.998749 -0.049979 -0.001219 -0.861480 0.046316 -0.505674 -0.861356 -0.048628 -0.505669 -0.496242 0.025776 -0.867801 -0.496115 -0.028268 -0.867796 -0.000070 -0.001337 -0.999999 0.000065 -0.001361 -0.999999 -0.999020 0.044133 0.003440 -0.998869 -0.047518 -0.001454 -0.998848 0.047841 0.003744 -0.998765 -0.049682 -0.000527 -0.998749 0.049979 0.001656 -0.998749 -0.049979 0.001506 0.861570 -0.044568 -0.505678 0.861261 0.050339 -0.505663 0.496319 -0.024235 -0.867802 0.496041 0.029688 -0.867792 0.000138 0.002679 -0.999996 -0.000121 0.002506 -0.999997 -0.998905 0.046741 0.001910 -0.980081 0.198591 -0.001561 -0.998781 0.049340 0.001124 -0.980372 0.197143 -0.002073 -0.496049 0.029612 -0.867789 -0.496303 -0.024660 -0.867799 -0.861281 0.050003 -0.505663 -0.861537 -0.045263 -0.505673 -0.998781 0.049357 -0.001094 -0.998828 -0.048318 0.002910 -0.998929 0.046222 -0.002214 -0.998951 -0.045731 0.002502 0.496109 -0.028466 -0.867794 0.496259 0.025528 -0.867799 0.861333 -0.049053 -0.505667 0.861506 0.045841 -0.505674 -0.999010 -0.044359 -0.003308 -0.998841 -0.048006 -0.003457 
						-0.923173 0.384382 -0.001093 -0.923435 0.383750 -0.002029 -0.830899 0.556422 -0.000609 -0.830921 0.556388 -0.001730 -0.708696 0.705512 0.001337 -0.707160 0.707053 0.000135 -0.654662 0.752187 0.075043 -0.592025 0.801706 0.082310 0.772690 0.381736 -0.507177 0.799152 0.317655 -0.510345 0.446987 0.219450 -0.867205 0.459097 0.184203 -0.869080 0.842332 0.173493 -0.510271 0.484562 0.099710 -0.869056 0.842616 -0.172101 -0.510275 0.484826 -0.098397 -0.869058 -0.980625 -0.195893 0.000072 -0.980710 -0.195465 0.000935 0.793857 -0.330605 -0.510383 0.456310 -0.190950 -0.869091 0.713608 -0.479872 -0.510379 0.410073 -0.276626 -0.869090 0.618032 -0.597999 -0.510327 0.355407 -0.344108 -0.869066 0.557357 -0.656806 -0.507897 0.318090 -0.381548 -0.867894 -0.892067 -0.445776 0.074161 -0.925829 -0.377930 0.003048 -0.853525 -0.514673 0.081275 -0.924679 -0.380730 0.003709 -0.980763 0.195200 -0.000491 -0.980591 0.196067 0.000144 -0.844564 -0.162299 -0.510266 -0.485477 -0.095141 -0.869057 -0.960302 0.270024 -0.070046 -0.936788 0.341729 -0.075159 -0.893520 0.447037 0.042183 -0.832805 0.553564 -0.001430 -0.917545 0.396711 0.027030 -0.832726 0.553671 -0.004000 -0.706345 0.707868 0.000639 -0.706559 0.707653 0.001358 -0.555454 0.831547 0.000082 -0.554542 0.832153 0.002168 -0.487141 0.870563 -0.069386 -0.419410 0.904907 -0.072371 -0.832645 -0.222571 -0.507114 -0.481562 -0.127095 -0.867148 -0.842305 0.173625 -0.510271 -0.484546 0.099787 -0.869056 -0.793286 0.331975 -0.510381 -0.455789 0.192202 -0.869088 -0.712826 0.481035 -0.510377 -0.409341 0.277718 -0.869087 -0.617029 0.599025 -0.510337 -0.354442 0.345080 -0.869075 -0.556490 0.657498 -0.507953 -0.317222 0.382161 -0.867942 -0.893971 -0.441475 -0.076912 -0.925821 -0.377949 -0.003036 -0.854553 -0.512217 -0.085867 -0.924644 -0.380817 -0.003544 -0.980635 -0.195842 -0.000103 -0.980688 -0.195579 -0.000730 
						0.098017 -0.995185 -0.000000 0.098017 -0.995185 -0.000000 0.098017 -0.995185 -0.000000 0.098017 -0.995185 -0.000000 0.098017 -0.995185 -0.000000 0.098017 -0.995185 -0.000000 0.098017 -0.995185 -0.000000 0.098017 -0.995185 -0.000000 0.098017 -0.995185 -0.000000 0.098017 -0.995185 0.000000 0.098017 -0.995185 0.000000 0.098018 -0.995185 0.000000 0.098018 -0.995185 0.000000 0.098018 -0.995185 0.000000 0.098018 -0.995185 0.000000 0.098017 -0.995185 0.000000 0.098018 -0.995185 0.000000 0.098017 -0.995185 0.000000 0.098017 -0.995185 0.000000 0.098017 -0.995185 0.000000 0.098018 -0.995185 0.000000 0.098017 -0.995185 0.000000 0.098017 -0.995185 0.000000 0.098018 -0.995185 -0.000000 0.098018 -0.995185 -0.000000 0.098017 -0.995185 -0.000000 0.098017 -0.995185 -0.000000 0.098018 -0.995185 -0.000000 0.098017 -0.995185 -0.000000 0.098017 -0.995185 -0.000000 0.098017 -0.995185 -0.000000 0.098017 -0.995185 0.000000 0.098017 -0.995185 0.000000 0.098017 -0.995185 0.000000 0.098017 -0.995185 -0.000000 0.098017 -0.995185 -0.000000 0.098017 -0.995185 -0.000000 
					</float_array>
					<technique_common>
						<accessor count="2277" offset="0" source="#meshId0-bitangents-array" stride="3">
							<param name="X" type="float" />
							<param name="Y" type="float" />
							<param name="Z" type="float" />
						</accessor>
					</technique_common>
				</source>
				<source id="meshId0-tex0" name="meshId0-tex0">
					<float_array id="meshId0-tex0-array" count="4554"> 
						0.136433 0.847136 0.098193 0.847136 0.098193 0.828692 0.136433 0.828692 0.970974 0.494010 0.958197 0.495433 0.957581 0.447318 0.970390 0.448414 0.408761 0.753034 0.370520 0.753034 0.370520 0.734589 0.408761 0.734589 0.038807 0.087137 0.026025 0.088519 0.021914 0.050500 0.034770 0.050378 0.134393 0.650673 0.095988 0.650799 0.095971 0.647350 0.134375 0.647089 0.572748 0.895058 0.574204 0.882285 0.621250 0.892395 0.617330 0.904639 0.980293 0.941646 0.967484 0.942743 0.968100 0.894627 0.980877 0.896051 0.656351 0.907570 0.651249 0.919370 0.021381 0.591704 0.034238 0.591704 0.034238 0.605077 0.021381 0.605077 0.355451 0.018861 0.353063 0.006229 0.400994 0.001969 0.400871 0.014824 0.966364 0.400006 0.978713 0.403580 0.834635 0.232673 0.810452 0.232673 0.810452 0.194433 0.834635 0.194433 0.446124 0.446461 0.433347 0.445037 0.441287 0.407630 0.453862 0.410299 0.026174 0.002569 0.038807 0.004957 0.988616 0.986480 0.976266 0.990054 0.675847 0.921358 0.670746 0.909557 0.705847 0.894383 0.709767 0.906627 0.721723 0.968794 0.724231 0.956185 0.770279 0.970154 0.765359 0.982031 0.674652 0.899668 0.668767 0.888239 0.713501 0.870508 0.717043 0.882866 
						0.096835 0.477390 0.098259 0.464613 0.135666 0.472553 0.132997 0.485129 0.556058 0.568828 0.580241 0.568828 0.580241 0.607068 0.556058 0.607068 0.978713 0.530171 0.966137 0.532841 0.963398 0.563859 0.951521 0.568779 0.937552 0.522731 0.950161 0.520223 0.864720 0.644051 0.852362 0.640509 0.870093 0.595775 0.881522 0.601660 0.443624 0.875787 0.438523 0.863987 0.473624 0.848812 0.477544 0.861056 0.387841 0.876806 0.391761 0.864562 0.426862 0.879736 0.421760 0.891536 0.676343 0.964325 0.676343 0.951469 0.760834 0.861845 0.761898 0.874657 0.156097 0.783789 0.156097 0.759606 0.194338 0.759606 0.194338 0.783789 0.980877 0.579744 0.968100 0.578321 0.976040 0.540913 0.988616 0.543583 0.443814 0.896877 0.438712 0.885077 0.473813 0.869903 0.477733 0.882146 0.932836 0.474843 0.945692 0.474843 0.856511 0.688906 0.843699 0.687842 0.047267 0.018861 0.045885 0.006080 0.083904 0.001969 0.084027 0.014824 0.976040 0.857220 0.988616 0.859889 0.658287 0.095920 0.660433 0.095897 0.661062 0.134264 0.658812 0.134302 0.322401 0.753034 0.322400 0.734589 0.643382 0.392699 0.641227 0.392493 0.641098 0.344913 0.643255 0.344902 0.274280 0.753034 0.274280 0.734589 
						0.897982 0.001953 0.897982 0.050073 0.879537 0.050073 0.879537 0.001953 0.196136 0.650472 0.155004 0.650632 0.154985 0.646927 0.196117 0.646673 0.897982 0.098193 0.879537 0.098193 0.640681 0.296861 0.642876 0.296842 0.897982 0.146313 0.879537 0.146313 0.641971 0.049078 0.639866 0.049088 0.639528 0.002637 0.641630 0.002414 0.897982 0.194433 0.879537 0.194433 0.393089 0.649353 0.344871 0.649571 0.344854 0.646093 0.393072 0.645830 0.648247 0.049045 0.647990 0.001970 0.651429 0.001953 0.651642 0.049028 0.837082 0.791138 0.824839 0.795058 0.814728 0.748012 0.827501 0.746556 0.897982 0.232673 0.879537 0.232673 0.483657 0.606252 0.485856 0.606248 0.486122 0.654696 0.483929 0.654925 0.897982 0.290577 0.897982 0.338697 0.879537 0.338697 0.879537 0.290577 0.642346 0.247547 0.640076 0.247572 0.639271 0.196187 0.641666 0.196174 0.194433 0.894041 0.146313 0.894041 0.146313 0.875596 0.194433 0.875596 0.743780 0.361482 0.745989 0.361698 0.746022 0.410468 0.743812 0.410475 0.098193 0.894041 0.098193 0.875596 0.473571 0.606282 0.473407 0.567235 0.477020 0.567223 0.477114 0.606270 0.050073 0.894041 0.050073 0.875596 0.134302 0.640442 0.134264 0.638192 
						0.154871 0.637728 0.154909 0.640057 0.001953 0.894041 0.001953 0.875596 0.746351 0.459721 0.744101 0.459736 0.492711 0.655188 0.492711 0.607068 0.511156 0.607068 0.511156 0.655188 0.296797 0.649837 0.296779 0.646306 0.737100 0.361069 0.737223 0.410493 0.733658 0.410503 0.733488 0.361080 0.897982 0.252337 0.879537 0.252337 0.492711 0.568828 0.511156 0.568828 0.737788 0.619164 0.737867 0.656500 0.734480 0.656510 0.734333 0.619174 0.492711 0.510924 0.492711 0.462804 0.511156 0.462804 0.511156 0.510924 0.483805 0.546597 0.486122 0.546589 0.485993 0.567228 0.483723 0.567222 0.492711 0.414684 0.511156 0.414684 0.746870 0.510246 0.744538 0.510252 0.386817 0.847136 0.338697 0.847136 0.338697 0.828692 0.386817 0.828692 0.737682 0.560594 0.737764 0.599435 0.734242 0.599445 0.734090 0.560605 0.290577 0.847136 0.290577 0.828692 0.727924 0.619215 0.725754 0.619236 0.725499 0.599509 0.727712 0.599488 0.242457 0.847136 0.242457 0.828692 0.639421 0.154983 0.641751 0.154997 0.194338 0.847136 0.194338 0.828692 0.196072 0.637162 0.196083 0.639557 0.737396 0.459769 0.733778 0.459780 0.492711 0.549164 0.511156 0.549164 0.156097 0.847136 0.156097 0.828692 
						0.476977 0.546619 0.473319 0.546631 0.050073 0.847136 0.050073 0.828692 0.648581 0.134393 0.648455 0.095988 0.651903 0.095971 0.652165 0.134375 0.001953 0.847136 0.001953 0.828692 0.744197 0.619166 0.746367 0.619173 0.746226 0.656481 0.744123 0.656485 0.659145 0.753034 0.611025 0.753034 0.611025 0.734589 0.659145 0.734589 0.746571 0.560592 0.744335 0.560588 0.562905 0.753034 0.562905 0.734589 0.648781 0.196136 0.648622 0.155004 0.652326 0.154985 0.652581 0.196117 0.514785 0.753034 0.514785 0.734589 0.746508 0.599446 0.744295 0.599438 0.466665 0.753034 0.466665 0.734589 0.247493 0.650142 0.247474 0.646491 0.370520 0.689687 0.370520 0.665504 0.408761 0.665504 0.408761 0.689687 0.001953 0.592448 0.014809 0.592448 0.014809 0.605821 0.001953 0.605821 0.428425 0.689687 0.428425 0.665504 0.466665 0.665504 0.466665 0.689687 0.024541 0.426039 0.024541 0.413182 0.034452 0.413182 0.034452 0.426039 0.322401 0.689686 0.322401 0.665504 0.545520 0.915350 0.545642 0.902495 0.583661 0.906605 0.582279 0.919387 0.274281 0.689686 0.274281 0.665504 0.527154 0.894359 0.526090 0.881547 0.834635 0.050073 0.810452 0.050073 0.810452 0.001953 0.834635 0.001953 
						0.022407 0.406610 0.022407 0.393754 0.032318 0.393754 0.032318 0.406610 0.834635 0.098193 0.810452 0.098193 0.973378 0.132997 0.960802 0.135666 0.952862 0.098259 0.965639 0.096835 0.834635 0.146313 0.810452 0.146313 0.813990 0.699898 0.826802 0.700962 0.891548 0.629035 0.879305 0.625115 0.894479 0.590014 0.906279 0.595115 0.482299 0.902568 0.478756 0.890210 0.988616 0.308592 0.976040 0.311261 0.968100 0.273854 0.980877 0.272431 0.822653 0.652564 0.835011 0.656107 0.834635 0.338697 0.810452 0.338697 0.810452 0.290577 0.834635 0.290577 0.520859 0.859792 0.522315 0.872565 0.553629 0.951164 0.553629 0.926982 0.601749 0.926982 0.601749 0.951164 0.993245 0.132997 0.980669 0.135666 0.972729 0.098259 0.985506 0.096835 0.505510 0.951164 0.505510 0.926982 0.439908 0.919370 0.434022 0.907941 0.457390 0.951164 0.457390 0.926982 0.343259 0.867225 0.344715 0.854451 0.409270 0.951164 0.409270 0.926982 0.889297 0.385325 0.877054 0.381405 0.892228 0.346304 0.904028 0.351405 0.580241 0.655188 0.556058 0.655188 0.810452 0.252337 0.834635 0.252337 0.840384 0.607830 0.851813 0.613715 0.001953 0.552557 0.014809 0.552557 0.014809 0.565930 0.001953 0.565930 
						0.568973 0.859054 0.567909 0.871866 0.984922 0.051239 0.972113 0.050143 0.980896 0.002832 0.993245 0.006406 0.556058 0.462804 0.580241 0.462804 0.580241 0.510924 0.556058 0.510924 0.297665 0.866525 0.296601 0.853713 0.556058 0.414684 0.580241 0.414684 0.453862 0.536890 0.441513 0.540465 0.432730 0.493153 0.445540 0.492057 0.338697 0.783789 0.338697 0.759606 0.386817 0.759607 0.386817 0.783789 0.034238 0.585131 0.021381 0.585131 0.021381 0.571758 0.034238 0.571758 0.290577 0.783789 0.290577 0.759606 0.616307 0.867717 0.612764 0.880075 0.242457 0.783789 0.242458 0.759606 0.001953 0.149561 0.001953 0.136705 0.011864 0.136705 0.011864 0.149561 0.580241 0.549164 0.556058 0.549164 0.252810 0.874734 0.249267 0.862376 0.061370 0.037121 0.061370 0.024265 0.071281 0.024265 0.071281 0.037121 0.050073 0.783789 0.050073 0.759606 0.098193 0.759606 0.098193 0.783789 0.661041 0.885448 0.655155 0.896877 0.001953 0.783789 0.001953 0.759606 0.210419 0.891536 0.204533 0.880107 0.611025 0.689687 0.611025 0.665504 0.659145 0.665504 0.659145 0.689687 0.611211 0.995486 0.607637 0.983136 0.654949 0.974354 0.656045 0.987163 0.562905 0.689687 0.562905 0.665504 
						0.858886 0.984842 0.859982 0.972033 0.907294 0.980816 0.903719 0.993165 0.514785 0.689687 0.514785 0.665504 0.703065 0.974970 0.701641 0.987747 0.879716 0.429907 0.866943 0.428450 0.136433 0.759606 0.136433 0.783789 0.408761 0.715811 0.428425 0.715811 0.428425 0.729184 0.408761 0.729184 0.874133 0.232673 0.874133 0.252337 0.860759 0.252337 0.860759 0.232673 0.516560 0.568828 0.516560 0.549164 0.529934 0.549164 0.529934 0.568828 0.156097 0.823287 0.136433 0.823287 0.136433 0.809914 0.156097 0.809914 0.428425 0.753034 0.428425 0.734589 0.428425 0.705002 0.408761 0.705002 0.408761 0.695091 0.428425 0.695091 0.730590 0.353681 0.724808 0.353057 0.725264 0.303886 0.731045 0.303909 0.730534 0.113494 0.724581 0.113509 0.724615 0.092570 0.730561 0.092597 0.136433 0.789194 0.156097 0.789194 0.156097 0.799104 0.136433 0.799104 0.646776 0.815559 0.646766 0.831490 0.598216 0.831349 0.598201 0.815454 0.626504 0.142898 0.632449 0.142886 0.632419 0.163777 0.626476 0.163757 0.550654 0.549164 0.550654 0.568828 0.540743 0.568828 0.540743 0.549164 0.742990 0.253777 0.742932 0.203611 0.785174 0.203578 0.785231 0.253714 0.840039 0.252337 0.840039 0.232673 
						0.849950 0.232673 0.849950 0.252337 0.256445 0.513183 0.256426 0.497218 0.305268 0.497259 0.305308 0.513296 0.322401 0.710407 0.322401 0.705002 0.370520 0.705002 0.370520 0.710406 0.370520 0.695091 0.322401 0.695091 0.274281 0.710407 0.274281 0.705002 0.274281 0.695091 0.855355 0.050073 0.849950 0.050073 0.849950 0.001953 0.855355 0.001953 0.840040 0.001953 0.840040 0.050073 0.855355 0.098193 0.849950 0.098193 0.840040 0.098193 0.855355 0.146313 0.849950 0.146313 0.840039 0.146313 0.855355 0.194433 0.849950 0.194433 0.840039 0.194433 0.855355 0.338697 0.849950 0.338697 0.849950 0.290577 0.855355 0.290577 0.840039 0.290577 0.840039 0.338697 0.933527 0.348848 0.938932 0.348848 0.938932 0.396968 0.933527 0.396968 0.601749 0.956569 0.553629 0.956569 0.933527 0.300728 0.938932 0.300728 0.505510 0.956569 0.933527 0.252608 0.938932 0.252608 0.457390 0.956569 0.933527 0.204487 0.938932 0.204487 0.409270 0.956569 0.535338 0.607068 0.540743 0.607068 0.540743 0.655188 0.535338 0.655188 0.550654 0.655188 0.550654 0.607068 0.535338 0.462804 0.540743 0.462804 0.540743 0.510924 0.535338 0.510924 0.550654 0.510924 0.550654 0.462804 0.535338 0.414684 
						0.540743 0.414684 0.550654 0.414684 0.652489 0.447781 0.647085 0.447781 0.647085 0.399662 0.652489 0.399662 0.386817 0.789194 0.338697 0.789194 0.652489 0.495901 0.647085 0.495901 0.290577 0.789194 0.652489 0.544021 0.647085 0.544021 0.242457 0.789194 0.652489 0.592141 0.647085 0.592141 0.194338 0.789194 0.050073 0.804509 0.050073 0.799104 0.098193 0.799104 0.098193 0.804509 0.098193 0.789194 0.050073 0.789194 0.001953 0.804509 0.001953 0.799104 0.001953 0.789194 0.611025 0.710407 0.611025 0.705002 0.659145 0.705002 0.659145 0.710407 0.659145 0.695091 0.611025 0.695091 0.562905 0.710406 0.562905 0.705002 0.562905 0.695091 0.514785 0.710407 0.514785 0.705002 0.514785 0.695091 0.466665 0.710407 0.466665 0.705002 0.466665 0.695091 0.408761 0.710406 0.428425 0.710406 0.855355 0.252337 0.855355 0.232673 0.535338 0.549164 0.535338 0.568828 0.136433 0.804509 0.156097 0.804509 0.652489 0.630381 0.647085 0.630381 0.370520 0.715811 0.322401 0.715811 0.322400 0.729185 0.370520 0.729185 0.274281 0.715811 0.274280 0.729185 0.860760 0.001953 0.860760 0.050073 0.874133 0.050073 0.874133 0.001953 0.860759 0.098193 0.874133 0.098193 0.860759 0.146313 
						0.874133 0.146313 0.860759 0.194433 0.874133 0.194433 0.860759 0.290577 0.860759 0.338697 0.874133 0.338697 0.874133 0.290577 0.928122 0.396968 0.928122 0.348848 0.146313 0.870192 0.194433 0.870192 0.928122 0.300728 0.098193 0.870192 0.928122 0.252608 0.050073 0.870192 0.928122 0.204487 0.001953 0.870192 0.529934 0.655188 0.529934 0.607068 0.516560 0.607068 0.516560 0.655188 0.529934 0.510924 0.529934 0.462804 0.516560 0.462804 0.516560 0.510924 0.529934 0.414684 0.516560 0.414684 0.657894 0.399662 0.657894 0.447781 0.338697 0.823287 0.386817 0.823287 0.657894 0.495901 0.290577 0.823287 0.657894 0.544021 0.242457 0.823287 0.657894 0.592141 0.194338 0.823287 0.098193 0.809914 0.050073 0.809914 0.050073 0.823287 0.098193 0.823287 0.001953 0.809914 0.001953 0.823287 0.659145 0.715811 0.611025 0.715811 0.611025 0.729184 0.659145 0.729184 0.562905 0.715811 0.562905 0.729184 0.514785 0.715811 0.514785 0.729184 0.466665 0.715811 0.466665 0.729184 0.657894 0.630381 0.084533 0.863619 0.038934 0.863619 0.038934 0.853709 0.084533 0.853709 0.130133 0.863619 0.130133 0.853709 0.175733 0.863619 0.175733 0.853709 0.221332 0.863619 0.221332 0.853709 
						0.801634 0.786956 0.801634 0.832555 0.791723 0.832555 0.791723 0.786956 0.801634 0.741356 0.791723 0.741356 0.015326 0.038934 0.001953 0.038934 0.001953 0.001953 0.015326 0.001953 0.911640 0.310485 0.911640 0.264885 0.921550 0.264885 0.921550 0.310485 0.911640 0.356084 0.921550 0.356084 0.911640 0.401684 0.921550 0.401684 0.911640 0.447283 0.921550 0.447283 0.292801 0.976895 0.338400 0.976895 0.338400 0.986806 0.292801 0.986806 0.247201 0.976895 0.247201 0.986806 0.768668 0.741356 0.755295 0.741356 0.755295 0.704376 0.768668 0.704376 0.089484 0.455781 0.043885 0.455781 0.043885 0.445870 0.089484 0.445870 0.138752 0.900613 0.184352 0.900613 0.184352 0.910524 0.138752 0.910524 0.093152 0.900613 0.093152 0.910524 0.047553 0.900613 0.047553 0.910524 0.001953 0.900613 0.001953 0.910524 0.893209 0.446942 0.893209 0.401343 0.903119 0.401343 0.903119 0.446942 0.906582 0.692507 0.893209 0.692507 0.893209 0.655526 0.906582 0.655526 0.913891 0.536436 0.913891 0.490836 0.923801 0.490836 0.923801 0.536436 0.913891 0.582035 0.923801 0.582035 0.913891 0.627635 0.923801 0.627635 0.913891 0.673234 0.923801 0.673234 0.775241 0.749975 0.775241 0.704376 
						0.785151 0.704376 0.785151 0.749975 0.775241 0.795575 0.785151 0.795575 0.775241 0.832555 0.785151 0.832555 0.977383 0.772283 0.990756 0.772283 0.990756 0.809263 0.977383 0.809263 0.904554 0.001953 0.917928 0.001953 0.917928 0.038934 0.904554 0.038934 0.977383 0.726683 0.990756 0.726683 0.977383 0.681083 0.990756 0.681083 0.438989 0.759606 0.438989 0.772980 0.393390 0.772980 0.393390 0.759606 0.484589 0.759606 0.484589 0.772980 0.530189 0.759606 0.530189 0.772980 0.575788 0.759606 0.575788 0.772980 0.913891 0.453856 0.923801 0.453856 0.612769 0.759606 0.612769 0.772980 0.893209 0.483923 0.903119 0.483923 0.906582 0.738107 0.893209 0.738107 0.914788 0.965457 0.914788 0.952084 0.960387 0.952084 0.960387 0.965457 0.869188 0.965457 0.869188 0.952084 0.823588 0.965457 0.823588 0.952084 0.777988 0.965457 0.777988 0.952084 0.982334 0.460046 0.995707 0.460046 0.995707 0.505645 0.982334 0.505645 0.006904 0.455781 0.006904 0.445870 0.982334 0.423065 0.995707 0.423065 0.210221 0.976895 0.210221 0.986806 0.768668 0.786956 0.755295 0.786956 0.768668 0.832555 0.755295 0.832555 0.208269 0.795766 0.208269 0.809139 0.162669 0.809139 0.162669 0.795766 
						0.253869 0.795766 0.253869 0.809139 0.299469 0.795766 0.299469 0.809140 0.345068 0.795766 0.345068 0.809139 0.911640 0.227904 0.921550 0.227904 0.382049 0.795766 0.382049 0.809140 0.801634 0.704376 0.791723 0.704376 0.015326 0.084533 0.001953 0.084533 0.015326 0.130133 0.001953 0.130133 0.904554 0.175732 0.917928 0.175732 0.917928 0.221332 0.904554 0.221332 0.904554 0.130133 0.917928 0.130133 0.904554 0.084533 0.917928 0.084533 0.001953 0.863619 0.001953 0.853709 0.001953 0.612393 0.014809 0.612393 0.014809 0.625767 0.001953 0.625767 0.630962 0.968794 0.628455 0.956185 0.808949 0.862583 0.807493 0.875357 0.439013 0.006080 0.437631 0.018861 0.740472 0.982910 0.737803 0.995486 0.937552 0.426955 0.950162 0.429463 0.857210 0.734501 0.844437 0.735957 0.851813 0.825058 0.840013 0.830159 0.777128 0.993165 0.774459 0.980589 0.811866 0.972649 0.813290 0.985426 0.587326 0.982031 0.582407 0.970154 0.014809 0.585876 0.001953 0.585876 0.001953 0.572502 0.014809 0.572502 0.855994 0.872694 0.852074 0.884938 0.676530 0.877091 0.671429 0.865291 0.706530 0.850116 0.710450 0.862360 0.951521 0.380907 0.963398 0.385827 0.866791 0.779082 0.854547 0.783002 
						0.385103 0.898723 0.389024 0.886479 0.424125 0.901653 0.419023 0.913454 0.131835 0.006229 0.129447 0.018861 0.014824 0.400871 0.001969 0.400994 0.006229 0.353063 0.018861 0.355451 0.477200 0.041395 0.464423 0.039971 0.472363 0.002564 0.484939 0.005233 0.500099 0.919387 0.497711 0.906754 0.267382 0.913560 0.264995 0.900928 0.312926 0.896668 0.312803 0.909523 0.968810 0.309176 0.956234 0.311845 0.948294 0.274438 0.961071 0.273014 0.980293 0.625340 0.967484 0.626436 0.666549 0.944789 0.661629 0.932911 0.707677 0.918943 0.710185 0.931552 0.947282 0.658784 0.934500 0.660166 0.930389 0.622147 0.943245 0.622024 0.952246 0.050143 0.965055 0.051239 0.528618 0.980744 0.531126 0.968135 0.577174 0.982104 0.572254 0.993981 0.906973 0.940034 0.907096 0.927178 0.945115 0.931289 0.943733 0.944071 0.988616 0.670174 0.976266 0.673748 0.021758 0.551813 0.034614 0.551813 0.034614 0.565186 0.021758 0.565186 0.755565 0.914226 0.755565 0.927082 0.350944 0.900779 0.349562 0.913560 0.961029 0.002832 0.973378 0.006406 0.483237 0.976275 0.483237 0.963419 0.018861 0.437631 0.006080 0.439013 0.612575 0.858985 0.616118 0.846627 0.660852 0.864357 0.654966 0.875787 
						0.021381 0.611649 0.034238 0.611649 0.034238 0.625022 0.021381 0.625022 0.803454 0.918943 0.800945 0.931552 0.881522 0.813002 0.869722 0.818104 0.906279 0.806457 0.894850 0.812342 0.877119 0.767608 0.889477 0.764065 0.437857 0.980744 0.435349 0.968135 0.891095 0.887868 0.885994 0.899668 0.567720 0.850776 0.568784 0.837964 0.849501 0.932911 0.844582 0.944789 0.868456 0.720275 0.881268 0.719211 0.394221 0.993981 0.389301 0.982104 0.522126 0.851475 0.520670 0.838702 0.861553 0.944071 0.859165 0.931438 0.869194 0.672160 0.881967 0.673616 0.934649 0.574216 0.947282 0.576604 0.947678 0.226322 0.960487 0.227418 0.476616 0.086991 0.463807 0.088087 0.051239 0.476806 0.050143 0.463997 0.050934 0.408166 0.050934 0.421022 0.041024 0.421022 0.041024 0.408166 0.956461 0.179011 0.968810 0.182585 0.967484 0.225738 0.980293 0.226835 0.053744 0.025773 0.053744 0.038629 0.043834 0.038629 0.043834 0.025773 0.484939 0.131824 0.472590 0.135399 0.006406 0.485129 0.002832 0.472780 0.207681 0.913454 0.201796 0.902024 0.246530 0.884293 0.250073 0.896652 0.976267 0.178427 0.988616 0.182001 0.845481 0.860289 0.849024 0.847931 0.893758 0.865662 0.887872 0.877091 
						0.844798 0.904556 0.848341 0.892197 0.893075 0.909928 0.887189 0.921358 0.293864 0.875630 0.294927 0.888442 0.904028 0.562747 0.892599 0.568633 0.874868 0.523898 0.887226 0.520356 0.800626 0.852080 0.801690 0.839268 0.799943 0.896346 0.801007 0.883534 0.341978 0.876368 0.340522 0.889142 0.866205 0.476565 0.879017 0.475501 0.755032 0.852779 0.753576 0.840006 0.754349 0.897046 0.752893 0.884272 0.042566 0.058058 0.042566 0.045201 0.052477 0.045201 0.052477 0.058058 0.054610 0.064630 0.054610 0.077486 0.044700 0.077486 0.044700 0.064630 0.770225 0.611443 0.770225 0.591779 0.803908 0.591779 0.803908 0.611443 0.624851 0.545829 0.624851 0.565492 0.591167 0.565492 0.591167 0.545829 0.684326 0.252337 0.684326 0.232673 0.718009 0.232673 0.718009 0.252337 0.702369 0.527870 0.702369 0.547534 0.668685 0.547534 0.668685 0.527870 0.153054 0.979640 0.102811 0.979589 0.102809 0.937281 0.153054 0.937248 0.155871 0.624741 0.155881 0.630569 0.105849 0.630585 0.105792 0.624805 0.052472 0.727089 0.001953 0.727158 0.002034 0.684534 0.052523 0.684757 0.206023 0.624673 0.206033 0.630505 0.296057 0.624891 0.296037 0.630834 0.256128 0.630453 0.256149 0.624618 
						0.155775 0.570393 0.205962 0.570319 0.206010 0.612572 0.155855 0.612652 0.572044 0.404831 0.572041 0.354263 0.614400 0.354151 0.614703 0.404683 0.356861 0.624704 0.356880 0.630538 0.316928 0.630865 0.316916 0.624919 0.626258 0.253791 0.632090 0.253781 0.632154 0.303933 0.626326 0.303943 0.406984 0.624793 0.406932 0.630577 0.743036 0.303975 0.785372 0.303880 0.742811 0.092622 0.742888 0.052637 0.785368 0.052722 0.785317 0.092677 0.456817 0.625527 0.456159 0.631313 0.614242 0.142896 0.614220 0.163742 0.571759 0.163728 0.571766 0.142854 0.626390 0.354023 0.632170 0.353965 0.632898 0.403128 0.627120 0.403784 0.626378 0.052830 0.632162 0.052882 0.632123 0.102934 0.626289 0.102953 0.142544 0.684763 0.163364 0.684745 0.163391 0.727192 0.142547 0.727187 0.571843 0.203642 0.614141 0.203625 0.253899 0.727190 0.203310 0.727135 0.203256 0.684725 0.253816 0.684510 0.627112 0.002998 0.632898 0.003655 0.105551 0.570457 0.105663 0.612815 0.316960 0.570182 0.356901 0.570295 0.356828 0.612651 0.316918 0.612658 0.626203 0.203666 0.632038 0.203686 0.797355 0.303757 0.803132 0.303702 0.803837 0.352837 0.798062 0.353490 0.797315 0.253703 0.803140 0.253696 
						0.571904 0.253853 0.614157 0.253804 0.142535 0.672518 0.142516 0.666580 0.163389 0.666595 0.163370 0.672525 0.797272 0.203570 0.803102 0.203563 0.559484 0.163734 0.553531 0.163754 0.553538 0.142815 0.559493 0.142836 0.296080 0.557899 0.296060 0.551946 0.316999 0.551953 0.316978 0.557909 0.296072 0.612635 0.296086 0.570174 0.163414 0.739429 0.163443 0.745367 0.142530 0.745388 0.142544 0.739442 0.559793 0.253872 0.553955 0.253883 0.553929 0.203726 0.559771 0.203696 0.559879 0.304074 0.554045 0.304094 0.560043 0.354202 0.554259 0.354181 0.407216 0.570366 0.407109 0.612794 0.407146 0.558360 0.407117 0.552569 0.456404 0.552114 0.457029 0.557910 0.256118 0.558186 0.256089 0.552345 0.357010 0.552388 0.356974 0.558229 0.256172 0.570258 0.256189 0.612556 0.205942 0.558209 0.205931 0.552370 0.155740 0.558294 0.155720 0.552461 0.105613 0.558459 0.105633 0.552674 0.102675 0.727106 0.102698 0.684828 0.052555 0.739068 0.052591 0.744845 0.003429 0.745358 0.002798 0.739578 0.102583 0.744980 0.102614 0.739150 0.203274 0.739084 0.203268 0.744866 0.253049 0.739609 0.252418 0.745388 0.052682 0.991641 0.052729 0.997426 0.003525 0.998047 0.002882 0.992263 
						0.102814 0.991672 0.102818 0.997499 0.742871 0.001953 0.785627 0.002073 0.202784 0.992231 0.202144 0.998019 0.152920 0.997430 0.152957 0.991643 0.730812 0.153461 0.724970 0.153489 0.725124 0.052675 0.730917 0.052669 0.742884 0.153411 0.742808 0.113496 0.785278 0.113524 0.785180 0.153408 0.730825 0.203627 0.724988 0.203637 0.730897 0.253809 0.725067 0.253827 0.571880 0.102913 0.571951 0.052599 0.614379 0.052705 0.614236 0.102987 0.559944 0.052668 0.554154 0.052698 0.553699 0.003410 0.559495 0.002785 0.553973 0.102804 0.559814 0.102840 0.056686 0.631313 0.056031 0.625535 0.002916 0.672125 0.003563 0.666352 0.052673 0.667012 0.052630 0.672784 0.571948 0.001953 0.614674 0.002095 0.102620 0.666972 0.102648 0.672795 0.571977 0.304039 0.614236 0.303959 0.559609 0.404005 0.553822 0.403383 0.203188 0.672783 0.203164 0.667006 0.252280 0.666334 0.252928 0.672107 0.052576 0.979640 0.052551 0.937245 0.002714 0.924687 0.003319 0.918878 0.052673 0.919428 0.052639 0.925224 0.102806 0.919363 0.102809 0.925193 0.055810 0.558024 0.056431 0.552237 0.152912 0.919457 0.152956 0.925244 0.202129 0.918878 0.202768 0.924664 0.798054 0.002974 0.803837 0.003630 
						0.803115 0.052825 0.797328 0.052799 0.457861 0.570363 0.457719 0.613089 0.054984 0.570459 0.055131 0.613118 0.803493 0.092663 0.797556 0.092679 0.002009 0.979835 0.001953 0.937146 0.797243 0.153453 0.803078 0.153476 0.724639 0.003424 0.730430 0.002796 0.797533 0.113537 0.803476 0.113557 0.203648 0.979792 0.203630 0.937096 0.743018 0.354511 0.785652 0.354383 0.567986 0.052620 0.567900 0.102891 0.563991 0.052644 0.563887 0.102866 0.567797 0.002060 0.563646 0.002364 0.739076 0.303953 0.738875 0.354405 0.735086 0.303931 0.734732 0.354102 0.738998 0.253787 0.734974 0.253797 0.738935 0.203616 0.734907 0.203621 0.738902 0.153425 0.734887 0.153442 0.738723 0.002064 0.738938 0.052649 0.734576 0.002371 0.734955 0.052660 0.153023 0.983605 0.203530 0.983939 0.152990 0.987598 0.203216 0.988086 0.102812 0.983579 0.102813 0.987599 0.052610 0.983604 0.052645 0.987597 0.002130 0.983978 0.002447 0.988121 0.203296 0.731078 0.253785 0.731331 0.203284 0.735053 0.253476 0.735470 0.052498 0.731045 0.102657 0.731079 0.052526 0.735031 0.102637 0.735085 0.002065 0.731298 0.002373 0.735438 0.105571 0.566494 0.055089 0.566314 0.105592 0.562502 0.055390 0.562169 
						0.155764 0.566398 0.155752 0.562373 0.205956 0.566321 0.205949 0.562292 0.256157 0.566276 0.256138 0.562261 0.407194 0.566401 0.356924 0.566315 0.407171 0.562406 0.356948 0.562302 0.457754 0.566212 0.457451 0.562061 0.568079 0.354243 0.567898 0.404726 0.564087 0.354222 0.563753 0.404424 0.567983 0.304050 0.563958 0.304062 0.567905 0.253858 0.563876 0.253865 0.567861 0.203658 0.563846 0.203676 0.567713 0.142848 0.567705 0.163729 0.563630 0.142842 0.563621 0.163731 0.738766 0.092615 0.738754 0.113495 0.734690 0.092607 0.734671 0.113493 0.142546 0.731234 0.163397 0.731233 0.142546 0.735312 0.163404 0.735305 0.316967 0.566129 0.296085 0.566120 0.316972 0.562045 0.296083 0.562036 0.789326 0.113528 0.789359 0.092679 0.793403 0.113533 0.793431 0.092680 0.163366 0.680709 0.142541 0.680718 0.163367 0.676643 0.142538 0.676644 0.296067 0.616684 0.316917 0.616708 0.296062 0.620761 0.316916 0.620787 0.618268 0.163747 0.618292 0.142897 0.622346 0.163752 0.622372 0.142898 0.622132 0.203650 0.618120 0.203637 0.622178 0.253796 0.622250 0.303949 0.618153 0.253800 0.618228 0.303954 0.622350 0.354067 0.618361 0.354110 0.622982 0.404228 0.618843 0.404553 
						0.457262 0.621382 0.407026 0.620750 0.457589 0.617237 0.407068 0.616757 0.356848 0.620636 0.356836 0.616627 0.256164 0.620547 0.256178 0.616535 0.206018 0.620594 0.206014 0.616568 0.155865 0.620666 0.155860 0.616644 0.105748 0.620765 0.105704 0.616776 0.055587 0.621397 0.055261 0.617258 0.002478 0.676260 0.052594 0.676818 0.002158 0.680396 0.052558 0.680802 0.102667 0.676857 0.102684 0.680859 0.203209 0.676812 0.203232 0.680784 0.253367 0.676240 0.253689 0.680375 0.002315 0.928844 0.052609 0.929275 0.002036 0.932998 0.052579 0.933275 0.102809 0.929269 0.102809 0.933290 0.152990 0.929289 0.153023 0.933283 0.203199 0.928807 0.203513 0.932952 0.793913 0.002530 0.793294 0.052775 0.789771 0.002204 0.789316 0.052750 0.793171 0.153436 0.789159 0.153421 0.793193 0.203573 0.789168 0.203576 0.793241 0.253707 0.789221 0.253711 0.793317 0.303800 0.789330 0.303841 0.793926 0.353932 0.789790 0.354255 0.622967 0.002553 0.622334 0.052788 0.618821 0.002226 0.618342 0.052746 0.622221 0.102967 0.618212 0.102978 0.718030 0.527870 0.718030 0.547534 0.668664 0.252337 0.668664 0.232673 0.640512 0.545829 0.640512 0.565492 0.754563 0.611443 0.754563 0.591779 
						0.668685 0.585774 0.702369 0.585774 0.668685 0.682014 0.668685 0.633894 0.702369 0.633894 0.702369 0.682014 0.668685 0.730134 0.702369 0.730134 0.668685 0.778254 0.702369 0.778254 0.718009 0.338697 0.718009 0.386818 0.684326 0.386817 0.684326 0.338698 0.718009 0.290578 0.684326 0.290578 0.718009 0.194433 0.684326 0.194433 0.718009 0.146313 0.684326 0.146313 0.718009 0.098193 0.684326 0.098193 0.718009 0.050073 0.684326 0.050073 0.718009 0.001953 0.684326 0.001953 0.591167 0.459468 0.591167 0.411348 0.624851 0.411348 0.624851 0.459468 0.591167 0.507588 0.624851 0.507588 0.591167 0.603733 0.624851 0.603733 0.591167 0.651853 0.624851 0.651853 0.354578 0.920978 0.402698 0.920978 0.402698 0.954661 0.354578 0.954661 0.306458 0.920978 0.306458 0.954661 0.258338 0.920978 0.258338 0.954661 0.210218 0.920978 0.210218 0.954661 0.803908 0.649683 0.803908 0.697803 0.770225 0.697803 0.770225 0.649683 0.803908 0.553539 0.770225 0.553539 0.803908 0.505419 0.770225 0.505419 0.803908 0.457299 0.770225 0.457299 0.803908 0.409179 0.770225 0.409179 0.803908 0.361059 0.770225 0.361059 0.668685 0.441510 0.668685 0.393390 0.702369 0.393390 0.702369 0.441510 
						0.668685 0.489630 0.702369 0.489630 0.725201 0.560656 0.727437 0.560639 0.746468 0.702805 0.744371 0.703022 0.943550 0.002378 0.945743 0.002597 0.945668 0.051020 0.943473 0.051022 0.049045 0.651006 0.049028 0.647611 0.718030 0.585774 0.718030 0.633894 0.718030 0.682014 0.718030 0.730134 0.718030 0.778254 0.668664 0.386817 0.668664 0.338698 0.668664 0.290578 0.668664 0.194433 0.668664 0.146313 0.668664 0.098193 0.668664 0.050073 0.668664 0.001953 0.640512 0.411348 0.640512 0.459468 0.640512 0.507588 0.640512 0.603733 0.640512 0.651853 0.402698 0.970323 0.354578 0.970323 0.306458 0.970323 0.258338 0.970323 0.210218 0.970323 0.754563 0.697803 0.754563 0.649683 0.754563 0.553539 0.754563 0.505419 0.754563 0.457299 0.754563 0.409179 0.754563 0.361059 0.718030 0.393390 0.718030 0.441510 0.718030 0.489630 0.659528 0.247461 0.661798 0.247463 0.661684 0.296755 0.659489 0.296758 0.642071 0.096002 0.639925 0.096001 0.657918 0.048997 0.660024 0.048986 0.657793 0.002334 0.659898 0.002535 0.727069 0.410525 0.724859 0.410532 0.724603 0.361762 0.726810 0.361533 0.737593 0.510272 0.733880 0.510283 0.726935 0.510306 0.724603 0.510314 0.724823 0.459786 
						0.727073 0.459787 0.728223 0.656533 0.726121 0.656542 0.728252 0.703070 0.726154 0.702865 0.926849 0.051035 0.924654 0.051036 0.924509 0.002613 0.926701 0.002390 0.926746 0.099941 0.924509 0.099943 0.473708 0.655388 0.477296 0.655376 0.926844 0.197490 0.924651 0.197271 0.924726 0.148849 0.926921 0.148847 0.483351 0.507165 0.485557 0.507146 0.473246 0.507217 0.476789 0.507205 0.483056 0.458940 0.485220 0.458932 0.483011 0.410980 0.485173 0.411191 0.344820 0.639664 0.344809 0.637508 0.392389 0.637162 0.392617 0.639315 0.247461 0.639726 0.247463 0.637456 0.296755 0.637569 0.296758 0.639764 0.095920 0.640967 0.095897 0.638821 0.048997 0.641335 0.048987 0.639230 0.002334 0.641460 0.002535 0.639355 0.659589 0.344819 0.661746 0.344808 0.662091 0.392389 0.659938 0.392617 0.649111 0.247493 0.652762 0.247474 0.466491 0.546654 0.464174 0.546661 0.464479 0.507216 0.466685 0.507220 0.134387 0.657320 0.134372 0.659571 0.096001 0.659329 0.096002 0.657183 0.639683 0.134372 0.641933 0.134387 0.473116 0.458971 0.472936 0.410589 0.476471 0.410578 0.476606 0.458959 0.049078 0.657282 0.049088 0.659387 0.002637 0.659725 0.002415 0.657623 0.661526 0.154871 
						0.659197 0.154909 0.196174 0.657588 0.196188 0.659983 0.154983 0.659832 0.154997 0.657503 0.247547 0.656907 0.247572 0.659177 0.937003 0.148840 0.937062 0.197913 0.933476 0.197915 0.933463 0.148843 0.296842 0.656378 0.296861 0.658572 0.649417 0.296797 0.652948 0.296779 0.344902 0.655999 0.344913 0.658156 0.392700 0.655872 0.392493 0.658027 0.936986 0.099933 0.933409 0.099935 0.662091 0.196072 0.659697 0.196083 0.466666 0.458994 0.464502 0.459001 0.464238 0.411259 0.466399 0.411034 0.936931 0.051025 0.933392 0.051028 0.649683 0.344871 0.653161 0.344853 0.467028 0.606307 0.464828 0.606317 0.464434 0.567299 0.466704 0.567278 0.467071 0.654979 0.464877 0.654766 0.936918 0.001953 0.933333 0.001956 0.649901 0.393089 0.653424 0.393072 0.943545 0.148834 0.945740 0.148832 0.945886 0.197255 0.943693 0.197478 0.738028 0.703452 0.734598 0.703462 0.001970 0.651263 0.001953 0.647823 0.943649 0.099928 0.945886 0.099926 0.655006 0.247467 0.654938 0.196105 0.657258 0.247463 0.657307 0.196094 0.655117 0.296771 0.657295 0.296763 0.655293 0.344842 0.657433 0.344831 0.655596 0.393004 0.657767 0.392838 0.049018 0.645530 0.001999 0.645702 0.049008 0.643440 
						0.002139 0.643581 0.095956 0.645235 0.095939 0.643109 0.247468 0.644248 0.196105 0.644315 0.247463 0.641995 0.196094 0.641946 0.296771 0.644137 0.296764 0.641959 0.344842 0.643961 0.344831 0.641821 0.393004 0.643658 0.392839 0.641486 0.478745 0.458953 0.478651 0.410628 0.480892 0.458946 0.480831 0.410776 0.478964 0.507194 0.481148 0.507181 0.479507 0.655311 0.479282 0.606264 0.481719 0.655146 0.481460 0.606258 0.931294 0.148844 0.931265 0.197859 0.929115 0.148845 0.929054 0.197703 0.931199 0.099937 0.928981 0.099939 0.931222 0.051030 0.929044 0.051032 0.931122 0.002016 0.928911 0.002174 0.732406 0.656517 0.732483 0.703413 0.730324 0.656524 0.730367 0.703269 0.731578 0.510290 0.731885 0.560614 0.729265 0.510298 0.729670 0.560626 0.731554 0.459783 0.729322 0.459786 0.731473 0.410511 0.729279 0.410518 0.731262 0.361145 0.729036 0.361310 0.653723 0.049018 0.653551 0.001998 0.655813 0.049008 0.655672 0.002139 0.654019 0.095956 0.656144 0.095939 0.656584 0.134332 0.656892 0.154941 0.654370 0.134356 0.654605 0.154966 0.134332 0.642670 0.154941 0.642361 0.134356 0.644883 0.154966 0.644649 0.481514 0.546604 0.481475 0.567219 0.479241 0.546611 
						0.479243 0.567220 0.730072 0.619198 0.729902 0.599471 0.732207 0.619185 0.732076 0.599456 0.742105 0.599434 0.742048 0.619162 0.739930 0.599433 0.739914 0.619162 0.468951 0.567260 0.468782 0.546646 0.471184 0.567246 0.471055 0.546638 0.155005 0.655198 0.134395 0.655092 0.155007 0.652910 0.134396 0.652878 0.644055 0.155005 0.644162 0.134395 0.646343 0.155007 0.646375 0.134396 0.646424 0.196148 0.644055 0.196161 0.646868 0.247508 0.647248 0.296810 0.644616 0.247526 0.645070 0.296825 0.647551 0.344881 0.645411 0.344891 0.647728 0.393043 0.645555 0.392899 0.002037 0.653384 0.049055 0.653087 0.002198 0.655504 0.049067 0.655177 0.095995 0.652914 0.095999 0.655040 0.196148 0.652830 0.196161 0.655199 0.247508 0.652385 0.247526 0.654638 0.296810 0.652005 0.296825 0.654184 0.344881 0.651702 0.344891 0.653843 0.393043 0.651526 0.392900 0.653699 0.470756 0.410654 0.470977 0.458978 0.468577 0.410816 0.468830 0.458986 0.471072 0.507220 0.468887 0.507221 0.471403 0.606289 0.469224 0.606298 0.471496 0.655337 0.469283 0.655187 0.939272 0.197853 0.939172 0.148838 0.941483 0.197694 0.941350 0.148836 0.939195 0.099931 0.941413 0.099929 0.939100 0.051024 
						0.941279 0.051023 0.939129 0.002010 0.941340 0.002165 0.740143 0.703390 0.739940 0.656494 0.742257 0.703234 0.742023 0.656489 0.739886 0.560590 0.742101 0.560588 0.739895 0.510265 0.742208 0.510259 0.739619 0.459759 0.741852 0.459749 0.739408 0.410487 0.741602 0.410481 0.739326 0.361121 0.741553 0.361273 0.645869 0.002037 0.646166 0.049055 0.643750 0.002198 0.644076 0.049067 0.646339 0.095995 0.644214 0.095999 0.107033 0.526792 0.106949 0.543264 0.056571 0.543459 0.056169 0.526720 0.843404 0.506729 0.859906 0.506808 0.859372 0.546561 0.842831 0.546805 0.488782 0.815735 0.488718 0.832560 0.448061 0.832088 0.447806 0.815150 0.207400 0.513159 0.207535 0.497041 0.107042 0.513159 0.106930 0.496685 0.146985 0.495952 0.147097 0.512577 0.549458 0.831361 0.549299 0.815254 0.056191 0.513041 0.056571 0.496293 0.002875 0.510910 0.005441 0.493729 0.932236 0.731030 0.915976 0.731503 0.913321 0.681948 0.929942 0.679409 0.167863 0.512618 0.168018 0.496093 0.514592 0.055102 0.498199 0.055485 0.495881 0.005276 0.512732 0.002830 0.528461 0.242204 0.544981 0.242024 0.545068 0.263059 0.528442 0.262973 0.514422 0.104757 0.498385 0.104796 0.305285 0.526960 
						0.305288 0.543002 0.256446 0.542863 0.256424 0.526899 0.514167 0.353874 0.497419 0.353493 0.497811 0.303134 0.514285 0.303023 0.514310 0.153620 0.498344 0.153639 0.512037 0.407190 0.494855 0.404623 0.696075 0.802225 0.695721 0.785970 0.745478 0.783753 0.747875 0.800456 0.843474 0.486159 0.859843 0.485993 0.488807 0.801045 0.488763 0.784219 0.509932 0.784480 0.509731 0.801078 0.528086 0.104780 0.544128 0.104777 0.543989 0.153618 0.528025 0.153641 0.513703 0.262967 0.497078 0.263080 0.497219 0.242047 0.513744 0.242202 0.528091 0.055125 0.544495 0.055484 0.530133 0.002861 0.546976 0.005366 0.005346 0.545850 0.002842 0.528658 0.147092 0.527315 0.147005 0.543941 0.207389 0.526737 0.207551 0.542853 0.168040 0.543855 0.167860 0.527335 0.827493 0.599244 0.810619 0.596765 0.813015 0.546562 0.829560 0.546796 0.354940 0.526964 0.354580 0.543369 0.407204 0.529007 0.404699 0.545850 0.829692 0.397586 0.813483 0.397947 0.811267 0.348471 0.827875 0.346082 0.829560 0.446942 0.813504 0.446816 0.828974 0.486150 0.812601 0.485996 0.812466 0.506806 0.828968 0.506718 0.932286 0.780489 0.916224 0.780518 0.932135 0.829996 0.915822 0.829588 0.929872 0.881864 
						0.913168 0.879314 0.396459 0.834382 0.393974 0.817057 0.509894 0.832409 0.509710 0.815817 0.696035 0.815615 0.695663 0.831879 0.747823 0.817694 0.745326 0.834382 0.527846 0.353896 0.544585 0.353494 0.546976 0.404719 0.529784 0.407223 0.527918 0.303031 0.544390 0.303115 0.498167 0.202529 0.514286 0.202664 0.354580 0.497072 0.354963 0.513466 0.404789 0.494754 0.407235 0.511606 0.844996 0.346120 0.861592 0.348581 0.859169 0.397966 0.842954 0.397612 0.858919 0.446818 0.842864 0.446957 0.861592 0.596857 0.844706 0.599275 0.549501 0.785576 0.549329 0.801686 0.947087 0.678926 0.963912 0.681077 0.962054 0.731163 0.945685 0.730937 0.961893 0.780472 0.945787 0.780502 0.961894 0.829731 0.945563 0.830053 0.963912 0.879652 0.947148 0.881988 0.394021 0.799379 0.396600 0.782072 0.448102 0.784636 0.447827 0.801579 0.598252 0.785897 0.598240 0.801795 0.646804 0.786058 0.646816 0.801985 0.543979 0.202514 0.527863 0.202676 0.523324 0.202684 0.521075 0.202684 0.521167 0.153631 0.523440 0.153635 0.525584 0.202682 0.525724 0.153638 0.521254 0.104764 0.523519 0.104768 0.525793 0.104773 0.521341 0.055095 0.523579 0.055101 0.525827 0.055110 0.521433 0.001958 
						0.524342 0.002125 0.527243 0.002442 0.002116 0.522751 0.001958 0.519784 0.056162 0.519881 0.056160 0.522148 0.002427 0.525709 0.056162 0.524426 0.107046 0.519975 0.107044 0.522233 0.107039 0.524502 0.207380 0.522198 0.207381 0.519949 0.256433 0.520041 0.256430 0.522314 0.207383 0.524458 0.256427 0.524598 0.305301 0.520128 0.305297 0.522392 0.305291 0.524667 0.354970 0.520215 0.354964 0.522453 0.354955 0.524701 0.408106 0.520306 0.407939 0.523216 0.407623 0.526117 0.833575 0.345412 0.836436 0.345274 0.836323 0.397584 0.834125 0.397581 0.830721 0.345696 0.831917 0.397581 0.836212 0.446961 0.834009 0.446957 0.831794 0.446951 0.833996 0.546799 0.836195 0.546801 0.836099 0.600082 0.833223 0.599933 0.831787 0.546798 0.830354 0.599638 0.935628 0.678692 0.938484 0.678530 0.938958 0.730968 0.936729 0.730985 0.932781 0.679000 0.934490 0.731005 0.939036 0.780496 0.936798 0.780494 0.934551 0.780491 0.938848 0.830041 0.936622 0.830030 0.934386 0.830015 0.938481 0.882771 0.935603 0.882601 0.932733 0.882283 0.393270 0.811172 0.393120 0.808217 0.447815 0.808364 0.447811 0.810613 0.393571 0.814119 0.447808 0.812872 0.549296 0.810718 0.549299 0.808471 
						0.598219 0.808625 0.598212 0.810889 0.549296 0.812977 0.598207 0.813162 0.646799 0.808772 0.646792 0.811022 0.646784 0.813281 0.696073 0.808920 0.696064 0.811140 0.696052 0.813369 0.748718 0.809076 0.748552 0.811958 0.748238 0.814831 0.523877 0.407949 0.520910 0.408107 0.521007 0.353902 0.523274 0.353904 0.526836 0.407638 0.525552 0.353903 0.521101 0.303018 0.523359 0.303021 0.525629 0.303025 0.525992 0.242194 0.525971 0.262986 0.523541 0.242188 0.523518 0.262994 0.521101 0.242185 0.521074 0.262995 0.167871 0.524866 0.147078 0.524845 0.167877 0.522415 0.147071 0.522391 0.167879 0.519974 0.147069 0.519948 0.831390 0.506733 0.831406 0.486142 0.833794 0.506743 0.833819 0.486139 0.836188 0.506747 0.836222 0.486139 0.509720 0.813343 0.488770 0.813272 0.509727 0.810889 0.488766 0.810827 0.509732 0.808445 0.488767 0.808392 0.516211 0.242192 0.516566 0.202674 0.518661 0.242187 0.518826 0.202680 0.509734 0.806002 0.488774 0.805956 0.509734 0.803549 0.488787 0.803510 0.838581 0.506747 0.838626 0.486142 0.840984 0.506741 0.841041 0.486148 0.167878 0.517535 0.147073 0.517504 0.167873 0.515085 0.147082 0.515050 0.516176 0.262983 0.518630 0.262992 
						0.516611 0.153624 0.518894 0.153628 0.516715 0.104758 0.518989 0.104760 0.516856 0.055095 0.519103 0.055093 0.515623 0.002421 0.518524 0.002115 0.002449 0.513858 0.056177 0.515335 0.002127 0.516817 0.056168 0.517613 0.107045 0.515448 0.107047 0.517717 0.207391 0.515439 0.207384 0.517700 0.840630 0.446961 0.838416 0.446962 0.256441 0.515485 0.256437 0.517768 0.305307 0.515588 0.305304 0.517863 0.354970 0.515729 0.354972 0.517977 0.407643 0.514497 0.407950 0.517397 0.842151 0.345722 0.840730 0.397599 0.839297 0.345424 0.838522 0.397590 0.840604 0.546805 0.838394 0.546803 0.447822 0.803856 0.447818 0.806115 0.841844 0.599659 0.838975 0.599943 0.944215 0.678677 0.943428 0.730943 0.941347 0.678530 0.941188 0.730954 0.943521 0.780500 0.941273 0.780498 0.943310 0.830054 0.941074 0.830049 0.944267 0.882367 0.941377 0.882644 0.393603 0.802316 0.393286 0.805262 0.549315 0.803964 0.549305 0.806223 0.598232 0.804087 0.598225 0.806361 0.646811 0.804262 0.646806 0.806522 0.696079 0.804471 0.696078 0.806700 0.748273 0.803320 0.748570 0.806194 0.514984 0.407616 0.516461 0.353888 0.517943 0.407937 0.518739 0.353897 0.516574 0.303020 0.518843 0.303018 
						0.246238 0.246238 0.130526 0.029756 0.174983 0.011341 0.090515 0.056490 0.056490 0.090515 0.029756 0.130526 0.011341 0.174983 0.011341 0.317493 0.001953 0.270298 0.029756 0.361950 0.056489 0.401960 0.090515 0.435986 0.130526 0.462720 0.174983 0.481135 0.317493 0.481135 0.270298 0.490523 0.361950 0.462720 0.401960 0.435986 0.435986 0.401961 0.462720 0.361950 0.481135 0.317493 0.481135 0.174983 0.490523 0.222178 0.462720 0.130526 0.435986 0.090516 0.401960 0.056490 0.361950 0.029756 0.317493 0.011341 0.260419 0.001953 0.279988 0.003881 0.490523 0.260419 0.488595 0.279988 0.232057 0.490523 0.212488 0.488595 0.001953 0.232057 0.003880 0.212488 0.222178 0.001953 
					</float_array>
					<technique_common>
						<accessor count="2277" offset="0" source="#meshId0-tex0-array" stride="2">
							<param name="S" type="float" />
							<param name="T" type="float" />
						</accessor>
					</technique_common>
				</source>
				<vertices id="meshId0-vertices">
					<input semantic="POSITION" source="#meshId0-positions" />
				</vertices>
				<polylist count="2916" material="defaultMaterial">
					<input offset="0" semantic="VERTEX" source="#meshId0-vertices" />
					<input offset="0" semantic="NORMAL" source="#meshId0-normals" />
					<input offset="0" semantic="TANGENT" source="#meshId0-tangents" />
					<input offset="0" semantic="BINORMAL" source="#meshId0-bitangents" />
					<input offset="0" semantic="TEXCOORD" source="#meshId0-tex0" set="0" />
					<vcount>
						3 3 3 3 3 3 3 3 3 3 3 3 3 3 3 3 3 3 3 3 3 3 3 3 3 3 3 3 3 3 3 3 3 3 3 3 3 3 3 3 3 3 3 3 3 3 3 3 3 3 3 3 3 3 3 3 3 3 3 3 3 3 3 3 
						3 3 3 3 3 3 3 3 3 3 3 3 3 3 3 3 3 3 3 3 3 3 3 3 3 3 3 3 3 3 3 3 3 3 3 3 3 3 3 3 3 3 3 3 3 3 3 3 3 3 3 3 3 3 3 3 3 3 3 3 3 3 3 3 
						3 3 3 3 3 3 3 3 3 3 3 3 3 3 3 3 3 3 3 3 3 3 3 3 3 3 3 3 3 3 3 3 3 3 3 3 3 3 3 3 3 3 3 3 3 3 3 3 3 3 3 3 3 3 3 3 3 3 3 3 3 3 3 3 
						3 3 3 3 3 3 3 3 3 3 3 3 3 3 3 3 3 3 3 3 3 3 3 3 3 3 3 3 3 3 3 3 3 3 3 3 3 3 3 3 3 3 3 3 3 3 3 3 3 3 3 3 3 3 3 3 3 3 3 3 3 3 3 3 
						3 3 3 3 3 3 3 3 3 3 3 3 3 3 3 3 3 3 3 3 3 3 3 3 3 3 3 3 3 3 3 3 3 3 3 3 3 3 3 3 3 3 3 3 3 3 3 3 3 3 3 3 3 3 3 3 3 3 3 3 3 3 3 3 
						3 3 3 3 3 3 3 3 3 3 3 3 3 3 3 3 3 3 3 3 3 3 3 3 3 3 3 3 3 3 3 3 3 3 3 3 3 3 3 3 3 3 3 3 3 3 3 3 3 3 3 3 3 3 3 3 3 3 3 3 3 3 3 3 
						3 3 3 3 3 3 3 3 3 3 3 3 3 3 3 3 3 3 3 3 3 3 3 3 3 3 3 3 3 3 3 3 3 3 3 3 3 3 3 3 3 3 3 3 3 3 3 3 3 3 3 3 3 3 3 3 3 3 3 3 3 3 3 3 
						3 3 3 3 3 3 3 3 3 3 3 3 3 3 3 3 3 3 3 3 3 3 3 3 3 3 3 3 3 3 3 3 3 3 3 3 3 3 3 3 3 3 3 3 3 3 3 3 3 3 3 3 3 3 3 3 3 3 3 3 3 3 3 3 
						3 3 3 3 3 3 3 3 3 3 3 3 3 3 3 3 3 3 3 3 3 3 3 3 3 3 3 3 3 3 3 3 3 3 3 3 3 3 3 3 3 3 3 3 3 3 3 3 3 3 3 3 3 3 3 3 3 3 3 3 3 3 3 3 
						3 3 3 3 3 3 3 3 3 3 3 3 3 3 3 3 3 3 3 3 3 3 3 3 3 3 3 3 3 3 3 3 3 3 3 3 3 3 3 3 3 3 3 3 3 3 3 3 3 3 3 3 3 3 3 3 3 3 3 3 3 3 3 3 
						3 3 3 3 3 3 3 3 3 3 3 3 3 3 3 3 3 3 3 3 3 3 3 3 3 3 3 3 3 3 3 3 3 3 3 3 3 3 3 3 3 3 3 3 3 3 3 3 3 3 3 3 3 3 3 3 3 3 3 3 3 3 3 3 
						3 3 3 3 3 3 3 3 3 3 3 3 3 3 3 3 3 3 3 3 3 3 3 3 3 3 3 3 3 3 3 3 3 3 3 3 3 3 3 3 3 3 3 3 3 3 3 3 3 3 3 3 3 3 3 3 3 3 3 3 3 3 3 3 
						3 3 3 3 3 3 3 3 3 3 3 3 3 3 3 3 3 3 3 3 3 3 3 3 3 3 3 3 3 3 3 3 3 3 3 3 3 3 3 3 3 3 3 3 3 3 3 3 3 3 3 3 3 3 3 3 3 3 3 3 3 3 3 3 
						3 3 3 3 3 3 3 3 3 3 3 3 3 3 3 3 3 3 3 3 3 3 3 3 3 3 3 3 3 3 3 3 3 3 3 3 3 3 3 3 3 3 3 3 3 3 3 3 3 3 3 3 3 3 3 3 3 3 3 3 3 3 3 3 
						3 3 3 3 3 3 3 3 3 3 3 3 3 3 3 3 3 3 3 3 3 3 3 3 3 3 3 3 3 3 3 3 3 3 3 3 3 3 3 3 3 3 3 3 3 3 3 3 3 3 3 3 3 3 3 3 3 3 3 3 3 3 3 3 
						3 3 3 3 3 3 3 3 3 3 3 3 3 3 3 3 3 3 3 3 3 3 3 3 3 3 3 3 3 3 3 3 3 3 3 3 3 3 3 3 3 3 3 3 3 3 3 3 3 3 3 3 3 3 3 3 3 3 3 3 3 3 3 3 
						3 3 3 3 3 3 3 3 3 3 3 3 3 3 3 3 3 3 3 3 3 3 3 3 3 3 3 3 3 3 3 3 3 3 3 3 3 3 3 3 3 3 3 3 3 3 3 3 3 3 3 3 3 3 3 3 3 3 3 3 3 3 3 3 
						3 3 3 3 3 3 3 3 3 3 3 3 3 3 3 3 3 3 3 3 3 3 3 3 3 3 3 3 3 3 3 3 3 3 3 3 3 3 3 3 3 3 3 3 3 3 3 3 3 3 3 3 3 3 3 3 3 3 3 3 3 3 3 3 
						3 3 3 3 3 3 3 3 3 3 3 3 3 3 3 3 3 3 3 3 3 3 3 3 3 3 3 3 3 3 3 3 3 3 3 3 3 3 3 3 3 3 3 3 3 3 3 3 3 3 3 3 3 3 3 3 3 3 3 3 3 3 3 3 
						3 3 3 3 3 3 3 3 3 3 3 3 3 3 3 3 3 3 3 3 3 3 3 3 3 3 3 3 3 3 3 3 3 3 3 3 3 3 3 3 3 3 3 3 3 3 3 3 3 3 3 3 3 3 3 3 3 3 3 3 3 3 3 3 
						3 3 3 3 3 3 3 3 3 3 3 3 3 3 3 3 3 3 3 3 3 3 3 3 3 3 3 3 3 3 3 3 3 3 3 3 3 3 3 3 3 3 3 3 3 3 3 3 3 3 3 3 3 3 3 3 3 3 3 3 3 3 3 3 
						3 3 3 3 3 3 3 3 3 3 3 3 3 3 3 3 3 3 3 3 3 3 3 3 3 3 3 3 3 3 3 3 3 3 3 3 3 3 3 3 3 3 3 3 3 3 3 3 3 3 3 3 3 3 3 3 3 3 3 3 3 3 3 3 
						3 3 3 3 3 3 3 3 3 3 3 3 3 3 3 3 3 3 3 3 3 3 3 3 3 3 3 3 3 3 3 3 3 3 3 3 3 3 3 3 3 3 3 3 3 3 3 3 3 3 3 3 3 3 3 3 3 3 3 3 3 3 3 3 
						3 3 3 3 3 3 3 3 3 3 3 3 3 3 3 3 3 3 3 3 3 3 3 3 3 3 3 3 3 3 3 3 3 3 3 3 3 3 3 3 3 3 3 3 3 3 3 3 3 3 3 3 3 3 3 3 3 3 3 3 3 3 3 3 
						3 3 3 3 3 3 3 3 3 3 3 3 3 3 3 3 3 3 3 3 3 3 3 3 3 3 3 3 3 3 3 3 3 3 3 3 3 3 3 3 3 3 3 3 3 3 3 3 3 3 3 3 3 3 3 3 3 3 3 3 3 3 3 3 
						3 3 3 3 3 3 3 3 3 3 3 3 3 3 3 3 3 3 3 3 3 3 3 3 3 3 3 3 3 3 3 3 3 3 3 3 3 3 3 3 3 3 3 3 3 3 3 3 3 3 3 3 3 3 3 3 3 3 3 3 3 3 3 3 
						3 3 3 3 3 3 3 3 3 3 3 3 3 3 3 3 3 3 3 3 3 3 3 3 3 3 3 3 3 3 3 3 3 3 3 3 3 3 3 3 3 3 3 3 3 3 3 3 3 3 3 3 3 3 3 3 3 3 3 3 3 3 3 3 
						3 3 3 3 3 3 3 3 3 3 3 3 3 3 3 3 3 3 3 3 3 3 3 3 3 3 3 3 3 3 3 3 3 3 3 3 3 3 3 3 3 3 3 3 3 3 3 3 3 3 3 3 3 3 3 3 3 3 3 3 3 3 3 3 
						3 3 3 3 3 3 3 3 3 3 3 3 3 3 3 3 3 3 3 3 3 3 3 3 3 3 3 3 3 3 3 3 3 3 3 3 3 3 3 3 3 3 3 3 3 3 3 3 3 3 3 3 3 3 3 3 3 3 3 3 3 3 3 3 
						3 3 3 3 3 3 3 3 3 3 3 3 3 3 3 3 3 3 3 3 3 3 3 3 3 3 3 3 3 3 3 3 3 3 3 3 3 3 3 3 3 3 3 3 3 3 3 3 3 3 3 3 3 3 3 3 3 3 3 3 3 3 3 3 
						3 3 3 3 3 3 3 3 3 3 3 3 3 3 3 3 3 3 3 3 3 3 3 3 3 3 3 3 3 3 3 3 3 3 3 3 3 3 3 3 3 3 3 3 3 3 3 3 3 3 3 3 3 3 3 3 3 3 3 3 3 3 3 3 
						3 3 3 3 3 3 3 3 3 3 3 3 3 3 3 3 3 3 3 3 3 3 3 3 3 3 3 3 3 3 3 3 3 3 3 3 3 3 3 3 3 3 3 3 3 3 3 3 3 3 3 3 3 3 3 3 3 3 3 3 3 3 3 3 
						3 3 3 3 3 3 3 3 3 3 3 3 3 3 3 3 3 3 3 3 3 3 3 3 3 3 3 3 3 3 3 3 3 3 3 3 3 3 3 3 3 3 3 3 3 3 3 3 3 3 3 3 3 3 3 3 3 3 3 3 3 3 3 3 
						3 3 3 3 3 3 3 3 3 3 3 3 3 3 3 3 3 3 3 3 3 3 3 3 3 3 3 3 3 3 3 3 3 3 3 3 3 3 3 3 3 3 3 3 3 3 3 3 3 3 3 3 3 3 3 3 3 3 3 3 3 3 3 3 
						3 3 3 3 3 3 3 3 3 3 3 3 3 3 3 3 3 3 3 3 3 3 3 3 3 3 3 3 3 3 3 3 3 3 3 3 3 3 3 3 3 3 3 3 3 3 3 3 3 3 3 3 3 3 3 3 3 3 3 3 3 3 3 3 
						3 3 3 3 3 3 3 3 3 3 3 3 3 3 3 3 3 3 3 3 3 3 3 3 3 3 3 3 3 3 3 3 3 3 3 3 3 3 3 3 3 3 3 3 3 3 3 3 3 3 3 3 3 3 3 3 3 3 3 3 3 3 3 3 
						3 3 3 3 3 3 3 3 3 3 3 3 3 3 3 3 3 3 3 3 3 3 3 3 3 3 3 3 3 3 3 3 3 3 3 3 3 3 3 3 3 3 3 3 3 3 3 3 3 3 3 3 3 3 3 3 3 3 3 3 3 3 3 3 
						3 3 3 3 3 3 3 3 3 3 3 3 3 3 3 3 3 3 3 3 3 3 3 3 3 3 3 3 3 3 3 3 3 3 3 3 3 3 3 3 3 3 3 3 3 3 3 3 3 3 3 3 3 3 3 3 3 3 3 3 3 3 3 3 
						3 3 3 3 3 3 3 3 3 3 3 3 3 3 3 3 3 3 3 3 3 3 3 3 3 3 3 3 3 3 3 3 3 3 3 3 3 3 3 3 3 3 3 3 3 3 3 3 3 3 3 3 3 3 3 3 3 3 3 3 3 3 3 3 
						3 3 3 3 3 3 3 3 3 3 3 3 3 3 3 3 3 3 3 3 3 3 3 3 3 3 3 3 3 3 3 3 3 3 3 3 3 3 3 3 3 3 3 3 3 3 3 3 3 3 3 3 3 3 3 3 3 3 3 3 3 3 3 3 
						3 3 3 3 3 3 3 3 3 3 3 3 3 3 3 3 3 3 3 3 3 3 3 3 3 3 3 3 3 3 3 3 3 3 3 3 3 3 3 3 3 3 3 3 3 3 3 3 3 3 3 3 3 3 3 3 3 3 3 3 3 3 3 3 
						3 3 3 3 3 3 3 3 3 3 3 3 3 3 3 3 3 3 3 3 3 3 3 3 3 3 3 3 3 3 3 3 3 3 3 3 3 3 3 3 3 3 3 3 3 3 3 3 3 3 3 3 3 3 3 3 3 3 3 3 3 3 3 3 
						3 3 3 3 3 3 3 3 3 3 3 3 3 3 3 3 3 3 3 3 3 3 3 3 3 3 3 3 3 3 3 3 3 3 3 3 3 3 3 3 3 3 3 3 3 3 3 3 3 3 3 3 3 3 3 3 3 3 3 3 3 3 3 3 
						3 3 3 3 3 3 3 3 3 3 3 3 3 3 3 3 3 3 3 3 3 3 3 3 3 3 3 3 3 3 3 3 3 3 3 3 3 3 3 3 3 3 3 3 3 3 3 3 3 3 3 3 3 3 3 3 3 3 3 3 3 3 3 3 
						3 3 3 3 3 3 3 3 3 3 3 3 3 3 3 3 3 3 3 3 3 3 3 3 3 3 3 3 3 3 3 3 3 3 3 3 3 3 3 3 3 3 3 3 3 3 3 3 3 3 3 3 3 3 3 3 3 3 3 3 3 3 3 3 
						3 3 3 3 3 3 3 3 3 3 3 3 3 3 3 3 3 3 3 3 3 3 3 3 3 3 3 3 3 3 3 3 3 3 3 3 
					</vcount>
					<p>
						0 1 2 2 3 0 4 5 6 6 7 4 8 9 10 10 11 8 12 13 14 14 15 12 16 17 18 18 19 16 20 21 22 22 23 20 24 25 26 26 27 24 23 22 28 28 29 23 30 31 32 32 33 30 34 35 36 36 37 34 7 6 38 38 39 7 40 41 42 42 43 40 44 45 46 46 47 44 15 14 48 48 49 15 50 51 25 25 24 50 52 53 54 54 55 52 56 57 58 58 59 56 60 61 62 62 63 60 64 65 66 66 67 64 68 69 70 70 71 68 72 73 5 5 4 72 74 75 76 76 77 74 78 79 80 80 81 78 82 83 84 84 85 82 86 87 88 88 89 86 90 91 57 57 56 90 63 62 92 92 93 63 94 95 96 96 97 94 98 99 100 100 101 98 102 103 104 104 105 102 77 76 106 106 107 77 108 109 79 79 78 108 
						110 111 112 112 113 110 27 26 114 114 115 27 116 117 118 118 119 116 9 120 121 121 10 9 122 123 124 124 125 122 120 126 127 127 121 120 128 129 130 130 131 128 132 133 134 134 135 132 129 136 137 137 130 129 125 124 138 138 139 125 136 140 141 141 137 136 142 143 144 144 145 142 140 146 147 147 141 140 148 149 150 150 151 148 152 153 154 154 155 152 156 157 158 158 159 156 146 160 161 161 147 146 162 163 164 164 165 162 166 167 168 168 169 166 170 171 172 172 173 170 174 175 176 176 177 174 178 179 180 180 181 178 175 182 183 183 176 175 184 185 186 186 187 184 182 188 189 189 183 182 190 191 192 192 193 190 188 194 195 195 189 188 181 180 196 196 197 181 198 199 200 200 201 198 149 202 203 203 150 149 204 205 206 206 207 204 208 166 169 169 209 208 
						199 210 211 211 200 199 212 213 214 214 215 212 216 217 218 218 219 216 220 221 222 222 223 220 217 224 225 225 218 217 197 196 226 226 227 197 228 229 230 230 231 228 232 233 234 234 235 232 229 236 237 237 230 229 238 239 240 240 241 238 236 242 243 243 237 236 173 172 244 244 245 173 242 246 247 247 243 242 193 192 248 248 249 193 205 250 251 251 206 205 252 216 219 219 253 252 246 254 255 255 247 246 256 186 185 185 257 256 1 258 259 259 2 1 260 261 262 262 263 260 258 264 265 265 259 258 266 267 268 268 269 266 270 271 272 272 273 270 227 226 274 274 275 227 271 276 277 277 272 271 278 279 280 280 281 278 276 282 283 283 277 276 275 274 284 284 285 275 282 286 287 287 283 282 202 288 289 289 203 202 290 291 292 292 293 290 294 295 296 296 297 294 
						298 299 300 300 301 298 302 303 304 304 305 302 306 307 291 291 290 306 308 309 310 310 311 308 312 313 307 307 306 312 314 315 21 21 20 314 316 317 318 318 319 316 320 321 322 322 323 320 324 325 317 317 316 324 326 327 328 328 329 326 330 331 325 325 324 330 159 158 332 332 333 159 43 42 331 331 330 43 334 335 336 336 337 334 338 339 315 315 314 338 340 341 342 342 343 340 333 332 344 344 345 333 346 347 348 348 349 346 105 104 350 350 351 105 352 353 354 354 355 352 356 357 358 358 359 356 360 361 353 353 352 360 362 363 339 339 338 362 364 365 361 361 360 364 366 367 87 87 86 366 368 369 365 365 364 368 370 371 372 372 373 370 71 70 374 374 375 71 349 348 376 376 377 349 345 344 378 378 379 345 380 381 382 382 383 380 351 350 384 384 385 351 
						386 387 388 388 389 386 390 391 392 392 393 390 394 395 367 367 366 394 396 397 391 391 390 396 398 399 400 400 401 398 402 403 404 404 405 402 406 407 408 408 409 406 410 411 403 403 402 410 385 384 412 412 413 385 414 415 411 411 410 414 416 417 418 418 419 416 97 96 415 415 414 97 393 392 420 420 421 393 359 358 387 387 386 359 422 423 395 395 394 422 424 425 426 426 427 424 401 400 45 45 44 401 428 429 430 430 431 428 413 412 432 432 433 413 434 435 429 429 428 434 436 437 423 423 422 436 438 439 440 440 441 438 442 443 444 444 445 442 446 447 439 439 438 446 448 449 450 450 451 448 452 453 447 447 446 452 445 444 454 454 455 445 301 300 453 453 452 301 456 457 371 371 370 456 431 430 458 458 459 431 460 461 462 462 463 460 292 299 298 298 293 292 
						464 465 466 466 467 464 40 377 376 376 41 40 468 469 470 470 471 468 68 421 420 420 69 68 472 473 474 474 475 472 94 459 458 458 95 94 476 8 11 11 477 476 478 479 480 480 481 478 482 483 484 484 485 482 486 487 488 488 489 486 490 491 492 492 493 490 494 495 496 496 497 494 498 499 500 500 501 498 502 503 504 504 505 502 506 507 508 508 509 506 510 511 512 512 513 510 514 515 516 516 517 514 286 476 477 477 287 286 518 519 520 520 521 518 290 522 523 523 306 290 524 525 519 519 518 524 306 523 526 526 312 306 527 528 529 529 530 527 319 531 532 532 316 319 533 534 528 528 527 533 316 532 535 535 324 316 536 537 534 534 533 536 324 535 538 538 330 324 539 540 537 537 536 539 330 538 541 541 43 330 542 543 544 544 545 542 349 546 547 547 346 349 
						548 549 550 550 551 548 355 552 553 553 352 355 554 555 549 549 548 554 352 553 556 556 360 352 557 558 555 555 554 557 360 556 559 559 364 360 560 561 558 558 557 560 364 559 562 562 368 364 563 564 565 565 566 563 375 567 568 568 71 375 569 570 571 571 572 569 393 573 574 574 390 393 575 576 570 570 569 575 390 574 577 577 396 390 578 579 580 580 581 578 405 582 583 583 402 405 584 585 579 579 578 584 402 583 586 586 410 402 587 588 585 585 584 587 410 586 589 589 414 410 590 591 588 588 587 590 414 589 592 592 97 414 593 594 595 595 596 593 431 597 598 598 428 431 599 600 594 594 593 599 428 598 601 601 434 428 602 603 604 604 605 602 441 606 607 607 438 441 608 609 603 603 602 608 438 607 610 610 446 438 611 612 609 609 608 611 446 610 613 613 452 446 
						614 615 612 612 611 614 452 613 616 616 301 452 617 479 478 478 618 617 298 481 480 480 293 298 619 513 512 512 620 619 40 511 510 510 377 40 621 505 504 504 622 621 68 503 502 502 421 68 623 493 492 492 624 623 94 491 490 490 459 94 521 520 479 479 617 521 618 478 615 615 614 618 301 616 481 481 298 301 293 480 522 522 290 293 459 490 597 597 431 459 596 595 493 493 623 596 97 592 491 491 94 97 625 626 591 591 590 625 421 502 573 573 393 421 572 571 505 505 621 572 71 568 503 503 68 71 622 504 564 564 563 622 377 510 546 546 349 377 545 544 513 513 619 545 43 541 511 511 40 43 620 512 540 540 539 620 521 627 628 628 518 521 121 629 630 630 10 121 518 628 631 631 524 518 127 632 629 629 121 127 530 633 634 634 527 530 130 635 636 636 131 130 
						527 634 637 637 533 527 137 638 635 635 130 137 533 637 639 639 536 533 141 640 638 638 137 141 536 639 641 641 539 536 147 642 640 640 141 147 545 643 644 644 542 545 168 645 646 646 169 168 551 647 648 648 548 551 176 649 650 650 177 176 548 648 651 651 554 548 183 652 649 649 176 183 554 651 653 653 557 554 189 654 652 652 183 189 557 653 655 655 560 557 195 656 654 654 189 195 566 657 658 658 563 566 200 659 660 660 201 200 572 661 662 662 569 572 218 663 664 664 219 218 569 662 665 665 575 569 225 666 663 663 218 225 581 667 668 668 578 581 230 669 670 670 231 230 578 668 671 671 584 578 237 672 669 669 230 237 584 671 673 673 587 584 243 674 672 672 237 243 587 673 675 675 590 587 247 676 674 674 243 247 596 677 678 678 593 596 259 679 680 680 2 259 
						593 678 681 681 599 593 265 682 679 679 259 265 605 683 684 684 602 605 272 685 686 686 273 272 602 684 687 687 608 602 277 688 685 685 272 277 608 687 689 689 611 608 283 690 688 688 277 283 611 689 691 691 614 611 287 692 690 690 283 287 618 461 460 460 617 618 11 463 462 462 477 11 209 465 464 464 161 209 620 467 466 466 619 620 253 469 468 468 211 253 622 471 470 470 621 622 3 473 472 472 255 3 624 475 474 474 623 624 477 462 692 692 287 477 10 630 463 463 11 10 2 680 473 473 3 2 255 472 676 676 247 255 219 664 469 469 253 219 211 468 659 659 200 211 169 646 465 465 209 169 161 464 642 642 147 161 617 460 627 627 521 617 614 691 461 461 618 614 623 474 677 677 596 623 590 675 693 693 625 590 621 470 661 661 572 621 563 658 471 471 622 563 
						619 466 643 643 545 619 539 641 467 467 620 539 694 695 696 696 697 694 698 694 697 697 699 698 700 698 699 699 701 700 702 700 701 701 703 702 704 705 706 706 707 704 708 704 707 707 709 708 710 711 712 712 713 710 714 715 716 716 717 714 718 714 717 717 719 718 720 718 719 719 721 720 722 720 721 721 723 722 724 725 726 726 727 724 728 724 727 727 729 728 730 731 732 732 733 730 734 735 736 736 737 734 738 739 740 740 741 738 742 738 741 741 743 742 744 742 743 743 745 744 746 744 745 745 747 746 748 749 750 750 751 748 752 753 754 754 755 752 756 757 758 758 759 756 760 756 759 759 761 760 762 760 761 761 763 762 764 762 763 763 765 764 766 767 768 768 769 766 770 766 769 769 771 770 772 770 771 771 773 772 774 775 776 776 777 774 778 779 780 780 781 778 
						782 783 775 775 774 782 784 785 783 783 782 784 786 787 788 788 789 786 790 791 787 787 786 790 792 793 791 791 790 792 794 795 793 793 792 794 757 796 797 797 758 757 798 799 795 795 794 798 800 748 751 751 801 800 802 803 753 753 752 802 804 805 806 806 807 804 808 809 805 805 804 808 810 811 809 809 808 810 812 813 811 811 810 812 814 815 816 816 817 814 735 818 819 819 736 735 820 821 815 815 814 820 822 728 729 729 823 822 824 825 731 731 730 824 826 827 825 825 824 826 828 829 830 830 831 828 832 833 829 829 828 832 834 835 833 833 832 834 836 837 835 835 834 836 715 838 839 839 716 715 840 841 837 837 836 840 842 708 709 709 843 842 844 845 711 711 710 844 846 847 845 845 844 846 848 849 850 850 851 848 852 853 849 849 848 852 854 855 853 853 852 854 
						781 780 855 855 854 781 695 856 857 857 696 695 858 859 860 860 861 858 862 863 91 91 90 862 93 92 864 864 865 93 37 36 866 866 867 37 455 454 868 868 869 455 107 106 870 870 871 107 872 873 109 109 108 872 874 875 157 157 156 874 876 877 878 878 879 876 880 881 863 863 862 880 882 883 884 884 885 882 865 864 886 886 887 865 888 889 890 890 891 888 871 870 892 892 893 871 894 895 873 873 872 894 896 897 898 898 899 896 113 112 900 900 901 113 902 903 904 904 905 902 906 907 908 908 909 906 910 911 309 309 308 910 912 913 914 914 915 912 916 917 918 918 919 916 920 921 99 99 98 920 922 923 924 924 925 922 926 927 928 928 929 926 329 328 930 930 931 329 932 933 934 934 935 932 936 937 938 938 939 936 940 941 921 921 920 940 942 943 944 944 945 942 
						925 924 946 946 947 925 915 914 948 948 949 915 931 930 950 950 951 931 952 953 933 933 932 952 954 955 903 903 902 954 956 957 958 958 959 956 960 961 962 962 963 960 947 946 964 964 965 947 966 967 895 895 894 966 968 969 970 970 971 968 972 973 953 953 952 972 887 886 974 974 975 887 976 977 957 957 956 976 965 964 978 978 979 965 971 970 980 980 981 971 982 983 973 973 972 982 984 985 977 977 976 984 986 987 937 937 936 986 981 980 988 988 989 981 929 928 990 990 991 929 85 84 985 985 984 85 919 918 992 992 993 919 989 988 335 335 334 989 994 995 907 907 906 994 996 997 65 65 64 996 998 999 1000 1000 1001 998 993 992 1002 1002 1003 993 343 342 1004 1004 1005 343 1006 1007 1008 1008 1009 1006 1010 1011 995 995 994 1010 1012 1013 997 997 996 1012 1014 1015 1016 1016 1017 1014 
						1005 1004 1018 1018 1019 1005 1020 1021 1022 1022 1023 1020 1024 1025 1026 1026 1027 1024 1017 1016 1028 1028 1029 1017 1030 1031 1032 1032 1033 1030 1034 1035 1021 1021 1020 1034 1036 1037 1025 1025 1024 1036 1029 1028 1038 1038 1039 1029 1033 1032 1040 1040 1041 1033 1042 1043 1035 1035 1034 1042 1044 1045 1037 1037 1036 1044 1046 1047 1048 1048 1049 1046 1039 1038 897 897 896 1039 1041 1040 457 457 456 1041 1050 1051 1052 1052 1053 1050 891 890 1043 1043 1042 891 55 54 1045 1045 1044 55 879 878 449 449 448 879 1054 1055 1056 1056 1057 1054 1058 1059 1060 1060 1061 1058 1062 1063 1064 1064 1065 1062 1066 1067 1068 1068 1069 1066 1070 1071 1072 1072 1073 1070 1074 1075 1076 1076 1077 1074 1078 1079 1080 1080 1081 1078 1082 1083 1075 1075 1074 1082 1084 1085 1086 1086 1087 1084 1088 1089 1090 1090 1091 1088 1092 1093 1094 1094 1095 1092 1087 1086 1083 1083 1082 1087 1096 1097 1098 1098 1099 1096 1100 1101 1102 1102 1103 1100 
						1104 1105 1097 1097 1096 1104 1106 506 509 509 1107 1106 1108 1109 1110 1110 1111 1108 1112 1113 1105 1105 1104 1112 1114 1115 1116 1116 1117 1114 1118 1119 1120 1120 1121 1118 1122 1123 1124 1124 1125 1122 1126 1127 1128 1128 1129 1126 1103 1102 1119 1119 1118 1103 1130 1116 1115 1115 1131 1130 1132 1133 1134 1134 1135 1132 1136 1137 1123 1123 1122 1136 1138 1088 1091 1091 1139 1138 1140 1141 1142 1142 1143 1140 1144 1145 1101 1101 1100 1144 1146 1147 1148 1148 1149 1146 1099 1098 1085 1085 1084 1099 1150 1151 1147 1147 1146 1150 1152 1130 1131 1131 1153 1152 1154 1155 1156 1156 1157 1154 1158 1159 1151 1151 1150 1158 1160 1161 1162 1162 1163 1160 1164 1165 1166 1166 1167 1164 1143 1168 1169 1169 1140 1143 1170 1171 1172 1172 1173 1170 501 500 1145 1145 1144 501 1174 1175 1176 1176 1177 1174 1178 1179 1175 1175 1174 1178 1180 1181 1179 1179 1178 1180 1141 1182 1183 1183 1142 1141 1184 1185 1186 1186 1187 1184 1188 1189 1165 1165 1164 1188 
						1167 1166 1190 1190 1191 1167 1192 1169 1168 1168 1193 1192 1194 1195 1189 1189 1188 1194 1196 1197 1195 1195 1194 1196 1198 1199 1197 1197 1196 1198 1129 1200 1201 1201 1126 1129 1202 1203 1204 1204 1205 1202 1200 1078 1081 1081 1201 1200 1173 1172 1206 1206 1207 1173 1208 1209 1171 1171 1170 1208 1210 1211 1209 1209 1208 1210 1212 1213 1214 1214 1215 1212 1216 1217 1213 1213 1212 1216 1109 1218 1219 1219 1110 1109 1220 1221 1222 1222 1223 1220 1224 1225 487 487 486 1224 489 488 1226 1226 1227 489 1228 1229 1230 1230 1231 1228 1232 1233 1225 1225 1224 1232 1234 1235 1233 1233 1232 1234 485 484 1235 1235 1234 485 1236 1237 1238 1238 1239 1236 1240 1241 1242 1242 1243 1240 1163 1162 1244 1244 1245 1163 1177 1176 1161 1161 1160 1177 1077 1076 1246 1246 1247 1077 1248 1249 1250 1250 1251 1248 1237 1252 1253 1253 1238 1237 1251 1250 1254 1254 1255 1251 1093 1256 1257 1257 1094 1093 1089 1192 1193 1193 1090 1089 1255 1254 1155 1155 1154 1255 
						1258 1259 1181 1181 1180 1258 1260 1261 1262 1262 1263 1260 1191 1190 1185 1185 1184 1191 1207 1206 1203 1203 1202 1207 1157 1156 1261 1261 1260 1157 1071 1264 1265 1265 1072 1071 507 1228 1231 1231 508 507 1266 1267 1268 1268 1269 1266 1269 1268 1270 1270 1271 1269 1272 1273 1199 1199 1198 1272 1117 1236 1239 1239 1114 1117 1271 1270 1274 1274 1275 1271 1133 1128 1127 1127 1134 1133 1256 1152 1153 1153 1257 1256 1275 1274 1276 1276 1277 1275 1111 1230 1229 1229 1108 1111 1278 1279 1280 1280 1281 1278 1182 1282 1283 1283 1183 1182 1284 1138 1139 1139 1285 1284 1281 1280 1286 1286 1287 1281 1223 1222 1217 1217 1216 1223 1264 1288 1289 1289 1265 1264 1290 1291 1159 1159 1158 1290 1227 1226 1292 1292 1293 1227 1125 1124 499 499 498 1125 1294 1295 1291 1291 1290 1294 1296 1070 1073 1073 1297 1296 1287 1286 1295 1295 1294 1287 1298 1106 1107 1107 1299 1298 1300 1237 1236 1236 1301 1300 1302 1300 1301 1301 1303 1302 1240 1302 1303 1303 1245 1240 
						1304 1252 1237 1237 1300 1304 1305 1304 1300 1300 1302 1305 1243 1305 1302 1302 1240 1243 1306 1106 1298 1298 1307 1306 1308 1306 1307 1307 1309 1308 485 1308 1309 1309 482 485 1310 506 1106 1106 1306 1310 1311 1310 1306 1306 1308 1311 1234 1311 1308 1308 485 1234 1312 507 506 506 1310 1312 1313 1312 1310 1310 1311 1313 1232 1313 1311 1311 1234 1232 1314 1228 507 507 1312 1314 1315 1314 1312 1312 1313 1315 1224 1315 1313 1313 1232 1224 1316 1218 1109 1109 1317 1316 1318 1316 1317 1317 1319 1318 1293 1318 1319 1319 1227 1293 1320 1070 1296 1296 1321 1320 1322 1320 1321 1321 1323 1322 1223 1322 1323 1323 1220 1223 1324 1071 1070 1070 1320 1324 1325 1324 1320 1320 1322 1325 1216 1325 1322 1322 1223 1216 1326 1264 1071 1071 1324 1326 1327 1326 1324 1324 1325 1327 1212 1327 1325 1325 1216 1212 1328 1288 1264 1264 1326 1328 1329 1328 1326 1326 1327 1329 1215 1329 1327 1327 1212 1215 1330 1133 1132 1132 1331 1330 1332 1330 1331 1331 1333 1332 
						1208 1332 1333 1333 1210 1208 1334 1078 1200 1200 1335 1334 1336 1334 1335 1335 1337 1336 1202 1336 1337 1337 1207 1202 1338 1079 1078 1078 1334 1338 1339 1338 1334 1334 1336 1339 1205 1339 1336 1336 1202 1205 1340 1138 1284 1284 1341 1340 1342 1340 1341 1341 1343 1342 1198 1342 1343 1343 1272 1198 1344 1088 1138 1138 1340 1344 1345 1344 1340 1340 1342 1345 1196 1345 1342 1342 1198 1196 1346 1089 1088 1088 1344 1346 1347 1346 1344 1344 1345 1347 1194 1347 1345 1345 1196 1194 1348 1192 1089 1089 1346 1348 1349 1348 1346 1346 1347 1349 1188 1349 1347 1347 1194 1188 1350 1182 1141 1141 1351 1350 1352 1350 1351 1351 1353 1352 1184 1352 1353 1353 1191 1184 1354 1282 1182 1182 1350 1354 1355 1354 1350 1350 1352 1355 1187 1355 1352 1352 1184 1187 1356 1093 1092 1092 1357 1356 1358 1356 1357 1357 1359 1358 1180 1358 1359 1359 1258 1180 1360 1256 1093 1093 1356 1360 1361 1360 1356 1356 1358 1361 1178 1361 1358 1358 1180 1178 1362 1152 1256 1256 1360 1362 
						1363 1362 1360 1360 1361 1363 1174 1363 1361 1361 1178 1174 1364 1130 1152 1152 1362 1364 1365 1364 1362 1362 1363 1365 1177 1365 1363 1363 1174 1177 1366 1117 1116 1116 1367 1366 1368 1366 1367 1367 1369 1368 1163 1368 1369 1369 1160 1163 1370 1108 1229 1229 1371 1370 1372 1370 1371 1371 1373 1372 489 1372 1373 1373 486 489 1374 1129 1128 1128 1375 1374 1376 1374 1375 1375 1377 1376 1173 1376 1377 1377 1170 1173 1378 1140 1169 1169 1379 1378 1380 1378 1379 1379 1381 1380 1167 1380 1381 1381 1164 1167 1365 1177 1160 1160 1369 1365 1364 1365 1369 1369 1367 1364 1130 1364 1367 1367 1116 1130 1368 1163 1245 1245 1303 1368 1366 1368 1303 1303 1301 1366 1117 1366 1301 1301 1236 1117 1380 1167 1191 1191 1353 1380 1378 1380 1353 1353 1351 1378 1140 1378 1351 1351 1141 1140 1349 1188 1164 1164 1381 1349 1348 1349 1381 1381 1379 1348 1192 1348 1379 1379 1169 1192 1376 1173 1207 1207 1337 1376 1374 1376 1337 1337 1335 1374 1129 1374 1335 1335 1200 1129 
						1332 1208 1170 1170 1377 1332 1330 1332 1377 1377 1375 1330 1133 1330 1375 1375 1128 1133 1372 489 1227 1227 1319 1372 1370 1372 1319 1319 1317 1370 1108 1370 1317 1317 1109 1108 1315 1224 486 486 1373 1315 1314 1315 1373 1373 1371 1314 1228 1314 1371 1371 1229 1228 1382 1230 1111 1111 1383 1382 1384 1382 1383 1383 1385 1384 1294 1384 1385 1385 1287 1294 1386 1127 1126 1126 1387 1386 1388 1386 1387 1387 1389 1388 1157 1388 1389 1389 1154 1157 1390 1168 1143 1143 1391 1390 1392 1390 1391 1391 1393 1392 1084 1392 1393 1393 1099 1084 1394 1115 1114 1114 1395 1394 1396 1394 1395 1395 1397 1396 501 1396 1397 1397 498 501 1396 501 1144 1144 1398 1396 1394 1396 1398 1398 1399 1394 1115 1394 1399 1399 1131 1115 1400 1100 1103 1103 1401 1400 1402 1400 1401 1401 1403 1402 1153 1402 1403 1403 1257 1153 1401 1103 1118 1118 1404 1401 1403 1401 1404 1404 1405 1403 1257 1403 1405 1405 1094 1257 1404 1118 1121 1121 1406 1404 1405 1404 1406 1406 1407 1405 
						1094 1405 1407 1407 1095 1094 1408 1112 1104 1104 1409 1408 1410 1408 1409 1409 1411 1410 1283 1410 1411 1411 1183 1283 1409 1104 1096 1096 1412 1409 1411 1409 1412 1412 1413 1411 1183 1411 1413 1413 1142 1183 1392 1084 1087 1087 1414 1392 1390 1392 1414 1414 1415 1390 1168 1390 1415 1415 1193 1168 1412 1096 1099 1099 1393 1412 1413 1412 1393 1393 1391 1413 1142 1413 1391 1391 1143 1142 1414 1087 1082 1082 1416 1414 1415 1414 1416 1416 1417 1415 1193 1415 1417 1417 1090 1193 1416 1082 1074 1074 1418 1416 1417 1416 1418 1418 1419 1417 1090 1417 1419 1419 1091 1090 1418 1074 1077 1077 1420 1418 1419 1418 1420 1420 1421 1419 1091 1419 1421 1421 1139 1091 1420 1077 1247 1247 1422 1420 1421 1420 1422 1422 1423 1421 1139 1421 1423 1423 1285 1139 1424 1248 1251 1251 1425 1424 1426 1424 1425 1425 1427 1426 1080 1426 1427 1427 1081 1080 1425 1251 1255 1255 1428 1425 1427 1425 1428 1428 1429 1427 1081 1427 1429 1429 1201 1081 1388 1157 1260 1260 1430 1388 
						1386 1388 1430 1430 1431 1386 1127 1386 1431 1431 1134 1127 1428 1255 1154 1154 1389 1428 1429 1428 1389 1389 1387 1429 1201 1429 1387 1387 1126 1201 1430 1260 1263 1263 1432 1430 1431 1430 1432 1432 1433 1431 1134 1431 1433 1433 1135 1134 1434 1266 1269 1269 1435 1434 1436 1434 1435 1435 1437 1436 1289 1436 1437 1437 1265 1289 1435 1269 1271 1271 1438 1435 1437 1435 1438 1438 1439 1437 1265 1437 1439 1439 1072 1265 1438 1271 1275 1275 1440 1438 1439 1438 1440 1440 1441 1439 1072 1439 1441 1441 1073 1072 1440 1275 1277 1277 1442 1440 1441 1440 1442 1442 1443 1441 1073 1441 1443 1443 1297 1073 1444 1278 1281 1281 1445 1444 1446 1444 1445 1445 1447 1446 1219 1446 1447 1447 1110 1219 1384 1294 1290 1290 1448 1384 1382 1384 1448 1448 1449 1382 1230 1382 1449 1449 1231 1230 1445 1281 1287 1287 1385 1445 1447 1445 1385 1385 1383 1447 1110 1447 1383 1383 1111 1110 1448 1290 1158 1158 1450 1448 1449 1448 1450 1450 1451 1449 1231 1449 1451 1451 508 1231 
						1450 1158 1150 1150 1452 1450 1451 1450 1452 1452 1453 1451 508 1451 1453 1453 509 508 1452 1150 1146 1146 1454 1452 1453 1452 1454 1454 1455 1453 509 1453 1455 1455 1107 509 1454 1146 1149 1149 1456 1454 1455 1454 1456 1456 1457 1455 1107 1455 1457 1457 1299 1107 1458 1136 1122 1122 1459 1458 1460 1458 1459 1459 1461 1460 1253 1460 1461 1461 1238 1253 1459 1122 1125 1125 1462 1459 1461 1459 1462 1462 1463 1461 1238 1461 1463 1463 1239 1238 1462 1125 498 498 1397 1462 1463 1462 1397 1397 1395 1463 1239 1463 1395 1395 1114 1239 1398 1144 1100 1100 1400 1398 1399 1398 1400 1400 1402 1399 1131 1399 1402 1402 1153 1131 1245 1244 1241 1241 1240 1245 1464 1465 1067 1067 1066 1464 1466 1467 1063 1063 1062 1466 1468 1469 1059 1059 1058 1468 1470 1471 1055 1055 1054 1470 1472 1068 1067 1067 1473 1472 1474 1475 1476 1476 1477 1474 1478 1474 1477 1477 1479 1478 1480 1478 1479 1479 1481 1480 1482 1483 1484 1484 1485 1482 1486 1482 1485 1485 1487 1486 
						1488 1064 1063 1063 1489 1488 1065 1486 1487 1487 1062 1065 1490 1488 1489 1489 1491 1490 1492 1490 1491 1491 1493 1492 1494 1492 1493 1493 1495 1494 1496 1494 1495 1495 1497 1496 1498 1499 1500 1500 1501 1498 1502 1498 1501 1501 1503 1502 1504 1060 1059 1059 1505 1504 1061 1502 1503 1503 1058 1061 1506 1504 1505 1505 1507 1506 1508 1509 1510 1510 1511 1508 1512 1508 1511 1511 1513 1512 1514 1512 1513 1513 1515 1514 1516 1514 1515 1515 1517 1516 1518 1519 1520 1520 1521 1518 1522 1056 1055 1055 1523 1522 1057 1518 1521 1521 1054 1057 1524 1522 1523 1523 1525 1524 1526 1524 1525 1525 1527 1526 1528 1526 1527 1527 1529 1528 1530 1528 1529 1529 1531 1530 1532 1533 1534 1534 1535 1532 1536 1532 1535 1535 1537 1536 1069 1536 1537 1537 1066 1069 1475 1472 1473 1473 1476 1475 241 240 1538 1538 1539 241 269 268 1540 1540 1541 269 1542 1543 1544 1544 1545 1542 17 1546 1547 1547 18 17 1473 1067 1465 1465 1548 1473 1477 1476 1549 1549 1550 1477 
						1479 1477 1550 1550 1551 1479 1481 1479 1551 1551 1552 1481 1485 1484 1553 1553 1554 1485 1487 1485 1554 1554 1555 1487 1489 1063 1467 1467 1556 1489 1062 1487 1555 1555 1466 1062 1491 1489 1556 1556 1557 1491 1493 1491 1557 1557 1558 1493 1495 1493 1558 1558 1559 1495 1497 1495 1559 1559 1560 1497 1501 1500 1561 1561 1562 1501 1503 1501 1562 1562 1563 1503 1505 1059 1469 1469 1564 1505 1058 1503 1563 1563 1468 1058 1507 1505 1564 1564 1565 1507 1511 1510 1566 1566 1567 1511 1513 1511 1567 1567 1568 1513 1515 1513 1568 1568 1569 1515 1517 1515 1569 1569 1570 1517 1521 1520 1571 1571 1572 1521 1523 1055 1471 1471 1573 1523 1054 1521 1572 1572 1470 1054 1525 1523 1573 1573 1574 1525 1527 1525 1574 1574 1575 1527 1529 1527 1575 1575 1576 1529 1531 1529 1576 1576 1577 1531 1535 1534 1578 1578 1579 1535 1537 1535 1579 1579 1580 1537 1066 1537 1580 1580 1464 1066 1476 1473 1548 1548 1549 1476 1581 1582 1583 1583 1584 1581 1585 1586 143 143 142 1585 
						1587 1588 117 117 116 1587 261 152 155 155 262 261 1589 1590 1588 1588 1587 1589 1591 1592 1593 1593 1594 1591 1595 232 235 235 1596 1595 1597 1598 1599 1599 1600 1597 1539 1538 1598 1598 1597 1539 1600 1599 1592 1592 1591 1600 1601 1602 239 239 238 1601 1603 1604 1602 1602 1601 1603 1605 1606 1607 1607 1608 1605 1609 1610 1606 1606 1605 1609 1611 184 187 187 1612 1611 1613 1614 1615 1615 1616 1613 1617 1618 221 221 220 1617 1616 1615 1610 1610 1609 1616 257 1619 1620 1620 256 257 1621 1622 1618 1618 1617 1621 1623 1624 1622 1622 1621 1623 1625 1626 1627 1627 1628 1625 288 132 135 135 289 288 1629 1630 1631 1631 1632 1629 249 248 1630 1630 1629 249 1632 1631 1626 1626 1625 1632 1633 1634 191 191 190 1633 1635 1636 1634 1634 1633 1635 1637 1638 1636 1636 1635 1637 1639 1640 1641 1641 1642 1639 1643 278 281 281 1644 1643 1584 1583 1640 1640 1639 1584 285 284 267 267 266 285 1645 1646 1647 1647 1648 1645 
						1649 1650 1651 1651 1652 1649 245 244 1653 1653 1654 245 1655 1656 1657 1657 1658 1655 1654 1653 1586 1586 1585 1654 1659 1660 1661 1661 1662 1659 215 234 233 233 212 215 119 118 1663 1663 1664 119 1652 1651 1660 1660 1659 1652 1619 1655 1658 1658 1620 1619 139 138 171 171 170 139 1665 1666 1667 1667 1668 1665 1669 1670 1666 1666 1665 1669 1671 1672 1673 1673 1674 1671 1668 1667 1650 1650 1649 1668 1675 1676 1670 1670 1669 1675 223 222 163 163 162 223 1677 1643 1644 1644 1678 1677 1679 1680 1676 1676 1675 1679 1681 1682 1680 1680 1679 1681 1683 1671 1674 1674 1684 1683 1664 1663 1685 1685 1686 1664 1687 1688 1689 1689 1690 1687 1648 1647 1688 1688 1687 1648 1691 1683 1684 1684 1692 1691 1693 1677 1678 1678 1694 1693 1695 1696 1697 1697 1698 1695 263 280 279 279 260 263 1699 1700 1696 1696 1695 1699 1701 1691 1692 1692 1702 1701 1703 1693 1694 1694 1704 1703 1698 1697 1646 1646 1645 1698 19 134 133 133 16 19 
						1705 1706 1707 1707 1708 1705 213 1709 1710 1710 214 213 1546 1711 1712 1712 1547 1546 1713 1714 1706 1706 1705 1713 1545 1544 1714 1714 1713 1545 250 1595 1596 1596 251 250 1715 1644 281 281 1716 1715 1717 1715 1716 1716 1718 1717 1581 1717 1718 1718 1686 1581 1719 1678 1644 1644 1715 1719 1720 1719 1715 1715 1717 1720 1584 1720 1717 1717 1581 1584 1721 1694 1678 1678 1719 1721 1722 1721 1719 1719 1720 1722 1639 1722 1720 1720 1584 1639 1723 1704 1694 1694 1721 1723 1724 1723 1721 1721 1722 1724 1642 1724 1722 1722 1639 1642 1725 1547 1712 1712 1726 1725 1727 1725 1726 1726 1728 1727 1635 1727 1728 1728 1637 1635 1729 18 1547 1547 1725 1729 1730 1729 1725 1725 1727 1730 1633 1730 1727 1727 1635 1633 1731 289 135 135 1732 1731 1733 1731 1732 1732 1734 1733 1629 1733 1734 1734 249 1629 1735 203 289 289 1731 1735 1736 1735 1731 1731 1733 1736 1632 1736 1733 1733 1629 1632 1737 150 203 203 1735 1737 1738 1737 1735 1735 1736 1738 
						1625 1738 1736 1736 1632 1625 1739 151 150 150 1737 1739 1740 1739 1737 1737 1738 1740 1628 1740 1738 1738 1625 1628 1741 1658 1657 1657 1742 1741 1743 1741 1742 1742 1744 1743 1621 1743 1744 1744 1623 1621 1745 1620 1658 1658 1741 1745 1746 1745 1741 1741 1743 1746 1617 1746 1743 1743 1621 1617 1747 1612 187 187 1748 1747 1749 1747 1748 1748 1750 1749 165 1749 1750 1750 162 165 1751 1674 1673 1673 1752 1751 1753 1751 1752 1752 1754 1753 1616 1753 1754 1754 1613 1616 1755 1684 1674 1674 1751 1755 1756 1755 1751 1751 1753 1756 1609 1756 1753 1753 1616 1609 1757 1692 1684 1684 1755 1757 1758 1757 1755 1755 1756 1758 1605 1758 1756 1756 1609 1605 1759 1702 1692 1692 1757 1759 1760 1759 1757 1757 1758 1760 1608 1760 1758 1758 1605 1608 1761 214 1710 1710 1762 1761 1763 1761 1762 1762 1764 1763 1601 1763 1764 1764 1603 1601 1765 1596 235 235 1766 1765 1767 1765 1766 1766 1768 1767 1597 1767 1768 1768 1539 1597 1769 251 1596 1596 1765 1769 
						1770 1769 1765 1765 1767 1770 1600 1770 1767 1767 1597 1600 1771 206 251 251 1769 1771 1772 1771 1769 1769 1770 1772 1591 1772 1770 1770 1600 1591 1773 207 206 206 1771 1773 1774 1773 1771 1771 1772 1774 1594 1774 1772 1772 1591 1594 1775 155 154 154 1776 1775 1777 1775 1776 1776 1778 1777 1587 1777 1778 1778 1589 1587 1779 262 155 155 1775 1779 1780 1779 1775 1775 1777 1780 116 1780 1777 1777 1587 116 1781 119 1664 1664 1782 1781 1783 1781 1782 1782 1784 1783 263 1783 1784 1784 280 263 1785 190 193 193 1786 1785 1787 1785 1786 1786 1788 1787 19 1787 1788 1788 134 19 1789 220 223 223 1790 1789 1791 1789 1790 1790 1792 1791 256 1791 1792 1792 186 256 1793 238 241 241 1794 1793 1795 1793 1794 1794 1796 1795 215 1795 1796 1796 234 215 1782 1664 1686 1686 1718 1782 1784 1782 1718 1718 1716 1784 280 1784 1716 1716 281 280 1783 263 262 262 1779 1783 1781 1783 1779 1779 1780 1781 119 1781 1780 1780 116 119 
						1766 235 234 234 1796 1766 1768 1766 1796 1796 1794 1768 1539 1768 1794 1794 241 1539 1795 215 214 214 1761 1795 1793 1795 1761 1761 1763 1793 238 1793 1763 1763 1601 238 1748 187 186 186 1792 1748 1750 1748 1792 1792 1790 1750 162 1750 1790 1790 223 162 1791 256 1620 1620 1745 1791 1789 1791 1745 1745 1746 1789 220 1789 1746 1746 1617 220 1732 135 134 134 1788 1732 1734 1732 1788 1788 1786 1734 249 1734 1786 1786 193 249 1787 19 18 18 1729 1787 1785 1787 1729 1729 1730 1785 190 1785 1730 1730 1633 190 1797 285 266 266 1798 1797 1799 1797 1798 1798 1800 1799 233 1799 1800 1800 212 233 1801 1698 1645 1645 1802 1801 1803 1801 1802 1802 1804 1803 185 1803 1804 1804 257 185 1805 1668 1649 1649 1806 1805 1807 1805 1806 1806 1808 1807 133 1807 1808 1808 16 133 1809 245 1654 1654 1810 1809 1811 1809 1810 1810 1812 1811 279 1811 1812 1812 260 279 1811 279 278 278 1813 1811 1809 1811 1813 1813 1814 1809 
						245 1809 1814 1814 173 245 1815 1643 1677 1677 1816 1815 1817 1815 1816 1816 1818 1817 170 1817 1818 1818 139 170 1816 1677 1693 1693 1819 1816 1818 1816 1819 1819 1820 1818 139 1818 1820 1820 125 139 1819 1693 1703 1703 1821 1819 1820 1819 1821 1821 1822 1820 125 1820 1822 1822 122 125 1823 1711 1546 1546 1824 1823 1825 1823 1824 1824 1826 1825 1662 1825 1826 1826 1659 1662 1824 1546 17 17 1827 1824 1826 1824 1827 1827 1828 1826 1659 1826 1828 1828 1652 1659 1807 133 132 132 1829 1807 1805 1807 1829 1829 1830 1805 1668 1805 1830 1830 1665 1668 1827 17 16 16 1808 1827 1828 1827 1808 1808 1806 1828 1652 1828 1806 1806 1649 1652 1829 132 288 288 1831 1829 1830 1829 1831 1831 1832 1830 1665 1830 1832 1832 1669 1665 1831 288 202 202 1833 1831 1832 1831 1833 1833 1834 1832 1669 1832 1834 1834 1675 1669 1833 202 149 149 1835 1833 1834 1833 1835 1835 1836 1834 1675 1834 1836 1836 1679 1675 1835 149 148 148 1837 1835 
						1836 1835 1837 1837 1838 1836 1679 1836 1838 1838 1681 1679 1839 1656 1655 1655 1840 1839 1841 1839 1840 1840 1842 1841 1690 1841 1842 1842 1687 1690 1840 1655 1619 1619 1843 1840 1842 1840 1843 1843 1844 1842 1687 1842 1844 1844 1648 1687 1803 185 184 184 1845 1803 1801 1803 1845 1845 1846 1801 1698 1801 1846 1846 1695 1698 1843 1619 257 257 1804 1843 1844 1843 1804 1804 1802 1844 1648 1844 1802 1802 1645 1648 1845 184 1611 1611 1847 1845 1846 1845 1847 1847 1848 1846 1695 1846 1848 1848 1699 1695 1849 1672 1671 1671 1850 1849 1851 1849 1850 1850 1852 1851 1708 1851 1852 1852 1705 1708 1850 1671 1683 1683 1853 1850 1852 1850 1853 1853 1854 1852 1705 1852 1854 1854 1713 1705 1853 1683 1691 1691 1855 1853 1854 1853 1855 1855 1856 1854 1713 1854 1856 1856 1545 1713 1855 1691 1701 1701 1857 1855 1856 1855 1857 1857 1858 1856 1545 1856 1858 1858 1542 1545 1859 1709 213 213 1860 1859 1861 1859 1860 1860 1862 1861 1541 1861 1862 1862 269 1541 
						1799 233 232 232 1863 1799 1797 1799 1863 1863 1864 1797 285 1797 1864 1864 275 285 1860 213 212 212 1800 1860 1862 1860 1800 1800 1798 1862 269 1862 1798 1798 266 269 1863 232 1595 1595 1865 1863 1864 1863 1865 1865 1866 1864 275 1864 1866 1866 227 275 1865 1595 250 250 1867 1865 1866 1865 1867 1867 1868 1866 227 1866 1868 1868 197 227 1867 250 205 205 1869 1867 1868 1867 1869 1869 1870 1868 197 1868 1870 1870 181 197 1869 205 204 204 1871 1869 1870 1869 1871 1871 1872 1870 181 1870 1872 1872 178 181 1873 153 152 152 1874 1873 1875 1873 1874 1874 1876 1875 145 1875 1876 1876 142 145 1874 152 261 261 1877 1874 1876 1874 1877 1877 1878 1876 142 1876 1878 1878 1585 142 1877 261 260 260 1812 1877 1878 1877 1812 1812 1810 1878 1585 1878 1810 1810 1654 1585 1813 278 1643 1643 1815 1813 1814 1813 1815 1815 1817 1814 173 1814 1817 1817 170 173 1686 1685 1582 1582 1581 1686 1879 1880 1881 1881 1882 1879 
						209 161 160 160 208 209 253 211 210 210 252 253 3 255 254 254 0 3 1883 1884 1885 1885 1886 1883 1887 1888 1889 1889 1890 1887 1891 1892 515 515 514 1891 1893 1894 1895 1895 1896 1893 497 496 1897 1897 1898 497 1899 1900 1894 1894 1893 1899 1901 1902 1900 1900 1899 1901 1903 1904 1905 1905 1906 1903 1907 1908 1892 1892 1891 1907 1909 1910 1911 1911 1912 1909 1913 1914 1915 1915 1916 1913 1917 1918 1910 1910 1909 1917 1919 1920 1921 1921 1922 1919 1923 1924 1925 1925 1926 1923 1927 1928 1918 1918 1917 1927 1929 1930 1924 1924 1923 1929 1931 1932 1933 1933 1934 1931 1896 1895 1908 1908 1907 1896 1935 1936 1884 1884 1883 1935 1937 1938 1939 1939 1940 1937 1941 1942 1943 1943 1944 1941 1945 1946 1947 1947 1948 1945 1949 1950 1942 1942 1941 1949 1951 1952 1950 1950 1949 1951 1882 1881 1953 1953 1954 1882 1955 1956 1880 1880 1879 1955 1957 1958 1959 1959 1960 1957 1961 1962 1963 1963 1964 1961 1965 1966 1920 1920 1919 1965 
						1967 1968 1966 1966 1965 1967 1969 1970 1971 1971 1972 1969 1973 1974 1970 1970 1969 1973 1975 1976 1974 1974 1973 1975 1964 1963 1977 1977 1978 1964 1979 1980 1904 1904 1903 1979 1981 1982 1980 1980 1979 1981 1983 1984 1982 1982 1981 1983 1890 1889 1985 1985 1986 1890 1898 1897 1987 1987 1988 1898 1989 1990 495 495 494 1989 1991 1992 1990 1990 1989 1991 1993 1994 1995 1995 1996 1993 1997 1998 1994 1994 1993 1997 1916 1915 1998 1998 1997 1916 1922 1921 1958 1958 1957 1922 1948 1947 1999 1999 2000 1948 517 516 2001 2001 2002 517 2002 2001 2003 2003 2004 2002 2005 2006 2007 2007 2008 2005 2008 2007 2009 2009 2010 2008 2010 2009 1936 1936 1935 2010 1886 1885 2011 2011 2012 1886 1940 1939 2013 2013 2014 1940 2015 2016 2017 2017 2018 2015 2018 2017 2019 2019 2020 2018 2020 2019 2021 2021 2022 2020 2022 2021 2023 2023 2024 2022 2025 2026 2027 2027 2028 2025 2028 2027 1938 1938 1937 2028 1926 1925 1946 1946 1945 1926 2000 1999 1928 1928 1927 2000 
						2014 2013 2029 2029 2030 2014 1988 1987 1888 1888 1887 1988 2030 2029 2031 2031 2032 2030 1944 1943 2033 2033 2034 1944 1978 1977 1976 1976 1975 1978 2032 2031 1932 1932 1931 2032 1960 1959 1956 1956 1955 1960 2035 2036 2037 2037 2038 2035 2039 2035 2038 2038 2040 2039 2034 2039 2040 2040 1944 2034 2038 2037 2041 2041 2042 2038 2040 2038 2042 2042 2043 2040 1944 2040 2043 2043 1941 1944 2042 2041 2044 2044 2045 2042 2043 2042 2045 2045 2046 2043 1941 2043 2046 2046 1949 1941 2045 2044 2047 2047 2048 2045 2046 2045 2048 2048 2049 2046 1949 2046 2049 2049 1951 1949 2050 2051 2052 2052 2053 2050 2054 2050 2053 2053 2055 2054 1954 2054 2055 2055 1882 1954 2053 2052 2056 2056 2057 2053 2055 2053 2057 2057 2058 2055 1882 2055 2058 2058 1879 1882 2059 2060 2061 2061 2062 2059 2063 2059 2062 2062 2064 2063 1957 2063 2064 2064 1922 1957 2062 2061 2065 2065 2066 2062 2064 2062 2066 2066 2067 2064 1922 2064 2067 2067 1919 1922 2066 2065 2068 2068 2069 2066 
						2067 2066 2069 2069 2070 2067 1919 2067 2070 2070 1965 1919 2069 2068 2071 2071 2072 2069 2070 2069 2072 2072 2073 2070 1965 2070 2073 2073 1967 1965 2074 2075 2076 2076 2077 2074 2078 2074 2077 2077 2079 2078 1972 2078 2079 2079 1969 1972 2077 2076 2080 2080 2081 2077 2079 2077 2081 2081 2082 2079 1969 2079 2082 2082 1973 1969 2083 2084 2085 2085 2086 2083 2087 2083 2086 2086 2088 2087 1964 2087 2088 2088 1961 1964 2089 2090 2091 2091 2092 2089 2093 2089 2092 2092 2094 2093 1906 2093 2094 2094 1903 1906 2092 2091 2095 2095 2096 2092 2094 2092 2096 2096 2097 2094 1903 2094 2097 2097 1979 1903 2096 2095 2098 2098 2099 2096 2097 2096 2099 2099 2100 2097 1979 2097 2100 2100 1981 1979 2099 2098 2101 2101 2102 2099 2100 2099 2102 2102 2103 2100 1981 2100 2103 2103 1983 1981 2104 2105 2106 2106 2107 2104 2108 2104 2107 2107 2109 2108 1986 2108 2109 2109 1890 1986 2110 2111 2112 2112 2113 2110 2114 2110 2113 2113 2115 2114 1898 2114 2115 2115 497 1898 
						2113 2112 2116 2116 2117 2113 2115 2113 2117 2117 2118 2115 497 2115 2118 2118 494 497 2117 2116 2119 2119 2120 2117 2118 2117 2120 2120 2121 2118 494 2118 2121 2121 1989 494 2120 2119 2122 2122 2123 2120 2121 2120 2123 2123 2124 2121 1989 2121 2124 2124 1991 1989 2125 2126 2127 2127 2128 2125 2129 2125 2128 2128 2130 2129 1996 2129 2130 2130 1993 1996 2128 2127 2131 2131 2132 2128 2130 2128 2132 2132 2133 2130 1993 2130 2133 2133 1997 1993 2134 1913 1916 1916 2135 2134 2136 2134 2135 2135 2137 2136 2138 2136 2137 2137 2139 2138 2140 1960 1955 1955 2141 2140 2142 2140 2141 2141 2143 2142 2144 2142 2143 2143 2145 2144 2146 1978 1975 1975 2147 2146 2148 2146 2147 2147 2149 2148 2150 2148 2149 2149 2151 2150 2152 1988 1887 1887 2153 2152 2154 2152 2153 2153 2155 2154 2156 2154 2155 2155 2157 2156 2039 2034 1913 1913 2134 2039 2035 2039 2134 2134 2136 2035 2036 2035 2136 2136 2138 2036 2132 2131 2139 2139 2137 2132 2133 2132 2137 2137 2135 2133 
						1997 2133 2135 2135 1916 1997 2057 2056 2145 2145 2143 2057 2058 2057 2143 2143 2141 2058 1879 2058 2141 2141 1955 1879 2142 2144 2060 2060 2059 2142 2140 2142 2059 2059 2063 2140 1960 2140 2063 2063 1957 1960 2081 2080 2151 2151 2149 2081 2082 2081 2149 2149 2147 2082 1973 2082 2147 2147 1975 1973 2148 2150 2084 2084 2083 2148 2146 2148 2083 2083 2087 2146 1978 2146 2087 2087 1964 1978 2107 2106 2157 2157 2155 2107 2109 2107 2155 2155 2153 2109 1890 2109 2153 2153 1887 1890 2154 2156 2111 2111 2110 2154 2152 2154 2110 2110 2114 2152 1988 2152 2114 2114 1898 1988 2158 1948 2000 2000 2159 2158 2160 2158 2159 2159 2161 2160 2138 2160 2161 2161 2036 2138 2162 2156 2157 2157 2163 2162 2164 2162 2163 2163 2165 2164 1940 2164 2165 2165 1937 1940 2166 2150 2151 2151 2167 2166 2168 2166 2167 2167 2169 2168 1883 2168 2169 2169 1935 1883 2170 2144 2145 2145 2171 2170 2172 2170 2171 2171 2173 2172 1907 2172 2173 2173 1896 1907 2174 1945 1948 1948 2158 2174 
						2175 2174 2158 2158 2160 2175 2139 2175 2160 2160 2138 2139 2159 2000 1927 1927 2176 2159 2161 2159 2176 2176 2177 2161 2036 2161 2177 2177 2037 2036 2176 1927 1917 1917 2178 2176 2177 2176 2178 2178 2179 2177 2037 2177 2179 2179 2041 2037 2178 1917 1909 1909 2180 2178 2179 2178 2180 2180 2181 2179 2041 2179 2181 2181 2044 2041 2180 1909 1912 1912 2182 2180 2181 2180 2182 2182 2183 2181 2044 2181 2183 2183 2047 2044 2184 1901 1899 1899 2185 2184 2186 2184 2185 2185 2187 2186 2051 2186 2187 2187 2052 2051 2185 1899 1893 1893 2188 2185 2187 2185 2188 2188 2189 2187 2052 2187 2189 2189 2056 2052 2172 1907 1891 1891 2190 2172 2170 2172 2190 2190 2191 2170 2144 2170 2191 2191 2060 2144 2192 2010 1935 1935 2169 2192 2193 2192 2169 2169 2167 2193 2080 2193 2167 2167 2151 2080 2190 1891 514 514 2194 2190 2191 2190 2194 2194 2195 2191 2060 2191 2195 2195 2061 2060 2194 514 517 517 2196 2194 2195 2194 2196 2196 2197 2195 2061 2195 2197 2197 2065 2061 
						2196 517 2002 2002 2198 2196 2197 2196 2198 2198 2199 2197 2065 2197 2199 2199 2068 2065 2198 2002 2004 2004 2200 2198 2199 2198 2200 2200 2201 2199 2068 2199 2201 2201 2071 2068 2202 2005 2008 2008 2203 2202 2204 2202 2203 2203 2205 2204 2075 2204 2205 2205 2076 2075 2203 2008 2010 2010 2192 2203 2205 2203 2192 2192 2193 2205 2076 2205 2193 2193 2080 2076 2168 1883 1886 1886 2206 2168 2166 2168 2206 2206 2207 2166 2150 2166 2207 2207 2084 2150 2208 2028 1937 1937 2165 2208 2209 2208 2165 2165 2163 2209 2106 2209 2163 2163 2157 2106 2206 1886 2012 2012 2210 2206 2207 2206 2210 2210 2211 2207 2084 2207 2211 2211 2085 2084 2212 2015 2018 2018 2213 2212 2214 2212 2213 2213 2215 2214 2090 2214 2215 2215 2091 2090 2213 2018 2020 2020 2216 2213 2215 2213 2216 2216 2217 2215 2091 2215 2217 2217 2095 2091 2216 2020 2022 2022 2218 2216 2217 2216 2218 2218 2219 2217 2095 2217 2219 2219 2098 2095 2218 2022 2024 2024 2220 2218 2219 2218 2220 2220 2221 2219 
						2098 2219 2221 2221 2101 2098 2222 2025 2028 2028 2208 2222 2223 2222 2208 2208 2209 2223 2105 2223 2209 2209 2106 2105 2164 1940 2014 2014 2224 2164 2162 2164 2224 2224 2225 2162 2156 2162 2225 2225 2111 2156 2224 2014 2030 2030 2226 2224 2225 2224 2226 2226 2227 2225 2111 2225 2227 2227 2112 2111 2226 2030 2032 2032 2228 2226 2227 2226 2228 2228 2229 2227 2112 2227 2229 2229 2116 2112 2228 2032 1931 1931 2230 2228 2229 2228 2230 2230 2231 2229 2116 2229 2231 2231 2119 2116 2230 1931 1934 1934 2232 2230 2231 2230 2232 2232 2233 2231 2119 2231 2233 2233 2122 2119 2234 1929 1923 1923 2235 2234 2236 2234 2235 2235 2237 2236 2126 2236 2237 2237 2127 2126 2235 1923 1926 1926 2238 2235 2237 2235 2238 2238 2239 2237 2127 2237 2239 2239 2131 2127 2188 1893 1896 1896 2173 2188 2189 2188 2173 2173 2171 2189 2056 2189 2171 2171 2145 2056 2238 1926 1945 1945 2174 2238 2239 2238 2174 2174 2175 2239 2131 2239 2175 2175 2139 2131 2034 2033 1914 1914 1913 2034 
						2240 2241 2242 2240 2243 2241 2240 2244 2243 2240 2245 2244 2240 2246 2245 2240 2247 2248 2240 2249 2247 2240 2250 2249 2240 2251 2250 2240 2252 2251 2240 2253 2252 2240 2254 2255 2240 2256 2254 2240 2257 2256 2240 2258 2257 2240 2259 2258 2240 2260 2259 2240 2261 2262 2240 2263 2261 2240 2264 2263 2240 2265 2264 2240 2266 2265 2240 2267 2266 2240 2268 2269 2240 2270 2271 2240 2272 2273 2240 2274 2275 2240 2269 2267 2240 2276 2268 2240 2262 2270 2240 2271 2260 2240 2255 2272 2240 2273 2253 2240 2248 2274 2240 2275 2246 2240 2242 2276 
					</p>
				</polylist>
			</mesh>
		</geometry>
	</library_geometries>
	<library_visual_scenes>
		<visual_scene id="RootNode" name="RootNode">
			<node id="Cylinder" name="Cylinder">
				<matrix>100.000000 0.000000 0.000000 0.000000 0.000000 -0.000016 100.000000 -0.076371 0.000000 -100.000000 -0.000016 0.000000 0.000000 0.000000 0.000000 1.000000</matrix>
				<instance_geometry url="#meshId0">
					<bind_material>
						<technique_common>
							<instance_material symbol="defaultMaterial" target="#T_smoke_alarm_1001" />
						</technique_common>
					</bind_material>
				</instance_geometry>
			</node>
		</visual_scene>
	</library_visual_scenes>
	<scene>
		<instance_visual_scene url="#RootNode" />
	</scene>
</COLLADA>
